application_id,decision_tree_prediction,decision_tree_admit_probability,random_forest_prediction,random_forest_admit_probability,gradient_boosting_prediction,gradient_boosting_admit_probability,selected_model,final_prediction,final_admit_probability
2,Admit,0.8301886792452832,Admit,0.7095410796350133,Admit,0.8194820319980917,Gradient Boosting,Admit,0.8194820319980917
4,Admit,1.0,Admit,0.7520200025578693,Admit,0.8389058015625945,Gradient Boosting,Admit,0.8389058015625945
5,Waitlist,0.4905660377358487,Waitlist,0.3379382290895518,Waitlist,0.31619002223396764,Gradient Boosting,Waitlist,0.31619002223396764
6,Waitlist,0.4905660377358487,Waitlist,0.41299485795201824,Admit,0.5078315636551399,Gradient Boosting,Admit,0.5078315636551399
8,Waitlist,0.4545454545454544,Waitlist,0.4112053874413154,Waitlist,0.43877183019276633,Gradient Boosting,Waitlist,0.43877183019276633
9,Waitlist,0.4905660377358487,Waitlist,0.4890138266447438,Waitlist,0.35801204215411214,Gradient Boosting,Waitlist,0.35801204215411214
10,Admit,0.6029411764705921,Waitlist,0.42844883004225665,Admit,0.5104376833647591,Gradient Boosting,Admit,0.5104376833647591
11,Admit,1.0,Waitlist,0.4494243347451958,Admit,0.678689395325706,Gradient Boosting,Admit,0.678689395325706
12,Admit,1.0,Waitlist,0.37634730031029096,Admit,0.6181633244525868,Gradient Boosting,Admit,0.6181633244525868
14,Admit,0.6029411764705921,Admit,0.700506172451015,Admit,0.5978766092205098,Gradient Boosting,Admit,0.5978766092205098
18,Admit,0.6029411764705921,Waitlist,0.4881248701510583,Admit,0.5113512485026968,Gradient Boosting,Admit,0.5113512485026968
19,Waitlist,0.027027027027027025,Waitlist,0.2881814790428148,Waitlist,0.14929971435362713,Gradient Boosting,Waitlist,0.14929971435362713
20,Waitlist,0.20588235294117635,Waitlist,0.48917509391277986,Waitlist,0.4205019347948299,Gradient Boosting,Waitlist,0.4205019347948299
22,Admit,1.0,Admit,0.7409577643263263,Admit,0.877456256502386,Gradient Boosting,Admit,0.877456256502386
24,Waitlist,0.37931034482758613,Admit,0.7155588669751289,Admit,0.6692746357123771,Gradient Boosting,Admit,0.6692746357123771
27,Waitlist,0.14285714285714282,Waitlist,0.22841065511322034,Waitlist,0.13518276300184973,Gradient Boosting,Waitlist,0.13518276300184973
28,Admit,0.6029411764705921,Admit,0.5968111730751865,Admit,0.6383109232253666,Gradient Boosting,Admit,0.6383109232253666
29,Waitlist,0.4905660377358487,Waitlist,0.4568249868181339,Admit,0.5171139297761191,Gradient Boosting,Admit,0.5171139297761191
31,Admit,1.0,Waitlist,0.29538768611451127,Waitlist,0.3055999114750297,Gradient Boosting,Waitlist,0.3055999114750297
32,Waitlist,0.13461538461538458,Waitlist,0.39214536013934287,Waitlist,0.3919680678377798,Gradient Boosting,Waitlist,0.3919680678377798
33,Admit,1.0,Admit,0.6960543303152714,Admit,0.5231065317020236,Gradient Boosting,Admit,0.5231065317020236
35,Waitlist,0.027027027027027025,Admit,0.5240249998963484,Waitlist,0.3899647407071055,Gradient Boosting,Waitlist,0.3899647407071055
36,Waitlist,0.20588235294117635,Waitlist,0.46896262194233296,Waitlist,0.35328874215349654,Gradient Boosting,Waitlist,0.35328874215349654
37,Admit,0.6029411764705921,Admit,0.6070805779493889,Admit,0.6947262260404004,Gradient Boosting,Admit,0.6947262260404004
38,Waitlist,0.4905660377358487,Waitlist,0.3907766128318514,Waitlist,0.2371818590720476,Gradient Boosting,Waitlist,0.2371818590720476
43,Admit,0.6029411764705921,Admit,0.6579587255130602,Admit,0.7281533881124772,Gradient Boosting,Admit,0.7281533881124772
45,Waitlist,0.0869565217391304,Waitlist,0.28947356933431506,Waitlist,0.23922371364266026,Gradient Boosting,Waitlist,0.23922371364266026
46,Admit,0.6029411764705921,Admit,0.5049689782392047,Waitlist,0.45365984491990174,Gradient Boosting,Waitlist,0.45365984491990174
47,Waitlist,0.13461538461538458,Waitlist,0.3414941631134177,Waitlist,0.31465806495905707,Gradient Boosting,Waitlist,0.31465806495905707
49,Waitlist,0.1627906976744185,Waitlist,0.35551120546541687,Waitlist,0.4337514022735136,Gradient Boosting,Waitlist,0.4337514022735136
50,Admit,0.8301886792452832,Admit,0.5861940949464629,Admit,0.576253466290961,Gradient Boosting,Admit,0.576253466290961
52,Waitlist,0.0869565217391304,Waitlist,0.3778704000189315,Waitlist,0.21256647384426447,Gradient Boosting,Waitlist,0.21256647384426447
53,Waitlist,0.027027027027027025,Waitlist,0.40902688929321473,Waitlist,0.27101979959278366,Gradient Boosting,Waitlist,0.27101979959278366
55,Admit,1.0,Waitlist,0.29236701397411174,Waitlist,0.34010133392225583,Gradient Boosting,Waitlist,0.34010133392225583
56,Admit,0.8301886792452832,Admit,0.6604188048316261,Admit,0.5128934266759065,Gradient Boosting,Admit,0.5128934266759065
57,Waitlist,0.4905660377358487,Waitlist,0.39710634436885967,Admit,0.5123729470316722,Gradient Boosting,Admit,0.5123729470316722
59,Waitlist,0.20588235294117635,Waitlist,0.4159112683303943,Admit,0.589895676853434,Gradient Boosting,Admit,0.589895676853434
60,Admit,0.6029411764705921,Admit,0.6921542949909814,Admit,0.5540453726529195,Gradient Boosting,Admit,0.5540453726529195
62,Waitlist,0.0869565217391304,Waitlist,0.29127176528109916,Waitlist,0.08694493064755641,Gradient Boosting,Waitlist,0.08694493064755641
64,Waitlist,0.0869565217391304,Waitlist,0.4055167131121027,Waitlist,0.2995939881091903,Gradient Boosting,Waitlist,0.2995939881091903
66,Waitlist,0.20588235294117635,Waitlist,0.49440916467871954,Waitlist,0.4716045792690789,Gradient Boosting,Waitlist,0.4716045792690789
67,Waitlist,0.4905660377358487,Waitlist,0.33388373917620146,Waitlist,0.40942935818596904,Gradient Boosting,Waitlist,0.40942935818596904
68,Admit,0.6029411764705921,Admit,0.7015584616779119,Admit,0.6626459280259915,Gradient Boosting,Admit,0.6626459280259915
69,Waitlist,0.4905660377358487,Waitlist,0.402110306566652,Waitlist,0.4352021989674009,Gradient Boosting,Waitlist,0.4352021989674009
71,Admit,0.6029411764705921,Waitlist,0.47039531213273506,Admit,0.576253466290961,Gradient Boosting,Admit,0.576253466290961
77,Waitlist,0.0869565217391304,Waitlist,0.2689468373502992,Waitlist,0.0683321487842321,Gradient Boosting,Waitlist,0.0683321487842321
78,Waitlist,0.4545454545454544,Waitlist,0.29947507357953385,Waitlist,0.15464086456696063,Gradient Boosting,Waitlist,0.15464086456696063
79,Waitlist,0.0869565217391304,Waitlist,0.3147923174148619,Waitlist,0.10821008004091376,Gradient Boosting,Waitlist,0.10821008004091376
81,Admit,1.0,Waitlist,0.32086555407482276,Waitlist,0.4122157710058089,Gradient Boosting,Waitlist,0.4122157710058089
82,Waitlist,0.23404255319148923,Admit,0.5258907387742362,Waitlist,0.40396364984958727,Gradient Boosting,Waitlist,0.40396364984958727
83,Waitlist,0.4905660377358487,Waitlist,0.3456306166563878,Waitlist,0.4196241114667859,Gradient Boosting,Waitlist,0.4196241114667859
85,Waitlist,0.4905660377358487,Waitlist,0.28905732999799255,Waitlist,0.19245194526966736,Gradient Boosting,Waitlist,0.19245194526966736
86,Waitlist,0.0869565217391304,Waitlist,0.45414466792670916,Waitlist,0.19119322679800532,Gradient Boosting,Waitlist,0.19119322679800532
87,Admit,0.6351351351351351,Admit,0.5055759446265462,Waitlist,0.39635634113867935,Gradient Boosting,Waitlist,0.39635634113867935
89,Waitlist,0.0869565217391304,Waitlist,0.27118008804911836,Waitlist,0.2503257108304191,Gradient Boosting,Waitlist,0.2503257108304191
90,Waitlist,0.4905660377358487,Waitlist,0.39710634436885967,Admit,0.5123729470316722,Gradient Boosting,Admit,0.5123729470316722
91,Waitlist,0.3571428571428568,Waitlist,0.4314959814982762,Waitlist,0.4891019586382807,Gradient Boosting,Waitlist,0.4891019586382807
92,Admit,1.0,Waitlist,0.28885812803348004,Waitlist,0.2774967775952239,Gradient Boosting,Waitlist,0.2774967775952239
93,Waitlist,0.1627906976744185,Waitlist,0.3175251335714618,Waitlist,0.3663187390524612,Gradient Boosting,Waitlist,0.3663187390524612
97,Waitlist,0.0869565217391304,Waitlist,0.291795586741775,Waitlist,0.15424960251506362,Gradient Boosting,Waitlist,0.15424960251506362
98,Admit,0.6029411764705921,Admit,0.5716129942984723,Admit,0.6692166542071792,Gradient Boosting,Admit,0.6692166542071792
99,Waitlist,0.13461538461538458,Waitlist,0.2919862155460925,Waitlist,0.1827736499428767,Gradient Boosting,Waitlist,0.1827736499428767
101,Waitlist,0.0869565217391304,Waitlist,0.4588151720060198,Waitlist,0.2931818712351566,Gradient Boosting,Waitlist,0.2931818712351566
102,Waitlist,0.13461538461538458,Waitlist,0.3555121188882978,Waitlist,0.2934432942368096,Gradient Boosting,Waitlist,0.2934432942368096
103,Admit,1.0,Admit,0.7366837908838395,Admit,0.9113332758426644,Gradient Boosting,Admit,0.9113332758426644
106,Waitlist,0.4905660377358487,Waitlist,0.4349288772600574,Admit,0.5393182808348022,Gradient Boosting,Admit,0.5393182808348022
107,Waitlist,0.23404255319148923,Admit,0.537787165769087,Waitlist,0.31513654127598545,Gradient Boosting,Waitlist,0.31513654127598545
108,Waitlist,0.4905660377358487,Waitlist,0.32407049580663627,Waitlist,0.2743136927629791,Gradient Boosting,Waitlist,0.2743136927629791
109,Waitlist,0.4905660377358487,Waitlist,0.37887556799013317,Waitlist,0.31619002223396764,Gradient Boosting,Waitlist,0.31619002223396764
110,Waitlist,0.13461538461538458,Waitlist,0.3018229842763522,Waitlist,0.17708221850849978,Gradient Boosting,Waitlist,0.17708221850849978
111,Waitlist,0.3571428571428568,Admit,0.5912794998337199,Waitlist,0.40222252636060607,Gradient Boosting,Waitlist,0.40222252636060607
112,Waitlist,0.0869565217391304,Waitlist,0.32915039795790124,Waitlist,0.18160902965947207,Gradient Boosting,Waitlist,0.18160902965947207
113,Waitlist,0.0869565217391304,Waitlist,0.3099395521026684,Waitlist,0.15810829217868086,Gradient Boosting,Waitlist,0.15810829217868086
116,Admit,0.6351351351351351,Waitlist,0.4819789543325025,Waitlist,0.36836289670071787,Gradient Boosting,Waitlist,0.36836289670071787
118,Waitlist,0.13461538461538458,Waitlist,0.3148198110989288,Waitlist,0.17303210210043327,Gradient Boosting,Waitlist,0.17303210210043327
121,Waitlist,0.4905660377358487,Waitlist,0.46147930704356005,Waitlist,0.32245429390103997,Gradient Boosting,Waitlist,0.32245429390103997
123,Waitlist,0.4545454545454544,Waitlist,0.42256979230183356,Waitlist,0.252967644464764,Gradient Boosting,Waitlist,0.252967644464764
124,Waitlist,0.13461538461538458,Waitlist,0.48401813354846457,Waitlist,0.47741898346715067,Gradient Boosting,Waitlist,0.47741898346715067
125,Waitlist,0.14285714285714282,Waitlist,0.4235433393226776,Waitlist,0.3301961163801448,Gradient Boosting,Waitlist,0.3301961163801448
126,Waitlist,0.37931034482758613,Admit,0.7636884002873214,Admit,0.761463045650498,Gradient Boosting,Admit,0.761463045650498
127,Admit,0.6029411764705921,Admit,0.693168374101739,Admit,0.7281533881124772,Gradient Boosting,Admit,0.7281533881124772
128,Admit,1.0,Admit,0.7204762922194581,Admit,0.8689800388391941,Gradient Boosting,Admit,0.8689800388391941
129,Admit,1.0,Admit,0.7418671394499502,Admit,0.6911873293901466,Gradient Boosting,Admit,0.6911873293901466
132,Waitlist,0.0869565217391304,Waitlist,0.29358897593233824,Waitlist,0.1300926355458576,Gradient Boosting,Waitlist,0.1300926355458576
133,Waitlist,0.20588235294117635,Admit,0.5051711861173345,Waitlist,0.43699978903086895,Gradient Boosting,Waitlist,0.43699978903086895
134,Waitlist,0.23404255319148923,Admit,0.5072369076726296,Waitlist,0.4361893574789776,Gradient Boosting,Waitlist,0.4361893574789776
136,Waitlist,0.0869565217391304,Waitlist,0.3448481171569135,Waitlist,0.37297847139762536,Gradient Boosting,Waitlist,0.37297847139762536
137,Admit,0.6351351351351351,Admit,0.5125764977470119,Waitlist,0.4467869868839265,Gradient Boosting,Waitlist,0.4467869868839265
138,Waitlist,0.20588235294117635,Admit,0.5459193340862046,Waitlist,0.47172457376893173,Gradient Boosting,Waitlist,0.47172457376893173
140,Waitlist,0.4905660377358487,Waitlist,0.40553998446504785,Waitlist,0.4000251733541237,Gradient Boosting,Waitlist,0.4000251733541237
141,Waitlist,0.4905660377358487,Waitlist,0.3122514380457101,Waitlist,0.38764212461697745,Gradient Boosting,Waitlist,0.38764212461697745
142,Waitlist,0.4905660377358487,Waitlist,0.34697748187622535,Waitlist,0.3065886355100647,Gradient Boosting,Waitlist,0.3065886355100647
144,Waitlist,0.4905660377358487,Waitlist,0.3258552795577318,Waitlist,0.2774602590543534,Gradient Boosting,Waitlist,0.2774602590543534
145,Admit,1.0,Waitlist,0.49621704616194706,Admit,0.8466088035264179,Gradient Boosting,Admit,0.8466088035264179
146,Waitlist,0.13461538461538458,Admit,0.5290091183856752,Admit,0.7047260902524871,Gradient Boosting,Admit,0.7047260902524871
147,Admit,0.6351351351351351,Admit,0.6033703710618492,Admit,0.7027044247558791,Gradient Boosting,Admit,0.7027044247558791
148,Waitlist,0.4905660377358487,Waitlist,0.3857072505772363,Waitlist,0.33652520996181046,Gradient Boosting,Waitlist,0.33652520996181046
149,Admit,0.6351351351351351,Admit,0.5020626814479351,Waitlist,0.45226470697826443,Gradient Boosting,Waitlist,0.45226470697826443
150,Waitlist,0.0869565217391304,Waitlist,0.3619621774906212,Waitlist,0.2953523026335689,Gradient Boosting,Waitlist,0.2953523026335689
152,Waitlist,0.13461538461538458,Waitlist,0.3246239438921126,Waitlist,0.3567782996506454,Gradient Boosting,Waitlist,0.3567782996506454
156,Waitlist,0.4905660377358487,Waitlist,0.30851174613204824,Waitlist,0.24842648102202758,Gradient Boosting,Waitlist,0.24842648102202758
157,Waitlist,0.14285714285714282,Waitlist,0.33900849878377515,Waitlist,0.1573511390554368,Gradient Boosting,Waitlist,0.1573511390554368
159,Waitlist,0.4905660377358487,Waitlist,0.2906170033597718,Waitlist,0.2539268631990913,Gradient Boosting,Waitlist,0.2539268631990913
160,Admit,0.625,Admit,0.569613069460678,Admit,0.6364226253057168,Gradient Boosting,Admit,0.6364226253057168
161,Waitlist,0.027027027027027025,Waitlist,0.4008067428062849,Waitlist,0.22527746897610798,Gradient Boosting,Waitlist,0.22527746897610798
163,Admit,0.6029411764705921,Admit,0.6091222224386109,Waitlist,0.4698384809289842,Gradient Boosting,Waitlist,0.4698384809289842
164,Admit,1.0,Waitlist,0.3000918170073412,Waitlist,0.347560748925671,Gradient Boosting,Waitlist,0.347560748925671
165,Waitlist,0.0869565217391304,Waitlist,0.40044838320568527,Waitlist,0.18391807389730627,Gradient Boosting,Waitlist,0.18391807389730627
172,Admit,1.0,Waitlist,0.35070524465554603,Admit,0.5088967483328459,Gradient Boosting,Admit,0.5088967483328459
173,Waitlist,0.0869565217391304,Waitlist,0.3882207138976695,Waitlist,0.16459955328796075,Gradient Boosting,Waitlist,0.16459955328796075
174,Waitlist,0.13461538461538458,Waitlist,0.2964463575703235,Waitlist,0.22954901663470187,Gradient Boosting,Waitlist,0.22954901663470187
176,Admit,1.0,Waitlist,0.3501887044733418,Admit,0.6463606177983826,Gradient Boosting,Admit,0.6463606177983826
178,Waitlist,0.0869565217391304,Waitlist,0.3735607358607398,Waitlist,0.13665923079541692,Gradient Boosting,Waitlist,0.13665923079541692
179,Admit,0.8301886792452832,Waitlist,0.45311455827261227,Admit,0.5157964550728733,Gradient Boosting,Admit,0.5157964550728733
180,Waitlist,0.20588235294117635,Waitlist,0.48910715909462793,Waitlist,0.3837235932376128,Gradient Boosting,Waitlist,0.3837235932376128
181,Admit,0.6029411764705921,Admit,0.6036994387987299,Admit,0.6221499851978847,Gradient Boosting,Admit,0.6221499851978847
182,Waitlist,0.4905660377358487,Waitlist,0.4196649950883763,Waitlist,0.31917082969907323,Gradient Boosting,Waitlist,0.31917082969907323
184,Waitlist,0.20588235294117635,Waitlist,0.4816787403935197,Waitlist,0.48738252000042154,Gradient Boosting,Waitlist,0.48738252000042154
185,Waitlist,0.20588235294117635,Admit,0.5081505302288043,Admit,0.6983750011741596,Gradient Boosting,Admit,0.6983750011741596
187,Waitlist,0.20588235294117635,Admit,0.5007030627208771,Admit,0.7260937182655594,Gradient Boosting,Admit,0.7260937182655594
188,Admit,0.6029411764705921,Admit,0.5766255206333235,Admit,0.5268796760474441,Gradient Boosting,Admit,0.5268796760474441
189,Admit,0.625,Admit,0.6603452015815299,Admit,0.7456144772182884,Gradient Boosting,Admit,0.7456144772182884
190,Waitlist,0.4545454545454544,Waitlist,0.345132890564753,Waitlist,0.2503257108304191,Gradient Boosting,Waitlist,0.2503257108304191
192,Waitlist,0.37931034482758613,Admit,0.8099830917261609,Admit,0.9288521735997335,Gradient Boosting,Admit,0.9288521735997335
193,Waitlist,0.4905660377358487,Waitlist,0.42893189166228296,Waitlist,0.2014616249088159,Gradient Boosting,Waitlist,0.2014616249088159
194,Waitlist,0.23404255319148923,Waitlist,0.37354542515945827,Waitlist,0.3444621445320808,Gradient Boosting,Waitlist,0.3444621445320808
197,Waitlist,0.13461538461538458,Waitlist,0.42765644588187657,Waitlist,0.341720257697856,Gradient Boosting,Waitlist,0.341720257697856
198,Waitlist,0.4905660377358487,Waitlist,0.3255828231309587,Waitlist,0.21052507733083045,Gradient Boosting,Waitlist,0.21052507733083045
201,Admit,1.0,Admit,0.8066390606206755,Admit,0.8585860199017213,Gradient Boosting,Admit,0.8585860199017213
202,Waitlist,0.0869565217391304,Waitlist,0.246918698789458,Waitlist,0.0958837027709783,Gradient Boosting,Waitlist,0.0958837027709783
203,Waitlist,0.13461538461538458,Waitlist,0.34196848082796055,Waitlist,0.4496269531535269,Gradient Boosting,Waitlist,0.4496269531535269
204,Admit,1.0,Waitlist,0.299244151348834,Waitlist,0.3241619164755614,Gradient Boosting,Waitlist,0.3241619164755614
205,Waitlist,0.4545454545454544,Waitlist,0.395714204071593,Waitlist,0.2096450160198719,Gradient Boosting,Waitlist,0.2096450160198719
206,Admit,1.0,Waitlist,0.3639795718419439,Admit,0.7351902101991746,Gradient Boosting,Admit,0.7351902101991746
211,Waitlist,0.4545454545454544,Waitlist,0.3795484315092809,Waitlist,0.15052563592912283,Gradient Boosting,Waitlist,0.15052563592912283
213,Waitlist,0.13461538461538458,Waitlist,0.3643498777414246,Waitlist,0.3075742524314131,Gradient Boosting,Waitlist,0.3075742524314131
215,Waitlist,0.13461538461538458,Waitlist,0.4952236879789604,Waitlist,0.4325638687469865,Gradient Boosting,Waitlist,0.4325638687469865
216,Waitlist,0.4905660377358487,Waitlist,0.3454610609005936,Waitlist,0.28787892154734573,Gradient Boosting,Waitlist,0.28787892154734573
217,Admit,0.6351351351351351,Admit,0.5818388333976433,Waitlist,0.4410731400917968,Gradient Boosting,Waitlist,0.4410731400917968
219,Waitlist,0.1627906976744185,Waitlist,0.3613863676827347,Waitlist,0.3455816666370117,Gradient Boosting,Waitlist,0.3455816666370117
220,Waitlist,0.0869565217391304,Waitlist,0.3728550573877231,Waitlist,0.28813837878189086,Gradient Boosting,Waitlist,0.28813837878189086
221,Waitlist,0.23404255319148923,Waitlist,0.4050865572109325,Waitlist,0.36856959285747165,Gradient Boosting,Waitlist,0.36856959285747165
222,Admit,1.0,Admit,0.5719744309400134,Admit,0.7145634759684021,Gradient Boosting,Admit,0.7145634759684021
223,Admit,1.0,Admit,0.677117320123379,Admit,0.70555990475634,Gradient Boosting,Admit,0.70555990475634
226,Admit,1.0,Waitlist,0.2804027194117259,Admit,0.5115235766215434,Gradient Boosting,Admit,0.5115235766215434
227,Waitlist,0.0869565217391304,Waitlist,0.2554417958241855,Waitlist,0.16627251109188582,Gradient Boosting,Waitlist,0.16627251109188582
228,Waitlist,0.0869565217391304,Waitlist,0.30127247364164467,Waitlist,0.16758174203101506,Gradient Boosting,Waitlist,0.16758174203101506
229,Waitlist,0.4545454545454544,Waitlist,0.49104223295594257,Waitlist,0.302205742083582,Gradient Boosting,Waitlist,0.302205742083582
230,Waitlist,0.0869565217391304,Waitlist,0.2937777998553487,Waitlist,0.1961649929325007,Gradient Boosting,Waitlist,0.1961649929325007
231,Admit,1.0,Admit,0.5124458050186305,Admit,0.8523784662467832,Gradient Boosting,Admit,0.8523784662467832
232,Waitlist,0.4905660377358487,Waitlist,0.48898367344056143,Waitlist,0.4165945164812285,Gradient Boosting,Waitlist,0.4165945164812285
233,Admit,1.0,Admit,0.7485203552257842,Admit,0.7660856942674612,Gradient Boosting,Admit,0.7660856942674612
235,Admit,0.8301886792452832,Admit,0.5170571676160043,Waitlist,0.4451418537522177,Gradient Boosting,Waitlist,0.4451418537522177
236,Admit,1.0,Waitlist,0.31444227442774014,Waitlist,0.23533030760282586,Gradient Boosting,Waitlist,0.23533030760282586
237,Admit,0.6029411764705921,Admit,0.7240507196486354,Admit,0.6714472498179357,Gradient Boosting,Admit,0.6714472498179357
238,Admit,0.6029411764705921,Admit,0.753296853809504,Admit,0.6545481988240943,Gradient Boosting,Admit,0.6545481988240943
239,Admit,0.6351351351351351,Admit,0.5998309389417865,Waitlist,0.47172457376893173,Gradient Boosting,Waitlist,0.47172457376893173
240,Admit,0.8301886792452832,Admit,0.5387491373958575,Waitlist,0.4992292483962988,Gradient Boosting,Waitlist,0.4992292483962988
243,Waitlist,0.13461538461538458,Waitlist,0.4383200620964395,Admit,0.68352518470704,Gradient Boosting,Admit,0.68352518470704
244,Waitlist,0.4905660377358487,Waitlist,0.4503796688827791,Admit,0.5393182808348022,Gradient Boosting,Admit,0.5393182808348022
245,Waitlist,0.0869565217391304,Waitlist,0.33868598611827866,Waitlist,0.16142647504811738,Gradient Boosting,Waitlist,0.16142647504811738
247,Waitlist,0.14285714285714282,Waitlist,0.24886501532790475,Waitlist,0.17291931843535452,Gradient Boosting,Waitlist,0.17291931843535452
248,Waitlist,0.027027027027027025,Waitlist,0.2885955000502458,Waitlist,0.22388457867643297,Gradient Boosting,Waitlist,0.22388457867643297
249,Admit,1.0,Admit,0.6109597885851343,Admit,0.6941689373422305,Gradient Boosting,Admit,0.6941689373422305
250,Waitlist,0.4905660377358487,Admit,0.5103232705477756,Waitlist,0.43179251788937245,Gradient Boosting,Waitlist,0.43179251788937245
251,Admit,0.6351351351351351,Admit,0.5102656556909887,Waitlist,0.45226470697826443,Gradient Boosting,Waitlist,0.45226470697826443
252,Admit,0.6029411764705921,Admit,0.6410586818372318,Admit,0.5811889243583093,Gradient Boosting,Admit,0.5811889243583093
253,Waitlist,0.13461538461538458,Waitlist,0.3877346380715586,Waitlist,0.29576489623390906,Gradient Boosting,Waitlist,0.29576489623390906
255,Waitlist,0.4905660377358487,Waitlist,0.35840086411337596,Waitlist,0.23117026879640906,Gradient Boosting,Waitlist,0.23117026879640906
256,Admit,0.6029411764705921,Admit,0.6571343345251921,Admit,0.614670298630164,Gradient Boosting,Admit,0.614670298630164
257,Admit,0.6029411764705921,Admit,0.678890475178091,Admit,0.7658674684410447,Gradient Boosting,Admit,0.7658674684410447
258,Waitlist,0.4545454545454544,Waitlist,0.39713506503656676,Waitlist,0.18965121420168093,Gradient Boosting,Waitlist,0.18965121420168093
259,Waitlist,0.1627906976744185,Waitlist,0.4340340610394847,Waitlist,0.21778964508345974,Gradient Boosting,Waitlist,0.21778964508345974
260,Waitlist,0.0869565217391304,Waitlist,0.35018110634323246,Waitlist,0.19673887771796836,Gradient Boosting,Waitlist,0.19673887771796836
261,Admit,0.6029411764705921,Admit,0.7338892302526804,Admit,0.6459669246024679,Gradient Boosting,Admit,0.6459669246024679
262,Waitlist,0.4905660377358487,Waitlist,0.3650865415305367,Waitlist,0.1890996573981515,Gradient Boosting,Waitlist,0.1890996573981515
263,Waitlist,0.027027027027027025,Waitlist,0.4612277594737053,Waitlist,0.4828669097076094,Gradient Boosting,Waitlist,0.4828669097076094
264,Waitlist,0.13461538461538458,Waitlist,0.27278373247546567,Waitlist,0.19773905602141661,Gradient Boosting,Waitlist,0.19773905602141661
265,Admit,1.0,Waitlist,0.41295543057995787,Admit,0.6451979620013099,Gradient Boosting,Admit,0.6451979620013099
266,Waitlist,0.13461538461538458,Waitlist,0.4114251985122813,Waitlist,0.33187764699204925,Gradient Boosting,Waitlist,0.33187764699204925
267,Waitlist,0.4905660377358487,Waitlist,0.31370619325314236,Waitlist,0.28787892154734573,Gradient Boosting,Waitlist,0.28787892154734573
268,Admit,1.0,Waitlist,0.37591224791063593,Admit,0.6014156268072142,Gradient Boosting,Admit,0.6014156268072142
269,Admit,0.5909090909090908,Waitlist,0.4891379534186398,Waitlist,0.43518689715672326,Gradient Boosting,Waitlist,0.43518689715672326
272,Admit,0.8301886792452832,Admit,0.7611287981261147,Admit,0.7329170492477076,Gradient Boosting,Admit,0.7329170492477076
274,Waitlist,0.0869565217391304,Waitlist,0.37813433087627085,Waitlist,0.24278846921467018,Gradient Boosting,Waitlist,0.24278846921467018
275,Waitlist,0.14285714285714282,Waitlist,0.4562269426643974,Waitlist,0.3627859778657145,Gradient Boosting,Waitlist,0.3627859778657145
277,Admit,0.6029411764705921,Admit,0.7625927551272624,Admit,0.7431603755133415,Gradient Boosting,Admit,0.7431603755133415
278,Waitlist,0.4905660377358487,Waitlist,0.4769124625576967,Waitlist,0.27473501173954423,Gradient Boosting,Waitlist,0.27473501173954423
279,Waitlist,0.3571428571428568,Admit,0.5799684588119308,Admit,0.5215688533022167,Gradient Boosting,Admit,0.5215688533022167
280,Admit,1.0,Waitlist,0.4382553557835266,Admit,0.6716207703668906,Gradient Boosting,Admit,0.6716207703668906
281,Admit,1.0,Waitlist,0.4772344642312119,Admit,0.7037632075096576,Gradient Boosting,Admit,0.7037632075096576
282,Waitlist,0.027027027027027025,Admit,0.5979273423828555,Admit,0.5187369940444766,Gradient Boosting,Admit,0.5187369940444766
285,Waitlist,0.0869565217391304,Waitlist,0.2924979369160388,Waitlist,0.09442552437790301,Gradient Boosting,Waitlist,0.09442552437790301
288,Waitlist,0.4905660377358487,Waitlist,0.4533855544055382,Waitlist,0.3443045268741015,Gradient Boosting,Waitlist,0.3443045268741015
290,Waitlist,0.4905660377358487,Waitlist,0.3915113892759299,Waitlist,0.2835115926885561,Gradient Boosting,Waitlist,0.2835115926885561
291,Waitlist,0.0869565217391304,Waitlist,0.4150600391175831,Waitlist,0.48980866347826196,Gradient Boosting,Waitlist,0.48980866347826196
293,Waitlist,0.4905660377358487,Admit,0.538339348099392,Admit,0.5309855867102113,Gradient Boosting,Admit,0.5309855867102113
295,Admit,1.0,Waitlist,0.28872397033524255,Waitlist,0.48924826586383235,Gradient Boosting,Waitlist,0.48924826586383235
296,Waitlist,0.4905660377358487,Waitlist,0.3856236783288823,Waitlist,0.3812414136115958,Gradient Boosting,Waitlist,0.3812414136115958
298,Admit,0.6351351351351351,Waitlist,0.4903192505152803,Waitlist,0.2850632257392877,Gradient Boosting,Waitlist,0.2850632257392877
299,Waitlist,0.0869565217391304,Waitlist,0.2234798779011678,Waitlist,0.10101202060733819,Gradient Boosting,Waitlist,0.10101202060733819
300,Admit,0.6351351351351351,Waitlist,0.43434963264634036,Waitlist,0.4014956229826546,Gradient Boosting,Waitlist,0.4014956229826546
301,Admit,0.6029411764705921,Admit,0.6989615845634537,Admit,0.6485829476635462,Gradient Boosting,Admit,0.6485829476635462
303,Waitlist,0.0869565217391304,Waitlist,0.40750895887236116,Waitlist,0.39749176632708844,Gradient Boosting,Waitlist,0.39749176632708844
304,Waitlist,0.4905660377358487,Waitlist,0.3451700619005196,Waitlist,0.21737343221980981,Gradient Boosting,Waitlist,0.21737343221980981
306,Waitlist,0.3571428571428568,Admit,0.5601618342081762,Admit,0.5432160486656483,Gradient Boosting,Admit,0.5432160486656483
309,Waitlist,0.0869565217391304,Waitlist,0.23411498829167962,Waitlist,0.12473080470340929,Gradient Boosting,Waitlist,0.12473080470340929
310,Waitlist,0.027027027027027025,Waitlist,0.3571418042888944,Waitlist,0.17567148503883298,Gradient Boosting,Waitlist,0.17567148503883298
312,Admit,0.6351351351351351,Waitlist,0.4408614325055648,Waitlist,0.3675384656508702,Gradient Boosting,Waitlist,0.3675384656508702
313,Waitlist,0.027027027027027025,Waitlist,0.41827012541240743,Waitlist,0.3081393660738526,Gradient Boosting,Waitlist,0.3081393660738526
315,Waitlist,0.4905660377358487,Waitlist,0.4496207960073636,Waitlist,0.4165945164812285,Gradient Boosting,Waitlist,0.4165945164812285
317,Admit,1.0,Admit,0.7017233481471132,Admit,0.6669099119363686,Gradient Boosting,Admit,0.6669099119363686
320,Admit,1.0,Waitlist,0.2825758221870944,Waitlist,0.48924826586383235,Gradient Boosting,Waitlist,0.48924826586383235
321,Waitlist,0.0869565217391304,Admit,0.6132860239467169,Waitlist,0.43731548884604965,Gradient Boosting,Waitlist,0.43731548884604965
323,Waitlist,0.0869565217391304,Waitlist,0.47394867974145993,Waitlist,0.4292223080581869,Gradient Boosting,Waitlist,0.4292223080581869
325,Waitlist,0.23404255319148923,Waitlist,0.3446013587781608,Waitlist,0.2693607904150993,Gradient Boosting,Waitlist,0.2693607904150993
326,Waitlist,0.13461538461538458,Waitlist,0.32448252158133817,Waitlist,0.20621235466340665,Gradient Boosting,Waitlist,0.20621235466340665
327,Admit,0.6351351351351351,Admit,0.5389558394942885,Waitlist,0.43699978903086895,Gradient Boosting,Waitlist,0.43699978903086895
328,Waitlist,0.13461538461538458,Waitlist,0.4921051618620256,Admit,0.7047260902524871,Gradient Boosting,Admit,0.7047260902524871
329,Admit,1.0,Admit,0.6559838729942741,Admit,0.6742369025842462,Gradient Boosting,Admit,0.6742369025842462
330,Waitlist,0.4905660377358487,Waitlist,0.369692911351393,Waitlist,0.3043352293286671,Gradient Boosting,Waitlist,0.3043352293286671
331,Waitlist,0.13461538461538458,Waitlist,0.3505194367590423,Waitlist,0.38659540158103445,Gradient Boosting,Waitlist,0.38659540158103445
333,Waitlist,0.4905660377358487,Waitlist,0.3760408532028804,Waitlist,0.47614785597257403,Gradient Boosting,Waitlist,0.47614785597257403
334,Waitlist,0.14285714285714282,Waitlist,0.25402498795813194,Waitlist,0.17291931843535452,Gradient Boosting,Waitlist,0.17291931843535452
335,Admit,1.0,Waitlist,0.4991326190898102,Admit,0.7844479823260124,Gradient Boosting,Admit,0.7844479823260124
337,Admit,0.6351351351351351,Admit,0.5947137127312727,Admit,0.5159551740568553,Gradient Boosting,Admit,0.5159551740568553
339,Waitlist,0.4545454545454544,Waitlist,0.38979250144965666,Waitlist,0.2756826993041732,Gradient Boosting,Waitlist,0.2756826993041732
340,Waitlist,0.13461538461538458,Waitlist,0.3339250891803037,Waitlist,0.265552588696647,Gradient Boosting,Waitlist,0.265552588696647
342,Admit,1.0,Admit,0.7990556221947581,Admit,0.8033090846409563,Gradient Boosting,Admit,0.8033090846409563
343,Waitlist,0.20588235294117635,Admit,0.5434854663058147,Waitlist,0.4707249810911606,Gradient Boosting,Waitlist,0.4707249810911606
348,Waitlist,0.0869565217391304,Waitlist,0.3229693440010952,Waitlist,0.1847288657966678,Gradient Boosting,Waitlist,0.1847288657966678
349,Waitlist,0.4905660377358487,Waitlist,0.25417919113981813,Waitlist,0.17125521957085177,Gradient Boosting,Waitlist,0.17125521957085177
350,Waitlist,0.23404255319148923,Waitlist,0.42778485234086094,Waitlist,0.3444621445320808,Gradient Boosting,Waitlist,0.3444621445320808
351,Waitlist,0.23404255319148923,Waitlist,0.4693765464007378,Waitlist,0.42945569263190425,Gradient Boosting,Waitlist,0.42945569263190425
354,Waitlist,0.027027027027027025,Waitlist,0.2793871338098507,Waitlist,0.16403505092406623,Gradient Boosting,Waitlist,0.16403505092406623
359,Admit,1.0,Waitlist,0.3664811734537104,Admit,0.5604246329036429,Gradient Boosting,Admit,0.5604246329036429
360,Admit,1.0,Waitlist,0.3375960597079563,Admit,0.6094174558217116,Gradient Boosting,Admit,0.6094174558217116
361,Waitlist,0.13461538461538458,Waitlist,0.31459786668516443,Waitlist,0.18443338877139956,Gradient Boosting,Waitlist,0.18443338877139956
362,Waitlist,0.4545454545454544,Waitlist,0.4243721806766614,Waitlist,0.3927503548836069,Gradient Boosting,Waitlist,0.3927503548836069
363,Waitlist,0.4905660377358487,Waitlist,0.2712115085643719,Waitlist,0.1307241031123254,Gradient Boosting,Waitlist,0.1307241031123254
364,Waitlist,0.0869565217391304,Waitlist,0.36475682424013967,Waitlist,0.48039277385138246,Gradient Boosting,Waitlist,0.48039277385138246
367,Waitlist,0.4905660377358487,Waitlist,0.31911649966051425,Waitlist,0.4357992900069775,Gradient Boosting,Waitlist,0.4357992900069775
368,Admit,0.625,Admit,0.6589007738604654,Waitlist,0.4975902772391623,Gradient Boosting,Waitlist,0.4975902772391623
369,Waitlist,0.4905660377358487,Admit,0.5685628233628719,Waitlist,0.4870364065563577,Gradient Boosting,Waitlist,0.4870364065563577
371,Admit,1.0,Admit,0.6571687854145511,Admit,0.622843034264912,Gradient Boosting,Admit,0.622843034264912
372,Waitlist,0.4905660377358487,Waitlist,0.3703498924522952,Waitlist,0.4237308875669459,Gradient Boosting,Waitlist,0.4237308875669459
373,Waitlist,0.4905660377358487,Waitlist,0.4492518853080702,Waitlist,0.33302238778276394,Gradient Boosting,Waitlist,0.33302238778276394
375,Waitlist,0.3571428571428568,Waitlist,0.45044166233468275,Admit,0.6732925909125017,Gradient Boosting,Admit,0.6732925909125017
376,Waitlist,0.0869565217391304,Waitlist,0.4448837039812992,Waitlist,0.37347458157766383,Gradient Boosting,Waitlist,0.37347458157766383
378,Admit,1.0,Admit,0.6375522244756996,Admit,0.7486592011142662,Gradient Boosting,Admit,0.7486592011142662
380,Waitlist,0.13461538461538458,Waitlist,0.39625517681652445,Waitlist,0.36204545224558926,Gradient Boosting,Waitlist,0.36204545224558926
382,Waitlist,0.0869565217391304,Waitlist,0.2524844225278877,Waitlist,0.1396328592245442,Gradient Boosting,Waitlist,0.1396328592245442
384,Waitlist,0.4905660377358487,Waitlist,0.449364909108459,Admit,0.5451484228092617,Gradient Boosting,Admit,0.5451484228092617
389,Waitlist,0.13461538461538458,Waitlist,0.3329798513682677,Admit,0.5046057497516716,Gradient Boosting,Admit,0.5046057497516716
390,Waitlist,0.37931034482758613,Admit,0.7616476340724871,Admit,0.7220430930710552,Gradient Boosting,Admit,0.7220430930710552
391,Admit,0.6029411764705921,Waitlist,0.4716180129442598,Admit,0.5222850530361556,Gradient Boosting,Admit,0.5222850530361556
393,Admit,0.8301886792452832,Admit,0.5929981155051162,Admit,0.5928488432349863,Gradient Boosting,Admit,0.5928488432349863
395,Waitlist,0.4905660377358487,Waitlist,0.35978522440627286,Waitlist,0.31619002223396764,Gradient Boosting,Waitlist,0.31619002223396764
396,Waitlist,0.13461538461538458,Waitlist,0.4380909023692782,Waitlist,0.35629166454343913,Gradient Boosting,Waitlist,0.35629166454343913
397,Admit,0.8301886792452832,Admit,0.6563612331675556,Admit,0.5501517976789221,Gradient Boosting,Admit,0.5501517976789221
398,Waitlist,0.4905660377358487,Waitlist,0.3516024995456861,Waitlist,0.3153539754893177,Gradient Boosting,Waitlist,0.3153539754893177
399,Waitlist,0.0869565217391304,Waitlist,0.328346420345962,Waitlist,0.18035935928460547,Gradient Boosting,Waitlist,0.18035935928460547
400,Waitlist,0.13461538461538458,Waitlist,0.3723703363662479,Waitlist,0.32659057380095924,Gradient Boosting,Waitlist,0.32659057380095924
401,Waitlist,0.13461538461538458,Waitlist,0.30075679363902275,Waitlist,0.3293811653792758,Gradient Boosting,Waitlist,0.3293811653792758
402,Waitlist,0.4905660377358487,Waitlist,0.32999183334808424,Waitlist,0.3171207408149572,Gradient Boosting,Waitlist,0.3171207408149572
403,Waitlist,0.4545454545454544,Waitlist,0.338384858998033,Waitlist,0.1296526826031493,Gradient Boosting,Waitlist,0.1296526826031493
407,Waitlist,0.1627906976744185,Waitlist,0.3247722720984439,Waitlist,0.2255762883476946,Gradient Boosting,Waitlist,0.2255762883476946
409,Waitlist,0.20588235294117635,Admit,0.5616158940539129,Admit,0.5129097141851559,Gradient Boosting,Admit,0.5129097141851559
410,Waitlist,0.4905660377358487,Waitlist,0.44892950153021116,Waitlist,0.46967023730062796,Gradient Boosting,Waitlist,0.46967023730062796
411,Waitlist,0.0869565217391304,Waitlist,0.23385196378046733,Waitlist,0.1296526826031493,Gradient Boosting,Waitlist,0.1296526826031493
414,Waitlist,0.37931034482758613,Admit,0.7618968118777701,Admit,0.761463045650498,Gradient Boosting,Admit,0.761463045650498
415,Waitlist,0.4545454545454544,Waitlist,0.3781294505633403,Waitlist,0.22063791108052438,Gradient Boosting,Waitlist,0.22063791108052438
417,Waitlist,0.027027027027027025,Waitlist,0.2761988634719519,Waitlist,0.22008877891143835,Gradient Boosting,Waitlist,0.22008877891143835
419,Waitlist,0.4905660377358487,Waitlist,0.3818681587960662,Waitlist,0.32965421445143006,Gradient Boosting,Waitlist,0.32965421445143006
420,Waitlist,0.4905660377358487,Waitlist,0.35869248426628936,Waitlist,0.18995545178968837,Gradient Boosting,Waitlist,0.18995545178968837
421,Waitlist,0.23404255319148923,Waitlist,0.4862953423581331,Waitlist,0.333581583480353,Gradient Boosting,Waitlist,0.333581583480353
422,Waitlist,0.0869565217391304,Waitlist,0.44961481056479563,Waitlist,0.19974428158891466,Gradient Boosting,Waitlist,0.19974428158891466
423,Admit,0.6029411764705921,Admit,0.5816644016925744,Admit,0.546562758031877,Gradient Boosting,Admit,0.546562758031877
424,Waitlist,0.027027027027027025,Waitlist,0.4885926328225428,Waitlist,0.39458098265763913,Gradient Boosting,Waitlist,0.39458098265763913
425,Admit,0.8301886792452832,Waitlist,0.461798006705293,Admit,0.6019886581425471,Gradient Boosting,Admit,0.6019886581425471
427,Waitlist,0.4545454545454544,Waitlist,0.30418166581193107,Waitlist,0.15751510694262894,Gradient Boosting,Waitlist,0.15751510694262894
428,Waitlist,0.0869565217391304,Waitlist,0.2884447617190509,Waitlist,0.24216606756587386,Gradient Boosting,Waitlist,0.24216606756587386
429,Admit,0.6029411764705921,Admit,0.7266568619923689,Admit,0.6459669246024679,Gradient Boosting,Admit,0.6459669246024679
430,Waitlist,0.0869565217391304,Waitlist,0.3181015570113028,Waitlist,0.10058363865994456,Gradient Boosting,Waitlist,0.10058363865994456
431,Waitlist,0.027027027027027025,Waitlist,0.2722135684915597,Waitlist,0.1313670436088613,Gradient Boosting,Waitlist,0.1313670436088613
432,Admit,1.0,Admit,0.7925277871563081,Admit,0.7425371021468541,Gradient Boosting,Admit,0.7425371021468541
433,Waitlist,0.13461538461538458,Waitlist,0.32395276259923816,Waitlist,0.2728104487383125,Gradient Boosting,Waitlist,0.2728104487383125
436,Admit,0.8301886792452832,Admit,0.5143166372055586,Admit,0.5431525917204916,Gradient Boosting,Admit,0.5431525917204916
439,Waitlist,0.027027027027027025,Waitlist,0.3417804029514987,Waitlist,0.14718704672560234,Gradient Boosting,Waitlist,0.14718704672560234
440,Waitlist,0.027027027027027025,Waitlist,0.4359127854444002,Waitlist,0.2772820258511463,Gradient Boosting,Waitlist,0.2772820258511463
442,Waitlist,0.20588235294117635,Admit,0.5474924143092996,Waitlist,0.4730385496629126,Gradient Boosting,Waitlist,0.4730385496629126
444,Admit,0.6029411764705921,Admit,0.8190876933111553,Admit,0.8923497046182548,Gradient Boosting,Admit,0.8923497046182548
446,Waitlist,0.14285714285714282,Waitlist,0.2932417770261858,Waitlist,0.14112066771459356,Gradient Boosting,Waitlist,0.14112066771459356
447,Admit,1.0,Waitlist,0.3593082574528104,Waitlist,0.4356585475333617,Gradient Boosting,Waitlist,0.4356585475333617
448,Admit,0.8301886792452832,Admit,0.6283622736775994,Admit,0.5401430833290831,Gradient Boosting,Admit,0.5401430833290831
449,Admit,0.6351351351351351,Admit,0.681707862738509,Admit,0.6127382788308006,Gradient Boosting,Admit,0.6127382788308006
450,Admit,0.6351351351351351,Admit,0.665544008618334,Admit,0.5839172651113361,Gradient Boosting,Admit,0.5839172651113361
451,Waitlist,0.13461538461538458,Waitlist,0.4139020643879106,Waitlist,0.23499946365098012,Gradient Boosting,Waitlist,0.23499946365098012
452,Admit,0.8301886792452832,Admit,0.6449650851611228,Admit,0.6485829476635462,Gradient Boosting,Admit,0.6485829476635462
453,Waitlist,0.4905660377358487,Waitlist,0.44658044738691616,Waitlist,0.3433280620135365,Gradient Boosting,Waitlist,0.3433280620135365
454,Waitlist,0.0869565217391304,Waitlist,0.349634295579487,Waitlist,0.2780327705208278,Gradient Boosting,Waitlist,0.2780327705208278
455,Waitlist,0.0869565217391304,Waitlist,0.28797303261759194,Waitlist,0.14646486009319726,Gradient Boosting,Waitlist,0.14646486009319726
456,Waitlist,0.0869565217391304,Admit,0.5153850334835051,Waitlist,0.31218199484463743,Gradient Boosting,Waitlist,0.31218199484463743
457,Waitlist,0.027027027027027025,Waitlist,0.48650143940044766,Waitlist,0.376511441237331,Gradient Boosting,Waitlist,0.376511441237331
458,Waitlist,0.0869565217391304,Waitlist,0.3050260359460541,Waitlist,0.10281594371581841,Gradient Boosting,Waitlist,0.10281594371581841
462,Waitlist,0.23404255319148923,Admit,0.5422139843108575,Waitlist,0.4256836204595846,Gradient Boosting,Waitlist,0.4256836204595846
463,Waitlist,0.4545454545454544,Waitlist,0.46398518691343205,Waitlist,0.20277248239445358,Gradient Boosting,Waitlist,0.20277248239445358
464,Waitlist,0.4905660377358487,Admit,0.5885901042882946,Admit,0.6517284150627498,Gradient Boosting,Admit,0.6517284150627498
467,Admit,0.6029411764705921,Admit,0.6385030954864673,Admit,0.6560043492828274,Gradient Boosting,Admit,0.6560043492828274
472,Waitlist,0.0869565217391304,Waitlist,0.3020247716770716,Waitlist,0.132502641602318,Gradient Boosting,Waitlist,0.132502641602318
475,Admit,0.5909090909090908,Admit,0.529573022307271,Waitlist,0.4867263057244357,Gradient Boosting,Waitlist,0.4867263057244357
477,Waitlist,0.4545454545454544,Waitlist,0.30097056749997775,Waitlist,0.09916634583389543,Gradient Boosting,Waitlist,0.09916634583389543
478,Admit,0.6029411764705921,Admit,0.6923561302784048,Admit,0.677630793878056,Gradient Boosting,Admit,0.677630793878056
479,Waitlist,0.4905660377358487,Waitlist,0.31635471684532246,Waitlist,0.24434558946050672,Gradient Boosting,Waitlist,0.24434558946050672
480,Waitlist,0.3571428571428568,Admit,0.5830941643483105,Admit,0.5529718932651491,Gradient Boosting,Admit,0.5529718932651491
481,Waitlist,0.4905660377358487,Waitlist,0.408283240032778,Waitlist,0.3073427865299721,Gradient Boosting,Waitlist,0.3073427865299721
486,Waitlist,0.4905660377358487,Waitlist,0.46453583496021955,Waitlist,0.39444552569355446,Gradient Boosting,Waitlist,0.39444552569355446
487,Admit,0.6029411764705921,Admit,0.7003200490817392,Admit,0.5873916451386847,Gradient Boosting,Admit,0.5873916451386847
488,Waitlist,0.4905660377358487,Admit,0.53282725488125,Waitlist,0.4420525670118003,Gradient Boosting,Waitlist,0.4420525670118003
489,Admit,0.8301886792452832,Admit,0.5799857745354294,Waitlist,0.4993338008130451,Gradient Boosting,Waitlist,0.4993338008130451
490,Waitlist,0.027027027027027025,Waitlist,0.24884130584790043,Waitlist,0.10126870384055227,Gradient Boosting,Waitlist,0.10126870384055227
491,Waitlist,0.4905660377358487,Waitlist,0.4718135497238556,Waitlist,0.4165945164812285,Gradient Boosting,Waitlist,0.4165945164812285
492,Waitlist,0.027027027027027025,Waitlist,0.321937273921036,Waitlist,0.14454760400916297,Gradient Boosting,Waitlist,0.14454760400916297
493,Waitlist,0.4905660377358487,Waitlist,0.4977396233353373,Waitlist,0.37651369333420903,Gradient Boosting,Waitlist,0.37651369333420903
495,Waitlist,0.23404255319148923,Waitlist,0.47645159898692063,Admit,0.5350897486687853,Gradient Boosting,Admit,0.5350897486687853
496,Waitlist,0.0869565217391304,Waitlist,0.29476729609611546,Waitlist,0.13614428051808478,Gradient Boosting,Waitlist,0.13614428051808478
497,Admit,0.8301886792452832,Admit,0.5838014468950569,Admit,0.5261121698307155,Gradient Boosting,Admit,0.5261121698307155
499,Waitlist,0.027027027027027025,Waitlist,0.2972722534708436,Waitlist,0.2160856706671702,Gradient Boosting,Waitlist,0.2160856706671702
500,Admit,1.0,Waitlist,0.3054997203120289,Waitlist,0.2517429885430512,Gradient Boosting,Waitlist,0.2517429885430512
501,Waitlist,0.0869565217391304,Waitlist,0.34533351431073606,Waitlist,0.1274308852167056,Gradient Boosting,Waitlist,0.1274308852167056
502,Admit,1.0,Waitlist,0.3239187184761281,Waitlist,0.41894549810538045,Gradient Boosting,Waitlist,0.41894549810538045
504,Waitlist,0.0869565217391304,Waitlist,0.31475317028017075,Waitlist,0.10605234229002834,Gradient Boosting,Waitlist,0.10605234229002834
505,Waitlist,0.4905660377358487,Waitlist,0.31118468776400104,Waitlist,0.25611522620298594,Gradient Boosting,Waitlist,0.25611522620298594
506,Waitlist,0.4905660377358487,Waitlist,0.2800020628641954,Waitlist,0.2382184487702018,Gradient Boosting,Waitlist,0.2382184487702018
509,Waitlist,0.0869565217391304,Waitlist,0.3021334667969547,Waitlist,0.2349751169920494,Gradient Boosting,Waitlist,0.2349751169920494
510,Waitlist,0.027027027027027025,Waitlist,0.3688886106796065,Waitlist,0.4532511281525304,Gradient Boosting,Waitlist,0.4532511281525304
513,Waitlist,0.4905660377358487,Waitlist,0.35167742345392633,Waitlist,0.2516051278217109,Gradient Boosting,Waitlist,0.2516051278217109
514,Waitlist,0.4905660377358487,Waitlist,0.25763550784354144,Waitlist,0.15802058880111758,Gradient Boosting,Waitlist,0.15802058880111758
515,Waitlist,0.4905660377358487,Waitlist,0.3441059511286311,Waitlist,0.2840229009396595,Gradient Boosting,Waitlist,0.2840229009396595
516,Waitlist,0.027027027027027025,Waitlist,0.4114036893701957,Waitlist,0.22063791108052438,Gradient Boosting,Waitlist,0.22063791108052438
517,Admit,0.6029411764705921,Admit,0.595357915384437,Admit,0.5586364935834471,Gradient Boosting,Admit,0.5586364935834471
519,Waitlist,0.13461538461538458,Waitlist,0.367904417065536,Waitlist,0.31200041052662725,Gradient Boosting,Waitlist,0.31200041052662725
520,Waitlist,0.4905660377358487,Waitlist,0.4002528923569135,Waitlist,0.16786281154432217,Gradient Boosting,Waitlist,0.16786281154432217
521,Waitlist,0.4905660377358487,Admit,0.5048817667637248,Waitlist,0.4165945164812285,Gradient Boosting,Waitlist,0.4165945164812285
522,Waitlist,0.23404255319148923,Admit,0.6290770645556253,Admit,0.5760972010309549,Gradient Boosting,Admit,0.5760972010309549
523,Admit,0.6029411764705921,Waitlist,0.4859680432801406,Waitlist,0.42366958312620207,Gradient Boosting,Waitlist,0.42366958312620207
524,Waitlist,0.3571428571428571,Waitlist,0.4189013174774026,Waitlist,0.35008080199302294,Gradient Boosting,Waitlist,0.35008080199302294
525,Admit,0.6029411764705921,Admit,0.602214785993165,Admit,0.6221499851978847,Gradient Boosting,Admit,0.6221499851978847
526,Admit,1.0,Waitlist,0.4003734826730653,Admit,0.6367128419806567,Gradient Boosting,Admit,0.6367128419806567
527,Admit,0.6351351351351351,Waitlist,0.45479163044263315,Waitlist,0.4992768937621766,Gradient Boosting,Waitlist,0.4992768937621766
532,Waitlist,0.4905660377358487,Waitlist,0.444359263425065,Waitlist,0.4024742288987227,Gradient Boosting,Waitlist,0.4024742288987227
533,Admit,0.6029411764705921,Admit,0.5995439506349138,Admit,0.6946739097139433,Gradient Boosting,Admit,0.6946739097139433
536,Admit,1.0,Admit,0.8235122465211537,Admit,0.8550058147075804,Gradient Boosting,Admit,0.8550058147075804
537,Waitlist,0.0869565217391304,Waitlist,0.3050200183489116,Waitlist,0.14459167763534933,Gradient Boosting,Waitlist,0.14459167763534933
538,Waitlist,0.13461538461538458,Waitlist,0.42818172190371306,Admit,0.547099185340701,Gradient Boosting,Admit,0.547099185340701
539,Admit,1.0,Waitlist,0.3255729177434759,Waitlist,0.39361561269082473,Gradient Boosting,Waitlist,0.39361561269082473
540,Admit,0.6029411764705921,Admit,0.6263480635581674,Admit,0.5458277014831323,Gradient Boosting,Admit,0.5458277014831323
542,Admit,0.6029411764705921,Admit,0.6288405436857956,Admit,0.5288004979776868,Gradient Boosting,Admit,0.5288004979776868
543,Waitlist,0.0869565217391304,Waitlist,0.4494278134989482,Waitlist,0.25139817538708775,Gradient Boosting,Waitlist,0.25139817538708775
544,Waitlist,0.23404255319148923,Admit,0.5439491151460398,Waitlist,0.3833768773488057,Gradient Boosting,Waitlist,0.3833768773488057
545,Admit,0.6351351351351351,Waitlist,0.4261744967289406,Waitlist,0.33768724850640064,Gradient Boosting,Waitlist,0.33768724850640064
546,Admit,0.6029411764705921,Admit,0.6732226066939215,Admit,0.7281533881124772,Gradient Boosting,Admit,0.7281533881124772
547,Admit,1.0,Waitlist,0.3867917055802416,Admit,0.5618462732921904,Gradient Boosting,Admit,0.5618462732921904
549,Waitlist,0.23404255319148923,Waitlist,0.41271428882400546,Waitlist,0.1755860723947813,Gradient Boosting,Waitlist,0.1755860723947813
550,Waitlist,0.4905660377358487,Waitlist,0.32613651024402884,Waitlist,0.21416846456197067,Gradient Boosting,Waitlist,0.21416846456197067
552,Admit,1.0,Waitlist,0.3200541681689368,Admit,0.5441670149409513,Gradient Boosting,Admit,0.5441670149409513
554,Admit,0.6029411764705921,Admit,0.6334030721106539,Admit,0.6195138302776836,Gradient Boosting,Admit,0.6195138302776836
555,Waitlist,0.13461538461538458,Waitlist,0.428842821081198,Waitlist,0.21392025671404333,Gradient Boosting,Waitlist,0.21392025671404333
557,Waitlist,0.13461538461538458,Waitlist,0.37975300296423914,Waitlist,0.3518804633842575,Gradient Boosting,Waitlist,0.3518804633842575
559,Waitlist,0.13461538461538458,Waitlist,0.45985762051324724,Admit,0.5722624568271164,Gradient Boosting,Admit,0.5722624568271164
560,Waitlist,0.4905660377358487,Waitlist,0.34514258099521733,Waitlist,0.4237308875669459,Gradient Boosting,Waitlist,0.4237308875669459
561,Admit,1.0,Admit,0.6025870260943558,Admit,0.5985680300059681,Gradient Boosting,Admit,0.5985680300059681
562,Waitlist,0.4545454545454544,Waitlist,0.3385369071962493,Waitlist,0.32903213029002537,Gradient Boosting,Waitlist,0.32903213029002537
563,Waitlist,0.13461538461538458,Waitlist,0.3632129841444733,Waitlist,0.29576489623390906,Gradient Boosting,Waitlist,0.29576489623390906
565,Admit,1.0,Admit,0.7155359374989612,Admit,0.6622872301084319,Gradient Boosting,Admit,0.6622872301084319
566,Waitlist,0.0869565217391304,Waitlist,0.39145890730546495,Waitlist,0.17094727521143854,Gradient Boosting,Waitlist,0.17094727521143854
567,Waitlist,0.13461538461538458,Waitlist,0.3124254656802427,Waitlist,0.17708221850849978,Gradient Boosting,Waitlist,0.17708221850849978
568,Waitlist,0.13461538461538458,Waitlist,0.40529852007985856,Waitlist,0.4365465345727379,Gradient Boosting,Waitlist,0.4365465345727379
569,Admit,0.6351351351351351,Waitlist,0.4982781177003895,Waitlist,0.4409544343811289,Gradient Boosting,Waitlist,0.4409544343811289
570,Admit,1.0,Waitlist,0.3517496377048535,Admit,0.6194485897326338,Gradient Boosting,Admit,0.6194485897326338
571,Admit,0.6029411764705921,Admit,0.5510136749661415,Admit,0.5318076059421217,Gradient Boosting,Admit,0.5318076059421217
572,Waitlist,0.027027027027027025,Waitlist,0.3328867480597262,Waitlist,0.36370563428434,Gradient Boosting,Waitlist,0.36370563428434
573,Waitlist,0.20588235294117635,Waitlist,0.4879871379180681,Waitlist,0.4716045792690789,Gradient Boosting,Waitlist,0.4716045792690789
575,Admit,1.0,Waitlist,0.3634421129819494,Admit,0.5604246329036429,Gradient Boosting,Admit,0.5604246329036429
577,Admit,1.0,Admit,0.8156156001054823,Admit,0.8529981900478958,Gradient Boosting,Admit,0.8529981900478958
578,Waitlist,0.4905660377358487,Waitlist,0.43886507658548396,Admit,0.5177839910248065,Gradient Boosting,Admit,0.5177839910248065
580,Waitlist,0.0869565217391304,Waitlist,0.47643791492836596,Waitlist,0.31866475297817853,Gradient Boosting,Waitlist,0.31866475297817853
582,Waitlist,0.1627906976744185,Waitlist,0.32505293892922044,Waitlist,0.2762017553018235,Gradient Boosting,Waitlist,0.2762017553018235
586,Admit,1.0,Waitlist,0.3837914130617641,Admit,0.6656635026418674,Gradient Boosting,Admit,0.6656635026418674
587,Waitlist,0.3571428571428568,Waitlist,0.3355514456177672,Waitlist,0.2507544388603273,Gradient Boosting,Waitlist,0.2507544388603273
588,Admit,0.6029411764705921,Admit,0.6122794052223935,Waitlist,0.47129964636893223,Gradient Boosting,Waitlist,0.47129964636893223
589,Waitlist,0.0869565217391304,Waitlist,0.2699620263419985,Waitlist,0.19481226162220636,Gradient Boosting,Waitlist,0.19481226162220636
590,Admit,0.8301886792452832,Admit,0.5415157749765851,Admit,0.509780101170092,Gradient Boosting,Admit,0.509780101170092
591,Admit,1.0,Waitlist,0.4203214449962583,Admit,0.58561629765775,Gradient Boosting,Admit,0.58561629765775
595,Waitlist,0.13461538461538458,Waitlist,0.3061951819650901,Waitlist,0.4496269531535269,Gradient Boosting,Waitlist,0.4496269531535269
596,Waitlist,0.4545454545454544,Waitlist,0.4146028276376242,Waitlist,0.24558313874909574,Gradient Boosting,Waitlist,0.24558313874909574
597,Waitlist,0.4905660377358487,Waitlist,0.3776905330275283,Waitlist,0.4402028963497359,Gradient Boosting,Waitlist,0.4402028963497359
598,Admit,0.6029411764705921,Admit,0.683647724359369,Admit,0.6942147180670972,Gradient Boosting,Admit,0.6942147180670972
599,Waitlist,0.4905660377358487,Waitlist,0.4009933698403683,Waitlist,0.3111836940114508,Gradient Boosting,Waitlist,0.3111836940114508
600,Waitlist,0.14285714285714282,Waitlist,0.24544080828937734,Waitlist,0.23112168069596872,Gradient Boosting,Waitlist,0.23112168069596872
603,Admit,1.0,Waitlist,0.4689165389540897,Admit,0.7991345484555559,Gradient Boosting,Admit,0.7991345484555559
605,Waitlist,0.0869565217391304,Waitlist,0.3712586454100283,Waitlist,0.1543058651370171,Gradient Boosting,Waitlist,0.1543058651370171
606,Waitlist,0.027027027027027025,Waitlist,0.321237892437117,Waitlist,0.35903604860625354,Gradient Boosting,Waitlist,0.35903604860625354
608,Admit,0.6351351351351351,Admit,0.7094191236225431,Admit,0.5862233463879998,Gradient Boosting,Admit,0.5862233463879998
609,Waitlist,0.4905660377358487,Admit,0.5120926221452021,Admit,0.6103281040107329,Gradient Boosting,Admit,0.6103281040107329
611,Admit,1.0,Waitlist,0.44501954405558414,Admit,0.6169566445603142,Gradient Boosting,Admit,0.6169566445603142
612,Admit,1.0,Waitlist,0.3206954068752701,Admit,0.5013990307164929,Gradient Boosting,Admit,0.5013990307164929
613,Waitlist,0.027027027027027025,Waitlist,0.36262171950011723,Waitlist,0.17021212227820384,Gradient Boosting,Waitlist,0.17021212227820384
614,Waitlist,0.027027027027027025,Waitlist,0.2700780559079166,Waitlist,0.19477089190342797,Gradient Boosting,Waitlist,0.19477089190342797
616,Waitlist,0.0869565217391304,Waitlist,0.4008098399236642,Waitlist,0.27538622842151894,Gradient Boosting,Waitlist,0.27538622842151894
617,Admit,0.8301886792452832,Admit,0.781339826181775,Admit,0.76835106017041,Gradient Boosting,Admit,0.76835106017041
618,Admit,0.6351351351351351,Admit,0.5131144859946937,Waitlist,0.3058642952840539,Gradient Boosting,Waitlist,0.3058642952840539
619,Admit,1.0,Waitlist,0.4525095420935934,Admit,0.59302078077995,Gradient Boosting,Admit,0.59302078077995
620,Admit,0.6029411764705921,Admit,0.5697738501644002,Admit,0.5899738167248239,Gradient Boosting,Admit,0.5899738167248239
621,Waitlist,0.0869565217391304,Admit,0.5005221238449984,Waitlist,0.273350716062552,Gradient Boosting,Waitlist,0.273350716062552
623,Waitlist,0.1627906976744185,Waitlist,0.3181915610625375,Waitlist,0.21538672335753084,Gradient Boosting,Waitlist,0.21538672335753084
624,Admit,1.0,Waitlist,0.31714150957838055,Waitlist,0.3744707118812278,Gradient Boosting,Waitlist,0.3744707118812278
627,Waitlist,0.23404255319148923,Admit,0.5867325067600903,Waitlist,0.3827479082173199,Gradient Boosting,Waitlist,0.3827479082173199
628,Waitlist,0.4905660377358487,Waitlist,0.4579390463277973,Waitlist,0.27594925492329847,Gradient Boosting,Waitlist,0.27594925492329847
629,Waitlist,0.13461538461538458,Waitlist,0.28897654819568186,Waitlist,0.41291298043027547,Gradient Boosting,Waitlist,0.41291298043027547
630,Waitlist,0.4905660377358487,Waitlist,0.33434110194650396,Waitlist,0.16672526463171441,Gradient Boosting,Waitlist,0.16672526463171441
631,Admit,1.0,Waitlist,0.3453808710292717,Admit,0.5604246329036429,Gradient Boosting,Admit,0.5604246329036429
632,Admit,1.0,Admit,0.7166027364148554,Admit,0.7260532522350251,Gradient Boosting,Admit,0.7260532522350251
633,Waitlist,0.13461538461538458,Waitlist,0.25989361590528315,Waitlist,0.18498959078164443,Gradient Boosting,Waitlist,0.18498959078164443
634,Waitlist,0.0869565217391304,Waitlist,0.32514448211306013,Waitlist,0.1494315430663638,Gradient Boosting,Waitlist,0.1494315430663638
635,Admit,1.0,Admit,0.8846624929968154,Admit,0.8748281966424997,Gradient Boosting,Admit,0.8748281966424997
636,Admit,0.6029411764705921,Admit,0.6771455647420496,Admit,0.6134949789996719,Gradient Boosting,Admit,0.6134949789996719
637,Admit,0.6029411764705921,Admit,0.5483415963607916,Admit,0.576253466290961,Gradient Boosting,Admit,0.576253466290961
638,Admit,0.6029411764705921,Admit,0.6377121471003796,Admit,0.5594462662945126,Gradient Boosting,Admit,0.5594462662945126
639,Waitlist,0.4545454545454544,Waitlist,0.471569999943361,Waitlist,0.31265002939944,Gradient Boosting,Waitlist,0.31265002939944
640,Admit,1.0,Admit,0.6719217788005649,Admit,0.7159693774501943,Gradient Boosting,Admit,0.7159693774501943
643,Waitlist,0.0869565217391304,Waitlist,0.32538499486301087,Waitlist,0.11567129643202766,Gradient Boosting,Waitlist,0.11567129643202766
644,Waitlist,0.23404255319148923,Admit,0.6239079543124266,Admit,0.6372305994691416,Gradient Boosting,Admit,0.6372305994691416
645,Waitlist,0.20588235294117635,Waitlist,0.41763086951645323,Waitlist,0.408345842389853,Gradient Boosting,Waitlist,0.408345842389853
646,Admit,1.0,Waitlist,0.4578184137798839,Admit,0.6559652475779709,Gradient Boosting,Admit,0.6559652475779709
647,Waitlist,0.0869565217391304,Waitlist,0.3682256098095243,Waitlist,0.12496218534873361,Gradient Boosting,Waitlist,0.12496218534873361
649,Admit,0.8301886792452832,Admit,0.577467143231489,Admit,0.5787473854875338,Gradient Boosting,Admit,0.5787473854875338
650,Admit,1.0,Admit,0.7503087006723949,Admit,0.6891980874618859,Gradient Boosting,Admit,0.6891980874618859
651,Waitlist,0.4905660377358487,Waitlist,0.44904105257324367,Waitlist,0.40726563136915334,Gradient Boosting,Waitlist,0.40726563136915334
653,Waitlist,0.4905660377358487,Waitlist,0.3600156528693497,Waitlist,0.26194879867282206,Gradient Boosting,Waitlist,0.26194879867282206
655,Waitlist,0.4545454545454544,Waitlist,0.3186947421151783,Waitlist,0.14150498222272095,Gradient Boosting,Waitlist,0.14150498222272095
656,Waitlist,0.13461538461538458,Waitlist,0.3879569771229301,Admit,0.5136430355754907,Gradient Boosting,Admit,0.5136430355754907
659,Waitlist,0.23404255319148923,Admit,0.5790223678875736,Admit,0.6722911678642163,Gradient Boosting,Admit,0.6722911678642163
661,Admit,1.0,Waitlist,0.4689033882029643,Admit,0.6169566445603142,Gradient Boosting,Admit,0.6169566445603142
662,Waitlist,0.4905660377358487,Waitlist,0.4458761162219897,Admit,0.5393182808348022,Gradient Boosting,Admit,0.5393182808348022
664,Waitlist,0.23404255319148923,Waitlist,0.4056330035986379,Waitlist,0.28818507702434326,Gradient Boosting,Waitlist,0.28818507702434326
668,Waitlist,0.4905660377358487,Waitlist,0.48309852840205036,Admit,0.6171087001849254,Gradient Boosting,Admit,0.6171087001849254
669,Waitlist,0.37931034482758613,Admit,0.6765933594685571,Admit,0.7144430890952783,Gradient Boosting,Admit,0.7144430890952783
670,Waitlist,0.14285714285714282,Waitlist,0.32529295659578605,Waitlist,0.16136801397818726,Gradient Boosting,Waitlist,0.16136801397818726
671,Waitlist,0.4905660377358487,Waitlist,0.4295530633134564,Waitlist,0.2785827642431819,Gradient Boosting,Waitlist,0.2785827642431819
673,Waitlist,0.027027027027027025,Waitlist,0.31222464421331414,Waitlist,0.20855688772689837,Gradient Boosting,Waitlist,0.20855688772689837
674,Admit,0.6029411764705921,Admit,0.7239451336983018,Admit,0.7349993692668428,Gradient Boosting,Admit,0.7349993692668428
675,Admit,0.6029411764705921,Admit,0.5104832102685003,Waitlist,0.38264299965492315,Gradient Boosting,Waitlist,0.38264299965492315
677,Admit,1.0,Waitlist,0.3298267833190198,Admit,0.6194485897326338,Gradient Boosting,Admit,0.6194485897326338
680,Waitlist,0.027027027027027025,Waitlist,0.31486396248297494,Waitlist,0.12665778838563732,Gradient Boosting,Waitlist,0.12665778838563732
683,Waitlist,0.0869565217391304,Waitlist,0.3732946646188299,Waitlist,0.21017045045040525,Gradient Boosting,Waitlist,0.21017045045040525
684,Waitlist,0.027027027027027025,Waitlist,0.47384740303282397,Waitlist,0.35218024462032327,Gradient Boosting,Waitlist,0.35218024462032327
687,Waitlist,0.4905660377358487,Waitlist,0.3452963460243614,Waitlist,0.3607071422142846,Gradient Boosting,Waitlist,0.3607071422142846
688,Waitlist,0.13461538461538458,Waitlist,0.30884543244888435,Waitlist,0.21988972834674297,Gradient Boosting,Waitlist,0.21988972834674297
689,Waitlist,0.4545454545454544,Waitlist,0.3794260036589797,Waitlist,0.16142647504811738,Gradient Boosting,Waitlist,0.16142647504811738
690,Admit,1.0,Admit,0.654880109916498,Admit,0.6123451562717084,Gradient Boosting,Admit,0.6123451562717084
691,Admit,0.8301886792452832,Admit,0.604918326418185,Admit,0.6474767014366591,Gradient Boosting,Admit,0.6474767014366591
692,Waitlist,0.13461538461538458,Waitlist,0.3483617775171686,Waitlist,0.3041359955384286,Gradient Boosting,Waitlist,0.3041359955384286
693,Waitlist,0.4545454545454544,Waitlist,0.4900662822440259,Waitlist,0.30738728864691617,Gradient Boosting,Waitlist,0.30738728864691617
694,Admit,1.0,Waitlist,0.3932579534282493,Admit,0.5880107916391274,Gradient Boosting,Admit,0.5880107916391274
695,Waitlist,0.4545454545454544,Waitlist,0.48467515432392994,Waitlist,0.33243931088509265,Gradient Boosting,Waitlist,0.33243931088509265
696,Waitlist,0.0869565217391304,Waitlist,0.3635216196652657,Waitlist,0.21607073669672922,Gradient Boosting,Waitlist,0.21607073669672922
698,Waitlist,0.4545454545454544,Waitlist,0.3473114868251335,Waitlist,0.24859797770504288,Gradient Boosting,Waitlist,0.24859797770504288
699,Waitlist,0.13461538461538458,Waitlist,0.36705703104572523,Waitlist,0.20737129142156757,Gradient Boosting,Waitlist,0.20737129142156757
700,Waitlist,0.4545454545454544,Waitlist,0.40968619356292224,Waitlist,0.2636479952166717,Gradient Boosting,Waitlist,0.2636479952166717
701,Waitlist,0.0869565217391304,Waitlist,0.26351414144633445,Waitlist,0.35903604860625354,Gradient Boosting,Waitlist,0.35903604860625354
702,Waitlist,0.37931034482758613,Admit,0.726759747993475,Admit,0.7220430930710552,Gradient Boosting,Admit,0.7220430930710552
703,Admit,0.6351351351351351,Admit,0.6661031634373523,Admit,0.7213532138629002,Gradient Boosting,Admit,0.7213532138629002
705,Waitlist,0.0869565217391304,Waitlist,0.32627457879485017,Waitlist,0.1586818678406339,Gradient Boosting,Waitlist,0.1586818678406339
706,Waitlist,0.0869565217391304,Waitlist,0.3696036900248588,Waitlist,0.18342292736465857,Gradient Boosting,Waitlist,0.18342292736465857
707,Admit,0.6029411764705921,Admit,0.5012302229594033,Admit,0.509282414428329,Gradient Boosting,Admit,0.509282414428329
708,Waitlist,0.027027027027027025,Waitlist,0.38298792206430426,Waitlist,0.2349251359183445,Gradient Boosting,Waitlist,0.2349251359183445
711,Waitlist,0.0869565217391304,Waitlist,0.21775252982076537,Waitlist,0.1012852832839196,Gradient Boosting,Waitlist,0.1012852832839196
713,Waitlist,0.027027027027027025,Waitlist,0.28397577718860145,Waitlist,0.23104726180385918,Gradient Boosting,Waitlist,0.23104726180385918
714,Waitlist,0.23404255319148923,Waitlist,0.4716106237158448,Waitlist,0.42443660134479577,Gradient Boosting,Waitlist,0.42443660134479577
715,Admit,0.6029411764705921,Admit,0.5752653597558497,Admit,0.543918542852495,Gradient Boosting,Admit,0.543918542852495
716,Admit,1.0,Waitlist,0.4976863344793163,Admit,0.6967323755683579,Gradient Boosting,Admit,0.6967323755683579
718,Admit,0.625,Admit,0.6053365022427283,Admit,0.5658971439822438,Gradient Boosting,Admit,0.5658971439822438
720,Waitlist,0.4545454545454544,Waitlist,0.4313977735706756,Waitlist,0.19129950442048455,Gradient Boosting,Waitlist,0.19129950442048455
721,Admit,0.6029411764705921,Admit,0.6084526031399161,Admit,0.6328077971311115,Gradient Boosting,Admit,0.6328077971311115
723,Waitlist,0.4905660377358487,Waitlist,0.4959014199601583,Waitlist,0.4165945164812285,Gradient Boosting,Waitlist,0.4165945164812285
724,Waitlist,0.4545454545454544,Waitlist,0.27173528560492555,Waitlist,0.10972219862898398,Gradient Boosting,Waitlist,0.10972219862898398
725,Waitlist,0.23404255319148923,Waitlist,0.4985201515765795,Waitlist,0.3838840153926879,Gradient Boosting,Waitlist,0.3838840153926879
726,Waitlist,0.4545454545454544,Waitlist,0.3076153628315911,Waitlist,0.13877038797042257,Gradient Boosting,Waitlist,0.13877038797042257
727,Admit,0.6029411764705921,Admit,0.5799592159904061,Admit,0.5925647091067954,Gradient Boosting,Admit,0.5925647091067954
728,Waitlist,0.13461538461538458,Waitlist,0.40816897927376783,Waitlist,0.34033013343746504,Gradient Boosting,Waitlist,0.34033013343746504
730,Admit,1.0,Waitlist,0.31849437257433083,Admit,0.5045593032431064,Gradient Boosting,Admit,0.5045593032431064
731,Waitlist,0.13461538461538458,Waitlist,0.4587755127288408,Waitlist,0.409488019638801,Gradient Boosting,Waitlist,0.409488019638801
734,Admit,1.0,Admit,0.6646240421486683,Admit,0.6669099119363686,Gradient Boosting,Admit,0.6669099119363686
735,Waitlist,0.4545454545454544,Waitlist,0.4416267616109612,Waitlist,0.2229083943838281,Gradient Boosting,Waitlist,0.2229083943838281
736,Admit,1.0,Waitlist,0.4339657546474125,Waitlist,0.4950185298897308,Gradient Boosting,Waitlist,0.4950185298897308
737,Admit,0.6351351351351351,Waitlist,0.3569375453152507,Waitlist,0.19167101662258618,Gradient Boosting,Waitlist,0.19167101662258618
738,Waitlist,0.0869565217391304,Waitlist,0.2829090554921167,Waitlist,0.11478851083455116,Gradient Boosting,Waitlist,0.11478851083455116
739,Admit,0.6351351351351351,Admit,0.5325740838496383,Waitlist,0.43042085091918064,Gradient Boosting,Waitlist,0.43042085091918064
740,Waitlist,0.3571428571428568,Admit,0.5740418818139796,Admit,0.5684248769364538,Gradient Boosting,Admit,0.5684248769364538
741,Waitlist,0.4905660377358487,Waitlist,0.29751676501302865,Waitlist,0.18615085203211493,Gradient Boosting,Waitlist,0.18615085203211493
742,Waitlist,0.0869565217391304,Waitlist,0.360357218334768,Waitlist,0.19574195323471896,Gradient Boosting,Waitlist,0.19574195323471896
743,Waitlist,0.23404255319148923,Admit,0.5424687080187379,Waitlist,0.4017437830156637,Gradient Boosting,Waitlist,0.4017437830156637
744,Waitlist,0.027027027027027025,Waitlist,0.29129511838135574,Waitlist,0.24401758594866674,Gradient Boosting,Waitlist,0.24401758594866674
745,Waitlist,0.0869565217391304,Waitlist,0.23609671963878504,Waitlist,0.19664993179891613,Gradient Boosting,Waitlist,0.19664993179891613
746,Admit,1.0,Waitlist,0.49535233854544003,Admit,0.7037632075096576,Gradient Boosting,Admit,0.7037632075096576
750,Admit,0.6029411764705921,Admit,0.6999152541518947,Admit,0.7073606427189312,Gradient Boosting,Admit,0.7073606427189312
752,Admit,0.6029411764705921,Admit,0.6341719310366031,Admit,0.5226331983375817,Gradient Boosting,Admit,0.5226331983375817
755,Waitlist,0.4905660377358487,Waitlist,0.2962234803623102,Waitlist,0.15457358827690132,Gradient Boosting,Waitlist,0.15457358827690132
757,Waitlist,0.20588235294117635,Waitlist,0.39462927180008145,Admit,0.590502844525309,Gradient Boosting,Admit,0.590502844525309
758,Waitlist,0.13461538461538458,Waitlist,0.3215292566414959,Waitlist,0.23797124378089746,Gradient Boosting,Waitlist,0.23797124378089746
759,Waitlist,0.027027027027027025,Waitlist,0.32901545364545154,Waitlist,0.22527746897610798,Gradient Boosting,Waitlist,0.22527746897610798
760,Waitlist,0.23404255319148923,Admit,0.5269642589846879,Admit,0.6915612717712,Gradient Boosting,Admit,0.6915612717712
762,Waitlist,0.0869565217391304,Waitlist,0.25176706240101043,Waitlist,0.09205652009572479,Gradient Boosting,Waitlist,0.09205652009572479
763,Waitlist,0.0869565217391304,Waitlist,0.3373309526393162,Waitlist,0.2503257108304191,Gradient Boosting,Waitlist,0.2503257108304191
764,Admit,0.8301886792452832,Admit,0.6048588256312508,Admit,0.5928488432349863,Gradient Boosting,Admit,0.5928488432349863
766,Waitlist,0.4905660377358487,Waitlist,0.3203137216956903,Waitlist,0.1378926860214283,Gradient Boosting,Waitlist,0.1378926860214283
768,Admit,1.0,Admit,0.7994865554384119,Admit,0.7796093818737225,Gradient Boosting,Admit,0.7796093818737225
769,Waitlist,0.1627906976744185,Waitlist,0.4750061942440109,Waitlist,0.4227856733410168,Gradient Boosting,Waitlist,0.4227856733410168
770,Waitlist,0.0869565217391304,Waitlist,0.350958562092165,Waitlist,0.10029913261805593,Gradient Boosting,Waitlist,0.10029913261805593
772,Waitlist,0.4905660377358487,Waitlist,0.3035582965840002,Waitlist,0.16036320554528272,Gradient Boosting,Waitlist,0.16036320554528272
774,Waitlist,0.23404255319148923,Admit,0.5363527807070227,Waitlist,0.38016292208696867,Gradient Boosting,Waitlist,0.38016292208696867
775,Waitlist,0.0869565217391304,Waitlist,0.34204963371937946,Waitlist,0.2378635221209985,Gradient Boosting,Waitlist,0.2378635221209985
776,Waitlist,0.13461538461538458,Waitlist,0.35807024145779937,Waitlist,0.31200041052662725,Gradient Boosting,Waitlist,0.31200041052662725
777,Waitlist,0.4905660377358487,Waitlist,0.4126679171132276,Waitlist,0.23456423825073555,Gradient Boosting,Waitlist,0.23456423825073555
778,Admit,0.6029411764705921,Admit,0.6165834027602966,Admit,0.590272203217499,Gradient Boosting,Admit,0.590272203217499
779,Waitlist,0.3571428571428568,Admit,0.5720336803908602,Waitlist,0.46795284773584284,Gradient Boosting,Waitlist,0.46795284773584284
781,Admit,1.0,Admit,0.6578978483952292,Admit,0.5730997813243126,Gradient Boosting,Admit,0.5730997813243126
783,Waitlist,0.4905660377358487,Waitlist,0.33779983988525714,Waitlist,0.2825419523031327,Gradient Boosting,Waitlist,0.2825419523031327
784,Admit,1.0,Waitlist,0.4029238877029188,Admit,0.5754534960220687,Gradient Boosting,Admit,0.5754534960220687
785,Admit,1.0,Admit,0.6458737789927437,Admit,0.6629511399157657,Gradient Boosting,Admit,0.6629511399157657
788,Waitlist,0.14285714285714282,Waitlist,0.2643927459210789,Waitlist,0.19296766233078108,Gradient Boosting,Waitlist,0.19296766233078108
789,Waitlist,0.13461538461538458,Waitlist,0.32909635047618996,Waitlist,0.25903851512972054,Gradient Boosting,Waitlist,0.25903851512972054
791,Waitlist,0.4905660377358487,Waitlist,0.35076292787623803,Waitlist,0.36432579921916985,Gradient Boosting,Waitlist,0.36432579921916985
792,Admit,0.5909090909090908,Admit,0.5769035507614265,Waitlist,0.49674384666915516,Gradient Boosting,Waitlist,0.49674384666915516
793,Waitlist,0.4905660377358487,Waitlist,0.4914124640534174,Waitlist,0.45534652557995653,Gradient Boosting,Waitlist,0.45534652557995653
794,Waitlist,0.4905660377358487,Waitlist,0.43629818611396265,Admit,0.5567700870868488,Gradient Boosting,Admit,0.5567700870868488
796,Waitlist,0.4545454545454544,Waitlist,0.4586442313735148,Waitlist,0.28035081556934466,Gradient Boosting,Waitlist,0.28035081556934466
797,Waitlist,0.0869565217391304,Waitlist,0.4181297832518284,Waitlist,0.27101979959278366,Gradient Boosting,Waitlist,0.27101979959278366
798,Waitlist,0.4905660377358487,Waitlist,0.4078684833484221,Waitlist,0.32965421445143006,Gradient Boosting,Waitlist,0.32965421445143006
799,Admit,0.6029411764705921,Admit,0.5699019973448112,Admit,0.6226825277266954,Gradient Boosting,Admit,0.6226825277266954
800,Waitlist,0.13461538461538458,Waitlist,0.38552091516008163,Waitlist,0.33672543244048864,Gradient Boosting,Waitlist,0.33672543244048864
801,Waitlist,0.4545454545454544,Waitlist,0.4103792104793134,Waitlist,0.12291461132014503,Gradient Boosting,Waitlist,0.12291461132014503
802,Waitlist,0.027027027027027025,Waitlist,0.2676593467891039,Waitlist,0.12130469646595003,Gradient Boosting,Waitlist,0.12130469646595003
804,Waitlist,0.13461538461538458,Waitlist,0.32664419092168195,Admit,0.5599818926708395,Gradient Boosting,Admit,0.5599818926708395
805,Admit,0.6351351351351351,Waitlist,0.4566016645225128,Waitlist,0.2238920872737404,Gradient Boosting,Waitlist,0.2238920872737404
806,Waitlist,0.4545454545454544,Waitlist,0.30390929315671167,Waitlist,0.131440440774199,Gradient Boosting,Waitlist,0.131440440774199
808,Waitlist,0.0869565217391304,Waitlist,0.315160751853718,Waitlist,0.15919103845884908,Gradient Boosting,Waitlist,0.15919103845884908
809,Admit,0.8301886792452832,Admit,0.5834525871914209,Waitlist,0.4551134391193315,Gradient Boosting,Waitlist,0.4551134391193315
810,Admit,0.8301886792452832,Admit,0.6981333862145676,Admit,0.6461484973641247,Gradient Boosting,Admit,0.6461484973641247
811,Waitlist,0.3571428571428571,Waitlist,0.37504179466517407,Waitlist,0.369210183185163,Gradient Boosting,Waitlist,0.369210183185163
812,Waitlist,0.13461538461538458,Waitlist,0.3763068189737557,Admit,0.5513212665562794,Gradient Boosting,Admit,0.5513212665562794
814,Waitlist,0.4905660377358487,Waitlist,0.2528165452791329,Waitlist,0.17125521957085177,Gradient Boosting,Waitlist,0.17125521957085177
815,Waitlist,0.13461538461538458,Waitlist,0.32984621753645926,Waitlist,0.3361568145923163,Gradient Boosting,Waitlist,0.3361568145923163
816,Admit,0.8301886792452832,Admit,0.6120191974960817,Admit,0.546562758031877,Gradient Boosting,Admit,0.546562758031877
817,Waitlist,0.13461538461538458,Waitlist,0.3628835115760412,Waitlist,0.31200041052662725,Gradient Boosting,Waitlist,0.31200041052662725
818,Waitlist,0.4545454545454544,Waitlist,0.35116874471886206,Waitlist,0.16559238479250357,Gradient Boosting,Waitlist,0.16559238479250357
821,Waitlist,0.4545454545454544,Waitlist,0.4351316696235966,Waitlist,0.2190556176506969,Gradient Boosting,Waitlist,0.2190556176506969
822,Admit,1.0,Admit,0.7649031906164401,Admit,0.7486592011142662,Gradient Boosting,Admit,0.7486592011142662
824,Waitlist,0.0869565217391304,Waitlist,0.4421390351647125,Waitlist,0.41049594675898327,Gradient Boosting,Waitlist,0.41049594675898327
826,Waitlist,0.14285714285714282,Waitlist,0.2873283905277545,Waitlist,0.22388457867643297,Gradient Boosting,Waitlist,0.22388457867643297
827,Waitlist,0.0869565217391304,Waitlist,0.391123826494903,Waitlist,0.19269763780179325,Gradient Boosting,Waitlist,0.19269763780179325
828,Waitlist,0.20588235294117635,Admit,0.5273803546968179,Waitlist,0.43699978903086895,Gradient Boosting,Waitlist,0.43699978903086895
830,Admit,1.0,Waitlist,0.26341182582405054,Waitlist,0.28088268578734865,Gradient Boosting,Waitlist,0.28088268578734865
831,Waitlist,0.027027027027027025,Waitlist,0.293372402550599,Waitlist,0.2349751169920494,Gradient Boosting,Waitlist,0.2349751169920494
832,Waitlist,0.1627906976744185,Waitlist,0.3467790474856331,Waitlist,0.37583163614969706,Gradient Boosting,Waitlist,0.37583163614969706
833,Admit,0.6029411764705921,Admit,0.800957555155834,Admit,0.8066512913182384,Gradient Boosting,Admit,0.8066512913182384
834,Waitlist,0.0869565217391304,Waitlist,0.3763722514437384,Waitlist,0.1040616774663774,Gradient Boosting,Waitlist,0.1040616774663774
835,Waitlist,0.027027027027027025,Waitlist,0.3892497343869579,Waitlist,0.2047545142702919,Gradient Boosting,Waitlist,0.2047545142702919
836,Waitlist,0.4905660377358487,Waitlist,0.4175741428183759,Waitlist,0.3549971562882061,Gradient Boosting,Waitlist,0.3549971562882061
837,Waitlist,0.37931034482758613,Admit,0.7201951670848533,Admit,0.761463045650498,Gradient Boosting,Admit,0.761463045650498
838,Admit,0.8301886792452832,Admit,0.6619205102211315,Admit,0.6134949789996719,Gradient Boosting,Admit,0.6134949789996719
839,Waitlist,0.13461538461538458,Waitlist,0.29469310031771545,Waitlist,0.1487296895832038,Gradient Boosting,Waitlist,0.1487296895832038
841,Waitlist,0.4905660377358487,Waitlist,0.3577147982705298,Admit,0.5618522844793283,Gradient Boosting,Admit,0.5618522844793283
842,Waitlist,0.4905660377358487,Waitlist,0.48185373660907954,Waitlist,0.3471271863061095,Gradient Boosting,Waitlist,0.3471271863061095
843,Waitlist,0.13461538461538458,Waitlist,0.2920776750434599,Waitlist,0.30727009791854576,Gradient Boosting,Waitlist,0.30727009791854576
846,Waitlist,0.23404255319148923,Waitlist,0.4142389037041615,Waitlist,0.28818507702434326,Gradient Boosting,Waitlist,0.28818507702434326
848,Admit,0.6029411764705921,Admit,0.6161607067844234,Admit,0.5594462662945126,Gradient Boosting,Admit,0.5594462662945126
849,Waitlist,0.4905660377358487,Admit,0.5175420452994872,Admit,0.5445157744908918,Gradient Boosting,Admit,0.5445157744908918
850,Waitlist,0.13461538461538458,Waitlist,0.26079408449717284,Waitlist,0.46318084500228096,Gradient Boosting,Waitlist,0.46318084500228096
852,Admit,1.0,Admit,0.6026310663847286,Admit,0.6036291998230153,Gradient Boosting,Admit,0.6036291998230153
856,Waitlist,0.4905660377358487,Waitlist,0.34412136303420354,Waitlist,0.3043352293286671,Gradient Boosting,Waitlist,0.3043352293286671
857,Waitlist,0.37931034482758613,Admit,0.8117594974568011,Admit,0.8693565257975954,Gradient Boosting,Admit,0.8693565257975954
858,Admit,0.6351351351351351,Waitlist,0.37917878080648926,Waitlist,0.385921345762009,Gradient Boosting,Waitlist,0.385921345762009
860,Waitlist,0.20588235294117635,Admit,0.5460930876815104,Waitlist,0.43841584168165015,Gradient Boosting,Waitlist,0.43841584168165015
861,Admit,0.6351351351351351,Admit,0.5208197189618448,Waitlist,0.43699978903086895,Gradient Boosting,Waitlist,0.43699978903086895
863,Admit,1.0,Waitlist,0.38263735053359094,Admit,0.5599521273096372,Gradient Boosting,Admit,0.5599521273096372
865,Waitlist,0.4545454545454544,Waitlist,0.4196722424757347,Admit,0.5089180485753158,Gradient Boosting,Admit,0.5089180485753158
866,Admit,1.0,Waitlist,0.44173685931495255,Admit,0.8365086007808362,Gradient Boosting,Admit,0.8365086007808362
867,Admit,1.0,Waitlist,0.3079120020752298,Waitlist,0.35383985317991823,Gradient Boosting,Waitlist,0.35383985317991823
869,Admit,0.6351351351351351,Admit,0.5102153310220885,Waitlist,0.2953815476231897,Gradient Boosting,Waitlist,0.2953815476231897
870,Admit,0.6029411764705921,Admit,0.5936822135136488,Admit,0.6252366009280508,Gradient Boosting,Admit,0.6252366009280508
871,Waitlist,0.4545454545454544,Waitlist,0.4800341705820485,Waitlist,0.20111169314210178,Gradient Boosting,Waitlist,0.20111169314210178
873,Admit,1.0,Admit,0.7609821711543122,Admit,0.8650596044671741,Gradient Boosting,Admit,0.8650596044671741
874,Waitlist,0.4545454545454544,Waitlist,0.3537226892793216,Waitlist,0.13904352769022432,Gradient Boosting,Waitlist,0.13904352769022432
875,Waitlist,0.027027027027027025,Admit,0.5080855120691693,Waitlist,0.3304346473489859,Gradient Boosting,Waitlist,0.3304346473489859
876,Waitlist,0.23404255319148923,Admit,0.5280126553523249,Admit,0.6026573357806005,Gradient Boosting,Admit,0.6026573357806005
877,Admit,0.625,Admit,0.6058082940094627,Admit,0.6364226253057168,Gradient Boosting,Admit,0.6364226253057168
878,Admit,0.6029411764705921,Admit,0.7445818425316284,Admit,0.7302674143533653,Gradient Boosting,Admit,0.7302674143533653
879,Waitlist,0.027027027027027025,Waitlist,0.3992680034858551,Waitlist,0.2047545142702919,Gradient Boosting,Waitlist,0.2047545142702919
881,Admit,1.0,Waitlist,0.47742697531596406,Waitlist,0.4705416494178749,Gradient Boosting,Waitlist,0.4705416494178749
883,Admit,1.0,Waitlist,0.3918253152319794,Waitlist,0.4338401124060393,Gradient Boosting,Waitlist,0.4338401124060393
884,Waitlist,0.13461538461538458,Waitlist,0.37419231080121107,Admit,0.5280993547183898,Gradient Boosting,Admit,0.5280993547183898
885,Waitlist,0.0869565217391304,Waitlist,0.39753038734248985,Waitlist,0.3004374561880125,Gradient Boosting,Waitlist,0.3004374561880125
888,Admit,0.6351351351351351,Waitlist,0.4895416598819546,Waitlist,0.40140768434882707,Gradient Boosting,Waitlist,0.40140768434882707
889,Waitlist,0.4905660377358487,Waitlist,0.43582633472926546,Waitlist,0.33304766581989154,Gradient Boosting,Waitlist,0.33304766581989154
890,Waitlist,0.4545454545454544,Waitlist,0.3845523087421445,Waitlist,0.159714109638036,Gradient Boosting,Waitlist,0.159714109638036
891,Admit,0.6351351351351351,Admit,0.5972885324550827,Waitlist,0.47172457376893173,Gradient Boosting,Waitlist,0.47172457376893173
892,Waitlist,0.0869565217391304,Waitlist,0.2529342286829283,Waitlist,0.14330832257260254,Gradient Boosting,Waitlist,0.14330832257260254
893,Waitlist,0.20588235294117635,Admit,0.5946392396037188,Admit,0.5392793270430164,Gradient Boosting,Admit,0.5392793270430164
894,Waitlist,0.13461538461538458,Waitlist,0.3135680375365799,Waitlist,0.29884978224813474,Gradient Boosting,Waitlist,0.29884978224813474
895,Waitlist,0.4905660377358487,Waitlist,0.3657970614363452,Waitlist,0.4196241114667859,Gradient Boosting,Waitlist,0.4196241114667859
898,Admit,0.6029411764705921,Admit,0.6164972334265315,Admit,0.5767279422759398,Gradient Boosting,Admit,0.5767279422759398
899,Waitlist,0.027027027027027025,Admit,0.5268451378885356,Waitlist,0.37449282919165083,Gradient Boosting,Waitlist,0.37449282919165083
900,Waitlist,0.23404255319148923,Admit,0.6358488184947183,Admit,0.6111648872522447,Gradient Boosting,Admit,0.6111648872522447
901,Admit,1.0,Waitlist,0.33743174607707566,Admit,0.5566672315396753,Gradient Boosting,Admit,0.5566672315396753
902,Waitlist,0.4905660377358487,Waitlist,0.3039916719602409,Waitlist,0.24080760667990156,Gradient Boosting,Waitlist,0.24080760667990156
903,Admit,1.0,Waitlist,0.35784897553833406,Waitlist,0.4519172570268361,Gradient Boosting,Waitlist,0.4519172570268361
906,Waitlist,0.4905660377358487,Waitlist,0.29871977051246246,Waitlist,0.2170137585245863,Gradient Boosting,Waitlist,0.2170137585245863
907,Waitlist,0.23404255319148923,Waitlist,0.4752165816631442,Waitlist,0.4361893574789776,Gradient Boosting,Waitlist,0.4361893574789776
908,Admit,1.0,Waitlist,0.43862495590376466,Admit,0.6046884777744078,Gradient Boosting,Admit,0.6046884777744078
909,Admit,0.5909090909090908,Admit,0.6343113364690414,Waitlist,0.41156753340080704,Gradient Boosting,Waitlist,0.41156753340080704
910,Waitlist,0.0869565217391304,Waitlist,0.2728558829237624,Waitlist,0.12852987269051525,Gradient Boosting,Waitlist,0.12852987269051525
911,Admit,0.8301886792452832,Admit,0.704316741218686,Admit,0.631207388349173,Gradient Boosting,Admit,0.631207388349173
913,Admit,0.8301886792452832,Admit,0.6910708748934835,Admit,0.7057637290531734,Gradient Boosting,Admit,0.7057637290531734
914,Waitlist,0.13461538461538458,Waitlist,0.28888828079120876,Waitlist,0.263581695569955,Gradient Boosting,Waitlist,0.263581695569955
915,Admit,0.5909090909090908,Waitlist,0.4556194067239601,Waitlist,0.3802480490367168,Gradient Boosting,Waitlist,0.3802480490367168
916,Waitlist,0.13461538461538458,Waitlist,0.45672001274691354,Waitlist,0.38309965286324965,Gradient Boosting,Waitlist,0.38309965286324965
917,Waitlist,0.4905660377358487,Waitlist,0.317555773477285,Waitlist,0.3213377989545945,Gradient Boosting,Waitlist,0.3213377989545945
918,Waitlist,0.13461538461538458,Waitlist,0.3840840255086921,Admit,0.5253150888778645,Gradient Boosting,Admit,0.5253150888778645
919,Admit,0.5909090909090908,Admit,0.5150350429266389,Admit,0.524753818606982,Gradient Boosting,Admit,0.524753818606982
920,Waitlist,0.37931034482758613,Admit,0.7359760043632444,Admit,0.7220430930710552,Gradient Boosting,Admit,0.7220430930710552
921,Admit,0.5909090909090908,Waitlist,0.4974958082433011,Admit,0.5236862549278417,Gradient Boosting,Admit,0.5236862549278417
923,Admit,0.6029411764705921,Admit,0.6902049332956862,Admit,0.7219569493648079,Gradient Boosting,Admit,0.7219569493648079
924,Admit,1.0,Admit,0.5582847736993243,Admit,0.8262647516498638,Gradient Boosting,Admit,0.8262647516498638
925,Admit,0.5909090909090908,Waitlist,0.49352992332277806,Waitlist,0.4892350993234074,Gradient Boosting,Waitlist,0.4892350993234074
927,Waitlist,0.4905660377358487,Waitlist,0.35468566892753783,Waitlist,0.47353291621536403,Gradient Boosting,Waitlist,0.47353291621536403
929,Admit,1.0,Admit,0.7787995256911046,Admit,0.7910612166306052,Gradient Boosting,Admit,0.7910612166306052
930,Waitlist,0.0869565217391304,Waitlist,0.3147516440585028,Waitlist,0.2537741785891159,Gradient Boosting,Waitlist,0.2537741785891159
931,Waitlist,0.0869565217391304,Waitlist,0.251039950164322,Waitlist,0.13132808336907104,Gradient Boosting,Waitlist,0.13132808336907104
933,Waitlist,0.13461538461538458,Waitlist,0.35862191371248825,Waitlist,0.33672543244048864,Gradient Boosting,Waitlist,0.33672543244048864
934,Waitlist,0.4905660377358487,Waitlist,0.34895702280842805,Waitlist,0.2839474592084797,Gradient Boosting,Waitlist,0.2839474592084797
936,Waitlist,0.4545454545454544,Waitlist,0.3028256303838203,Waitlist,0.1681978756718767,Gradient Boosting,Waitlist,0.1681978756718767
937,Waitlist,0.4905660377358487,Waitlist,0.41965852028081807,Waitlist,0.35801204215411214,Gradient Boosting,Waitlist,0.35801204215411214
938,Admit,1.0,Admit,0.6928686969670306,Admit,0.7965932165125826,Gradient Boosting,Admit,0.7965932165125826
940,Admit,0.6029411764705921,Admit,0.5809879945839805,Waitlist,0.498753283352253,Gradient Boosting,Waitlist,0.498753283352253
941,Waitlist,0.4905660377358487,Waitlist,0.27820886572217735,Waitlist,0.1881570203026743,Gradient Boosting,Waitlist,0.1881570203026743
942,Waitlist,0.4905660377358487,Waitlist,0.3138816047645548,Waitlist,0.21683126442068884,Gradient Boosting,Waitlist,0.21683126442068884
943,Waitlist,0.13461538461538458,Waitlist,0.47506967951999873,Waitlist,0.4478039664118983,Gradient Boosting,Waitlist,0.4478039664118983
945,Admit,0.6029411764705921,Admit,0.756900767674197,Admit,0.7434063360790564,Gradient Boosting,Admit,0.7434063360790564
946,Admit,1.0,Waitlist,0.32585689644892757,Admit,0.5113578702877096,Gradient Boosting,Admit,0.5113578702877096
947,Admit,0.6029411764705921,Admit,0.6466952795064221,Admit,0.5928488432349863,Gradient Boosting,Admit,0.5928488432349863
948,Waitlist,0.0869565217391304,Waitlist,0.37810811930719945,Waitlist,0.17062112673354232,Gradient Boosting,Waitlist,0.17062112673354232
949,Admit,1.0,Waitlist,0.35349969940098364,Waitlist,0.4133063100570249,Gradient Boosting,Waitlist,0.4133063100570249
950,Waitlist,0.4905660377358487,Waitlist,0.42490672316081196,Waitlist,0.38434637093153173,Gradient Boosting,Waitlist,0.38434637093153173
951,Waitlist,0.4905660377358487,Waitlist,0.49364461187376396,Waitlist,0.39460966180402374,Gradient Boosting,Waitlist,0.39460966180402374
952,Admit,1.0,Waitlist,0.36791998077604693,Admit,0.6181633244525868,Gradient Boosting,Admit,0.6181633244525868
953,Admit,1.0,Admit,0.6538796185781408,Admit,0.5597178428446998,Gradient Boosting,Admit,0.5597178428446998
954,Waitlist,0.13461538461538458,Waitlist,0.3589315445552646,Waitlist,0.26996915810095046,Gradient Boosting,Waitlist,0.26996915810095046
955,Waitlist,0.4905660377358487,Waitlist,0.4826256831127796,Waitlist,0.4499820017256865,Gradient Boosting,Waitlist,0.4499820017256865
956,Waitlist,0.3571428571428568,Admit,0.6263570801146561,Waitlist,0.4324529005635357,Gradient Boosting,Waitlist,0.4324529005635357
957,Waitlist,0.4545454545454544,Waitlist,0.4181207316703802,Waitlist,0.32864079974415156,Gradient Boosting,Waitlist,0.32864079974415156
958,Waitlist,0.4905660377358487,Waitlist,0.3384360997030021,Waitlist,0.2171000371940578,Gradient Boosting,Waitlist,0.2171000371940578
959,Waitlist,0.20588235294117635,Waitlist,0.46602708029011486,Waitlist,0.4639175932838848,Gradient Boosting,Waitlist,0.4639175932838848
960,Waitlist,0.4905660377358487,Waitlist,0.30713959816264425,Waitlist,0.26032496779672964,Gradient Boosting,Waitlist,0.26032496779672964
963,Waitlist,0.3571428571428568,Waitlist,0.4046217486207841,Admit,0.5088529632915858,Gradient Boosting,Admit,0.5088529632915858
964,Admit,1.0,Waitlist,0.3027379925369569,Waitlist,0.44680935277134387,Gradient Boosting,Waitlist,0.44680935277134387
965,Waitlist,0.3571428571428568,Waitlist,0.3297131246947148,Waitlist,0.34698421163552445,Gradient Boosting,Waitlist,0.34698421163552445
966,Waitlist,0.13461538461538458,Waitlist,0.2948226161126105,Admit,0.5228167559627243,Gradient Boosting,Admit,0.5228167559627243
967,Admit,0.6029411764705921,Admit,0.5696995075935596,Admit,0.6008363563935001,Gradient Boosting,Admit,0.6008363563935001
970,Waitlist,0.1627906976744185,Waitlist,0.3443454029652298,Waitlist,0.2886441140339605,Gradient Boosting,Waitlist,0.2886441140339605
971,Waitlist,0.4905660377358487,Waitlist,0.46456521991133437,Admit,0.5814187512402557,Gradient Boosting,Admit,0.5814187512402557
972,Waitlist,0.20588235294117635,Waitlist,0.49938396811512525,Waitlist,0.44815976617659864,Gradient Boosting,Waitlist,0.44815976617659864
973,Admit,1.0,Waitlist,0.4147775237950014,Admit,0.6086395469884732,Gradient Boosting,Admit,0.6086395469884732
974,Waitlist,0.4905660377358487,Waitlist,0.35017984651084966,Waitlist,0.25101717824181147,Gradient Boosting,Waitlist,0.25101717824181147
976,Waitlist,0.0869565217391304,Admit,0.5669364409519153,Admit,0.6349429989521925,Gradient Boosting,Admit,0.6349429989521925
977,Admit,0.6029411764705921,Admit,0.7327008621922734,Admit,0.7893448600164612,Gradient Boosting,Admit,0.7893448600164612
978,Admit,1.0,Admit,0.6246351171570788,Admit,0.6669099119363686,Gradient Boosting,Admit,0.6669099119363686
979,Waitlist,0.4905660377358487,Waitlist,0.3114747231075846,Waitlist,0.38764212461697745,Gradient Boosting,Waitlist,0.38764212461697745
980,Waitlist,0.23404255319148923,Waitlist,0.3546274213574364,Waitlist,0.31886473707380997,Gradient Boosting,Waitlist,0.31886473707380997
981,Admit,0.6351351351351351,Admit,0.514034709384432,Waitlist,0.3884240855216854,Gradient Boosting,Waitlist,0.3884240855216854
982,Waitlist,0.4905660377358487,Waitlist,0.29074713399970337,Waitlist,0.07642281309955318,Gradient Boosting,Waitlist,0.07642281309955318
983,Waitlist,0.0869565217391304,Waitlist,0.3856541746780298,Waitlist,0.19472728584725432,Gradient Boosting,Waitlist,0.19472728584725432
984,Admit,0.8301886792452832,Admit,0.7539606108301045,Admit,0.6781824099881107,Gradient Boosting,Admit,0.6781824099881107
985,Waitlist,0.027027027027027025,Waitlist,0.4557206097221203,Waitlist,0.28914131329544734,Gradient Boosting,Waitlist,0.28914131329544734
986,Waitlist,0.4905660377358487,Waitlist,0.26777983865075583,Waitlist,0.15639193917255748,Gradient Boosting,Waitlist,0.15639193917255748
987,Waitlist,0.4905660377358487,Admit,0.5312814424209347,Waitlist,0.4307221610694893,Gradient Boosting,Waitlist,0.4307221610694893
988,Waitlist,0.3571428571428568,Waitlist,0.3707661774605357,Waitlist,0.32035651132648985,Gradient Boosting,Waitlist,0.32035651132648985
989,Waitlist,0.14285714285714282,Waitlist,0.30074017789439594,Waitlist,0.17269188676156355,Gradient Boosting,Waitlist,0.17269188676156355
991,Admit,1.0,Waitlist,0.3585609936723352,Admit,0.5468805064726942,Gradient Boosting,Admit,0.5468805064726942
992,Admit,0.8301886792452832,Admit,0.669728023894529,Admit,0.6569555407723552,Gradient Boosting,Admit,0.6569555407723552
993,Waitlist,0.0869565217391304,Waitlist,0.3211886388864382,Waitlist,0.12774360590869024,Gradient Boosting,Waitlist,0.12774360590869024
994,Admit,1.0,Waitlist,0.3634421129819494,Admit,0.5604246329036429,Gradient Boosting,Admit,0.5604246329036429
996,Waitlist,0.0869565217391304,Waitlist,0.23960496267083342,Waitlist,0.060220480101058294,Gradient Boosting,Waitlist,0.060220480101058294
997,Waitlist,0.20588235294117635,Admit,0.527982055852782,Waitlist,0.47172457376893173,Gradient Boosting,Waitlist,0.47172457376893173
998,Waitlist,0.13461538461538458,Waitlist,0.3999751634227749,Waitlist,0.3567782996506454,Gradient Boosting,Waitlist,0.3567782996506454
999,Admit,0.6029411764705921,Admit,0.5873857551461037,Admit,0.60144425768128,Gradient Boosting,Admit,0.60144425768128
1001,Admit,0.6351351351351351,Admit,0.5176271905124433,Waitlist,0.30637886212472787,Gradient Boosting,Waitlist,0.30637886212472787
1002,Waitlist,0.4905660377358487,Waitlist,0.4828241714520634,Waitlist,0.39444552569355446,Gradient Boosting,Waitlist,0.39444552569355446
1003,Waitlist,0.3571428571428568,Waitlist,0.4471090134994719,Waitlist,0.2921470946298662,Gradient Boosting,Waitlist,0.2921470946298662
1004,Admit,0.6029411764705921,Admit,0.6336215024476691,Admit,0.6719954410404201,Gradient Boosting,Admit,0.6719954410404201
1005,Admit,0.6029411764705921,Admit,0.7101918129030935,Admit,0.6296698362558354,Gradient Boosting,Admit,0.6296698362558354
1006,Waitlist,0.23404255319148923,Waitlist,0.4822156731791322,Waitlist,0.32916392671492695,Gradient Boosting,Waitlist,0.32916392671492695
1007,Waitlist,0.13461538461538458,Waitlist,0.31955786477780546,Waitlist,0.29576489623390906,Gradient Boosting,Waitlist,0.29576489623390906
1008,Waitlist,0.4905660377358487,Waitlist,0.3438971415926125,Waitlist,0.2644250288358969,Gradient Boosting,Waitlist,0.2644250288358969
1010,Waitlist,0.027027027027027025,Waitlist,0.3249386879183243,Waitlist,0.17767415918652668,Gradient Boosting,Waitlist,0.17767415918652668
1011,Admit,0.6351351351351351,Admit,0.5111232438899059,Admit,0.6390983341550783,Gradient Boosting,Admit,0.6390983341550783
1012,Waitlist,0.20588235294117635,Waitlist,0.41453088203700117,Waitlist,0.4256512110166183,Gradient Boosting,Waitlist,0.4256512110166183
1013,Admit,0.6029411764705921,Admit,0.615506900196533,Admit,0.6314294361718797,Gradient Boosting,Admit,0.6314294361718797
1014,Admit,0.6029411764705921,Admit,0.6243377470241409,Admit,0.5202494525239245,Gradient Boosting,Admit,0.5202494525239245
1015,Waitlist,0.4545454545454544,Waitlist,0.3977972073776013,Waitlist,0.31634399411352654,Gradient Boosting,Waitlist,0.31634399411352654
1016,Waitlist,0.4905660377358487,Waitlist,0.32208491513930865,Waitlist,0.236842521256384,Gradient Boosting,Waitlist,0.236842521256384
1019,Admit,0.6029411764705921,Admit,0.6119070909331877,Admit,0.614670298630164,Gradient Boosting,Admit,0.614670298630164
1020,Waitlist,0.4905660377358487,Waitlist,0.3287034404465007,Waitlist,0.3216359317156865,Gradient Boosting,Waitlist,0.3216359317156865
1023,Waitlist,0.0869565217391304,Waitlist,0.32957054130952246,Waitlist,0.12793741893342195,Gradient Boosting,Waitlist,0.12793741893342195
1024,Waitlist,0.027027027027027025,Admit,0.5016435148665918,Waitlist,0.35218024462032327,Gradient Boosting,Waitlist,0.35218024462032327
1025,Waitlist,0.4905660377358487,Waitlist,0.2931574539201093,Waitlist,0.26491590395611075,Gradient Boosting,Waitlist,0.26491590395611075
1026,Waitlist,0.13461538461538458,Waitlist,0.3063444676705619,Waitlist,0.25903851512972054,Gradient Boosting,Waitlist,0.25903851512972054
1027,Admit,0.6029411764705921,Admit,0.7436291909144389,Admit,0.705244704697817,Gradient Boosting,Admit,0.705244704697817
1028,Waitlist,0.13461538461538458,Waitlist,0.33500616644361114,Waitlist,0.265552588696647,Gradient Boosting,Waitlist,0.265552588696647
1030,Waitlist,0.0869565217391304,Waitlist,0.38011230714221106,Waitlist,0.24531393092861797,Gradient Boosting,Waitlist,0.24531393092861797
1031,Waitlist,0.027027027027027025,Waitlist,0.2597460877767719,Waitlist,0.18690980524438797,Gradient Boosting,Waitlist,0.18690980524438797
1032,Waitlist,0.4905660377358487,Waitlist,0.3670408964170938,Waitlist,0.16451399960270582,Gradient Boosting,Waitlist,0.16451399960270582
1034,Waitlist,0.4905660377358487,Waitlist,0.4644781655094746,Admit,0.6684750610219148,Gradient Boosting,Admit,0.6684750610219148
1036,Waitlist,0.4545454545454544,Waitlist,0.35234591546985683,Waitlist,0.21420834499408403,Gradient Boosting,Waitlist,0.21420834499408403
1037,Admit,1.0,Waitlist,0.3234650439387016,Waitlist,0.3856495706915565,Gradient Boosting,Waitlist,0.3856495706915565
1038,Waitlist,0.3571428571428568,Admit,0.5001779352073785,Admit,0.5026917552045821,Gradient Boosting,Admit,0.5026917552045821
1039,Waitlist,0.23404255319148923,Admit,0.5308878894516117,Admit,0.5281863447515532,Gradient Boosting,Admit,0.5281863447515532
1040,Waitlist,0.027027027027027025,Waitlist,0.37454407323266015,Waitlist,0.1717536984608489,Gradient Boosting,Waitlist,0.1717536984608489
1041,Admit,0.6351351351351351,Waitlist,0.46172653697636445,Waitlist,0.385921345762009,Gradient Boosting,Waitlist,0.385921345762009
1043,Waitlist,0.4905660377358487,Waitlist,0.3744001769017459,Waitlist,0.21668761689479377,Gradient Boosting,Waitlist,0.21668761689479377
1044,Waitlist,0.4545454545454544,Waitlist,0.4382883580364876,Waitlist,0.1754484759970115,Gradient Boosting,Waitlist,0.1754484759970115
1046,Waitlist,0.027027027027027025,Waitlist,0.3228724292417189,Waitlist,0.17730311240173605,Gradient Boosting,Waitlist,0.17730311240173605
1047,Admit,1.0,Waitlist,0.31946239383076186,Waitlist,0.34446983349233007,Gradient Boosting,Waitlist,0.34446983349233007
1048,Waitlist,0.4905660377358487,Waitlist,0.37156023267547056,Waitlist,0.2968081120027022,Gradient Boosting,Waitlist,0.2968081120027022
1049,Waitlist,0.4905660377358487,Waitlist,0.3842907788493835,Waitlist,0.2909800101689726,Gradient Boosting,Waitlist,0.2909800101689726
1050,Waitlist,0.4905660377358487,Admit,0.5605763205204943,Admit,0.662785227239773,Gradient Boosting,Admit,0.662785227239773
1051,Waitlist,0.4545454545454544,Waitlist,0.4143892219618161,Waitlist,0.1754484759970115,Gradient Boosting,Waitlist,0.1754484759970115
1052,Waitlist,0.14285714285714282,Waitlist,0.2564497115709009,Waitlist,0.23007890263009945,Gradient Boosting,Waitlist,0.23007890263009945
1053,Waitlist,0.13461538461538458,Waitlist,0.34122078195553024,Waitlist,0.23897936188641197,Gradient Boosting,Waitlist,0.23897936188641197
1054,Waitlist,0.4905660377358487,Waitlist,0.4422363788351573,Waitlist,0.2928434276283758,Gradient Boosting,Waitlist,0.2928434276283758
1056,Waitlist,0.4905660377358487,Waitlist,0.44405918263971517,Waitlist,0.46383544709427765,Gradient Boosting,Waitlist,0.46383544709427765
1057,Waitlist,0.20588235294117635,Admit,0.5293104834770959,Waitlist,0.46531707771053815,Gradient Boosting,Waitlist,0.46531707771053815
1058,Admit,0.6351351351351351,Waitlist,0.39017144162279893,Waitlist,0.3325055360291856,Gradient Boosting,Waitlist,0.3325055360291856
1059,Admit,0.6029411764705921,Admit,0.6576225821362368,Admit,0.768745167617368,Gradient Boosting,Admit,0.768745167617368
1060,Waitlist,0.4905660377358487,Waitlist,0.314951786232624,Waitlist,0.21501797894322514,Gradient Boosting,Waitlist,0.21501797894322514
1061,Waitlist,0.13461538461538458,Waitlist,0.34771230020779065,Waitlist,0.33672543244048864,Gradient Boosting,Waitlist,0.33672543244048864
1062,Admit,0.6029411764705921,Admit,0.7085160723198407,Admit,0.6134949789996719,Gradient Boosting,Admit,0.6134949789996719
1064,Waitlist,0.4905660377358487,Waitlist,0.35128451972899505,Waitlist,0.38258010543199233,Gradient Boosting,Waitlist,0.38258010543199233
1065,Waitlist,0.4545454545454544,Waitlist,0.33072068780153907,Waitlist,0.3977910572372972,Gradient Boosting,Waitlist,0.3977910572372972
1066,Waitlist,0.027027027027027025,Waitlist,0.351122234050713,Waitlist,0.24859797770504288,Gradient Boosting,Waitlist,0.24859797770504288
1067,Admit,1.0,Waitlist,0.3540924366467052,Admit,0.6065463906389583,Gradient Boosting,Admit,0.6065463906389583
1068,Waitlist,0.13461538461538458,Waitlist,0.260628594173784,Waitlist,0.21988972834674297,Gradient Boosting,Waitlist,0.21988972834674297
1069,Waitlist,0.4905660377358487,Waitlist,0.3329211587005983,Waitlist,0.2918490838666771,Gradient Boosting,Waitlist,0.2918490838666771
1070,Waitlist,0.027027027027027025,Waitlist,0.2957919072624279,Waitlist,0.09354854415522845,Gradient Boosting,Waitlist,0.09354854415522845
1071,Waitlist,0.0869565217391304,Waitlist,0.2813065927541072,Waitlist,0.4013336504341046,Gradient Boosting,Waitlist,0.4013336504341046
1072,Waitlist,0.027027027027027025,Waitlist,0.45888327596690476,Waitlist,0.32037267728181895,Gradient Boosting,Waitlist,0.32037267728181895
1073,Waitlist,0.14285714285714282,Waitlist,0.261734177724845,Waitlist,0.1585215397230722,Gradient Boosting,Waitlist,0.1585215397230722
1075,Waitlist,0.4905660377358487,Waitlist,0.4716571813012466,Waitlist,0.430828342160353,Gradient Boosting,Waitlist,0.430828342160353
1077,Waitlist,0.13461538461538458,Waitlist,0.2681826499913059,Waitlist,0.25903851512972054,Gradient Boosting,Waitlist,0.25903851512972054
1080,Admit,0.5909090909090908,Admit,0.6636510521436773,Admit,0.8422980120365969,Gradient Boosting,Admit,0.8422980120365969
1081,Admit,1.0,Waitlist,0.37264400416843846,Admit,0.5880107916391274,Gradient Boosting,Admit,0.5880107916391274
1082,Waitlist,0.4545454545454544,Waitlist,0.45368075130248503,Waitlist,0.4738875214982291,Gradient Boosting,Waitlist,0.4738875214982291
1083,Waitlist,0.4905660377358487,Waitlist,0.47693464792722523,Waitlist,0.3908047770823561,Gradient Boosting,Waitlist,0.3908047770823561
1084,Admit,0.6029411764705921,Admit,0.6329346606298033,Admit,0.576253466290961,Gradient Boosting,Admit,0.576253466290961
1085,Waitlist,0.13461538461538458,Waitlist,0.36169738813851054,Waitlist,0.3041359955384286,Gradient Boosting,Waitlist,0.3041359955384286
1086,Admit,0.8301886792452832,Admit,0.6510885870948235,Admit,0.6485829476635462,Gradient Boosting,Admit,0.6485829476635462
1088,Admit,1.0,Admit,0.6568160182521027,Admit,0.6985289166754834,Gradient Boosting,Admit,0.6985289166754834
1089,Waitlist,0.13461538461538458,Waitlist,0.3628335758246523,Admit,0.5191316994259708,Gradient Boosting,Admit,0.5191316994259708
1090,Admit,0.5909090909090908,Admit,0.5181959674956053,Admit,0.5479403333655516,Gradient Boosting,Admit,0.5479403333655516
1091,Admit,1.0,Admit,0.521843695254982,Admit,0.6957904020942539,Gradient Boosting,Admit,0.6957904020942539
1092,Admit,0.6351351351351351,Admit,0.5909456523506127,Admit,0.5066048057261318,Gradient Boosting,Admit,0.5066048057261318
1093,Admit,1.0,Waitlist,0.32433134881722336,Admit,0.7351902101991746,Gradient Boosting,Admit,0.7351902101991746
1094,Waitlist,0.1627906976744185,Waitlist,0.38976537204347744,Waitlist,0.4466188094413256,Gradient Boosting,Waitlist,0.4466188094413256
1095,Waitlist,0.4905660377358487,Waitlist,0.4259949432901026,Admit,0.5605303116579229,Gradient Boosting,Admit,0.5605303116579229
1097,Waitlist,0.4905660377358487,Waitlist,0.3916433816780371,Waitlist,0.2978968388915847,Gradient Boosting,Waitlist,0.2978968388915847
1098,Admit,0.6029411764705921,Admit,0.7116046424676363,Admit,0.891316227643322,Gradient Boosting,Admit,0.891316227643322
1099,Waitlist,0.4905660377358487,Waitlist,0.42155864712895413,Waitlist,0.2590872893477124,Gradient Boosting,Waitlist,0.2590872893477124
1100,Waitlist,0.4905660377358487,Waitlist,0.32755708782804605,Waitlist,0.3782218530998283,Gradient Boosting,Waitlist,0.3782218530998283
1101,Admit,0.6029411764705921,Admit,0.7874052863292381,Admit,0.8291829185814112,Gradient Boosting,Admit,0.8291829185814112
1102,Admit,0.6029411764705921,Admit,0.728926929895752,Admit,0.7007564224657257,Gradient Boosting,Admit,0.7007564224657257
1103,Admit,1.0,Admit,0.5078636364459809,Admit,0.6363235202156791,Gradient Boosting,Admit,0.6363235202156791
1104,Admit,0.6029411764705921,Admit,0.7196950995037092,Admit,0.7281533881124772,Gradient Boosting,Admit,0.7281533881124772
1105,Waitlist,0.13461538461538458,Waitlist,0.3244082515168445,Waitlist,0.3059101589069649,Gradient Boosting,Waitlist,0.3059101589069649
1106,Waitlist,0.4905660377358487,Waitlist,0.43509618225782504,Admit,0.554736294311051,Gradient Boosting,Admit,0.554736294311051
1107,Waitlist,0.4905660377358487,Waitlist,0.3178384771789304,Waitlist,0.2022909613597452,Gradient Boosting,Waitlist,0.2022909613597452
1108,Waitlist,0.14285714285714282,Waitlist,0.26183321461828013,Waitlist,0.18605318001037482,Gradient Boosting,Waitlist,0.18605318001037482
1109,Waitlist,0.4905660377358487,Waitlist,0.3762953547758306,Waitlist,0.2951056410422317,Gradient Boosting,Waitlist,0.2951056410422317
1110,Admit,0.6029411764705921,Admit,0.6172012902593605,Admit,0.6981110120641486,Gradient Boosting,Admit,0.6981110120641486
1111,Admit,0.6351351351351351,Admit,0.6740584069199325,Admit,0.5112065393305302,Gradient Boosting,Admit,0.5112065393305302
1112,Waitlist,0.13461538461538458,Waitlist,0.40704661125685143,Waitlist,0.40897520221114153,Gradient Boosting,Waitlist,0.40897520221114153
1113,Admit,1.0,Waitlist,0.2632417688040881,Waitlist,0.45581800355553703,Gradient Boosting,Waitlist,0.45581800355553703
1114,Waitlist,0.37931034482758613,Admit,0.6472224275951478,Admit,0.648437531393954,Gradient Boosting,Admit,0.648437531393954
1115,Waitlist,0.0869565217391304,Waitlist,0.2707201883050263,Waitlist,0.13641363323259617,Gradient Boosting,Waitlist,0.13641363323259617
1116,Waitlist,0.23404255319148923,Admit,0.5715640576913804,Admit,0.5085965927322228,Gradient Boosting,Admit,0.5085965927322228
1117,Waitlist,0.3571428571428568,Waitlist,0.4983158380242812,Waitlist,0.2921470946298662,Gradient Boosting,Waitlist,0.2921470946298662
1119,Waitlist,0.20588235294117635,Admit,0.5429327999981038,Waitlist,0.4705160930753412,Gradient Boosting,Waitlist,0.4705160930753412
1120,Waitlist,0.3571428571428571,Waitlist,0.29721196980296294,Waitlist,0.2943371599168385,Gradient Boosting,Waitlist,0.2943371599168385
1121,Waitlist,0.4905660377358487,Admit,0.5177509207364467,Waitlist,0.4094025293513182,Gradient Boosting,Waitlist,0.4094025293513182
1123,Admit,1.0,Admit,0.7352560528398325,Admit,0.930211046804405,Gradient Boosting,Admit,0.930211046804405
1124,Admit,0.6029411764705921,Admit,0.6576179502126203,Admit,0.7186670202737377,Gradient Boosting,Admit,0.7186670202737377
1126,Waitlist,0.0869565217391304,Waitlist,0.2682143537520274,Waitlist,0.08780633697144702,Gradient Boosting,Waitlist,0.08780633697144702
1128,Waitlist,0.4545454545454544,Waitlist,0.41017327614391325,Waitlist,0.1407168140137595,Gradient Boosting,Waitlist,0.1407168140137595
1129,Admit,1.0,Admit,0.6590077400181716,Admit,0.7571877194352287,Gradient Boosting,Admit,0.7571877194352287
1130,Admit,0.6029411764705921,Admit,0.6482336561585015,Admit,0.688055143140817,Gradient Boosting,Admit,0.688055143140817
1131,Waitlist,0.4905660377358487,Waitlist,0.42616103925163257,Waitlist,0.4095686798031934,Gradient Boosting,Waitlist,0.4095686798031934
1133,Admit,0.6351351351351351,Admit,0.5405812377817003,Waitlist,0.39929456076031505,Gradient Boosting,Waitlist,0.39929456076031505
1134,Waitlist,0.027027027027027025,Waitlist,0.31368531013844003,Waitlist,0.15853437046186983,Gradient Boosting,Waitlist,0.15853437046186983
1135,Admit,0.6029411764705921,Admit,0.632418033729712,Admit,0.6073012919290256,Gradient Boosting,Admit,0.6073012919290256
1136,Waitlist,0.4905660377358487,Waitlist,0.36254189838335593,Waitlist,0.2145213637340982,Gradient Boosting,Waitlist,0.2145213637340982
1137,Waitlist,0.4905660377358487,Waitlist,0.39666625593161614,Waitlist,0.1795720054688105,Gradient Boosting,Waitlist,0.1795720054688105
1138,Waitlist,0.4905660377358487,Waitlist,0.4926980053712812,Admit,0.5637650464764106,Gradient Boosting,Admit,0.5637650464764106
1139,Admit,0.6029411764705921,Admit,0.6505959246713187,Admit,0.6461484973641247,Gradient Boosting,Admit,0.6461484973641247
1140,Waitlist,0.23404255319148923,Admit,0.542280960369209,Waitlist,0.42443660134479577,Gradient Boosting,Waitlist,0.42443660134479577
1141,Waitlist,0.3571428571428568,Waitlist,0.3759547699119427,Admit,0.5088529632915858,Gradient Boosting,Admit,0.5088529632915858
1143,Admit,0.6029411764705921,Admit,0.7325532513755448,Admit,0.6657222090858186,Gradient Boosting,Admit,0.6657222090858186
1144,Admit,0.6351351351351351,Admit,0.526474482745024,Waitlist,0.46586758352716395,Gradient Boosting,Waitlist,0.46586758352716395
1145,Admit,1.0,Waitlist,0.39456890898216734,Admit,0.6169566445603142,Gradient Boosting,Admit,0.6169566445603142
1146,Waitlist,0.0869565217391304,Waitlist,0.4836465200305031,Waitlist,0.31413968510056445,Gradient Boosting,Waitlist,0.31413968510056445
1148,Waitlist,0.027027027027027025,Waitlist,0.37956641755532056,Waitlist,0.26997588169415543,Gradient Boosting,Waitlist,0.26997588169415543
1150,Waitlist,0.3571428571428568,Waitlist,0.32983670363408446,Waitlist,0.36452356095230065,Gradient Boosting,Waitlist,0.36452356095230065
1151,Waitlist,0.4905660377358487,Waitlist,0.44200764641455287,Admit,0.5451484228092617,Gradient Boosting,Admit,0.5451484228092617
1153,Admit,0.8301886792452832,Admit,0.7423600762784257,Admit,0.6691366793900407,Gradient Boosting,Admit,0.6691366793900407
1154,Waitlist,0.13461538461538458,Waitlist,0.35940444452434694,Admit,0.7067349493313345,Gradient Boosting,Admit,0.7067349493313345
1155,Admit,1.0,Admit,0.6716063718558108,Admit,0.6697234119783297,Gradient Boosting,Admit,0.6697234119783297
1156,Admit,0.5909090909090908,Admit,0.5568597977095671,Waitlist,0.4979206924028123,Gradient Boosting,Waitlist,0.4979206924028123
1159,Admit,1.0,Waitlist,0.44415626320877344,Admit,0.6516746971931338,Gradient Boosting,Admit,0.6516746971931338
1160,Admit,1.0,Waitlist,0.4042700860112581,Admit,0.6049218427348018,Gradient Boosting,Admit,0.6049218427348018
1161,Admit,0.6029411764705921,Admit,0.7727331735488415,Admit,0.8446481477893644,Gradient Boosting,Admit,0.8446481477893644
1162,Admit,0.8301886792452832,Admit,0.5282645203993465,Admit,0.5594462662945126,Gradient Boosting,Admit,0.5594462662945126
1163,Admit,1.0,Waitlist,0.3535336870437121,Waitlist,0.34217155332818555,Gradient Boosting,Waitlist,0.34217155332818555
1165,Admit,0.6029411764705921,Admit,0.743741266426968,Admit,0.7281533881124772,Gradient Boosting,Admit,0.7281533881124772
1166,Admit,1.0,Admit,0.6501590451244408,Admit,0.7683567879785566,Gradient Boosting,Admit,0.7683567879785566
1167,Waitlist,0.4545454545454544,Waitlist,0.435575065975249,Waitlist,0.36167106627926204,Gradient Boosting,Waitlist,0.36167106627926204
1169,Waitlist,0.13461538461538458,Waitlist,0.28050372516529065,Waitlist,0.14316182903984231,Gradient Boosting,Waitlist,0.14316182903984231
1171,Admit,0.8301886792452832,Admit,0.6541231401420016,Admit,0.5001005080161254,Gradient Boosting,Admit,0.5001005080161254
1172,Waitlist,0.13461538461538458,Waitlist,0.3030139710440288,Waitlist,0.30727009791854576,Gradient Boosting,Waitlist,0.30727009791854576
1173,Waitlist,0.13461538461538458,Waitlist,0.37857019011924975,Waitlist,0.25140259148890803,Gradient Boosting,Waitlist,0.25140259148890803
1174,Waitlist,0.14285714285714282,Waitlist,0.3430572483109946,Waitlist,0.16824565535848257,Gradient Boosting,Waitlist,0.16824565535848257
1176,Admit,0.6351351351351351,Waitlist,0.451295317238594,Admit,0.5746361805077653,Gradient Boosting,Admit,0.5746361805077653
1177,Waitlist,0.23404255319148923,Waitlist,0.4915890590645169,Admit,0.5281863447515532,Gradient Boosting,Admit,0.5281863447515532
1178,Waitlist,0.4905660377358487,Waitlist,0.39529846346768455,Waitlist,0.4842539751058248,Gradient Boosting,Waitlist,0.4842539751058248
1179,Admit,1.0,Admit,0.8054682684383002,Admit,0.7775565933221767,Gradient Boosting,Admit,0.7775565933221767
1180,Waitlist,0.4545454545454544,Waitlist,0.35493142531475397,Waitlist,0.16135687788200428,Gradient Boosting,Waitlist,0.16135687788200428
1181,Admit,1.0,Admit,0.528212655322209,Admit,0.5132034736522725,Gradient Boosting,Admit,0.5132034736522725
1183,Admit,1.0,Waitlist,0.3289183239652177,Waitlist,0.39361561269082473,Gradient Boosting,Waitlist,0.39361561269082473
1184,Admit,1.0,Waitlist,0.3112107283804978,Waitlist,0.20944829651989808,Gradient Boosting,Waitlist,0.20944829651989808
1185,Waitlist,0.0869565217391304,Waitlist,0.39179107922440815,Waitlist,0.33116480360036016,Gradient Boosting,Waitlist,0.33116480360036016
1186,Waitlist,0.0869565217391304,Waitlist,0.2589270187313286,Waitlist,0.10229747855516141,Gradient Boosting,Waitlist,0.10229747855516141
1188,Waitlist,0.37931034482758613,Admit,0.6756528501550104,Admit,0.7135786203954743,Gradient Boosting,Admit,0.7135786203954743
1190,Admit,0.6029411764705921,Admit,0.6601054086937559,Admit,0.5226331983375817,Gradient Boosting,Admit,0.5226331983375817
1191,Waitlist,0.13461538461538458,Waitlist,0.3033570095734989,Waitlist,0.23543787021779394,Gradient Boosting,Waitlist,0.23543787021779394
1192,Admit,1.0,Admit,0.5831194104818791,Admit,0.5597323522207093,Gradient Boosting,Admit,0.5597323522207093
1193,Waitlist,0.4905660377358487,Waitlist,0.34970215504583424,Waitlist,0.30369656808696077,Gradient Boosting,Waitlist,0.30369656808696077
1194,Admit,1.0,Waitlist,0.3436933012918494,Waitlist,0.40460546103206957,Gradient Boosting,Waitlist,0.40460546103206957
1195,Waitlist,0.4545454545454544,Waitlist,0.4005643258042495,Waitlist,0.2890423514754021,Gradient Boosting,Waitlist,0.2890423514754021
1196,Admit,1.0,Admit,0.8167528530083955,Admit,0.8803476073103196,Gradient Boosting,Admit,0.8803476073103196
1198,Waitlist,0.4905660377358487,Waitlist,0.32064418008375367,Waitlist,0.24434558946050672,Gradient Boosting,Waitlist,0.24434558946050672
1200,Waitlist,0.0869565217391304,Waitlist,0.36618571431427344,Waitlist,0.2797042460299966,Gradient Boosting,Waitlist,0.2797042460299966
1201,Waitlist,0.0869565217391304,Admit,0.5143989890472831,Waitlist,0.4724817126517351,Gradient Boosting,Waitlist,0.4724817126517351
1202,Waitlist,0.4905660377358487,Waitlist,0.3700447635123439,Waitlist,0.4402028963497359,Gradient Boosting,Waitlist,0.4402028963497359
1203,Waitlist,0.4905660377358487,Waitlist,0.23968808199579347,Waitlist,0.17718712251568375,Gradient Boosting,Waitlist,0.17718712251568375
1204,Admit,0.625,Admit,0.6723617795743557,Admit,0.6973247479217212,Gradient Boosting,Admit,0.6973247479217212
1205,Waitlist,0.13461538461538458,Waitlist,0.33428592931146894,Waitlist,0.2908428820905076,Gradient Boosting,Waitlist,0.2908428820905076
1206,Waitlist,0.4905660377358487,Waitlist,0.377954479875568,Waitlist,0.28746868794219316,Gradient Boosting,Waitlist,0.28746868794219316
1207,Waitlist,0.027027027027027025,Waitlist,0.3338183963727647,Waitlist,0.2901579070798556,Gradient Boosting,Waitlist,0.2901579070798556
1208,Waitlist,0.1627906976744185,Waitlist,0.28148345592166896,Waitlist,0.21647230746937893,Gradient Boosting,Waitlist,0.21647230746937893
1209,Admit,0.625,Admit,0.7310911874880458,Admit,0.7197037215692687,Gradient Boosting,Admit,0.7197037215692687
1210,Waitlist,0.4905660377358487,Waitlist,0.4308184782620782,Waitlist,0.3103109500058377,Gradient Boosting,Waitlist,0.3103109500058377
1211,Admit,1.0,Waitlist,0.3639795718419439,Admit,0.7351902101991746,Gradient Boosting,Admit,0.7351902101991746
1212,Admit,0.625,Admit,0.6061065846362177,Admit,0.5800087879907214,Gradient Boosting,Admit,0.5800087879907214
1213,Waitlist,0.0869565217391304,Waitlist,0.3358971858732618,Waitlist,0.22109375892588126,Gradient Boosting,Waitlist,0.22109375892588126
1214,Waitlist,0.13461538461538458,Waitlist,0.3503571521687675,Waitlist,0.23935639311244833,Gradient Boosting,Waitlist,0.23935639311244833
1215,Admit,0.5909090909090908,Waitlist,0.42081282646461077,Admit,0.530765470440818,Gradient Boosting,Admit,0.530765470440818
1216,Waitlist,0.13461538461538458,Waitlist,0.3461406655878129,Waitlist,0.4786927074560195,Gradient Boosting,Waitlist,0.4786927074560195
1217,Waitlist,0.027027027027027025,Waitlist,0.3850346628090202,Waitlist,0.24019281004007148,Gradient Boosting,Waitlist,0.24019281004007148
1219,Waitlist,0.13461538461538458,Waitlist,0.3875726175425454,Waitlist,0.3502607524240148,Gradient Boosting,Waitlist,0.3502607524240148
1220,Waitlist,0.027027027027027025,Waitlist,0.4069170744278356,Waitlist,0.21293636620222317,Gradient Boosting,Waitlist,0.21293636620222317
1221,Waitlist,0.027027027027027025,Waitlist,0.28701840618760976,Waitlist,0.12109921773144801,Gradient Boosting,Waitlist,0.12109921773144801
1222,Admit,0.6351351351351351,Waitlist,0.3904169545025103,Waitlist,0.37714013516675554,Gradient Boosting,Waitlist,0.37714013516675554
1223,Waitlist,0.0869565217391304,Waitlist,0.30178142247717854,Waitlist,0.17931456214866556,Gradient Boosting,Waitlist,0.17931456214866556
1224,Waitlist,0.4905660377358487,Waitlist,0.428837454220316,Admit,0.5618593697377304,Gradient Boosting,Admit,0.5618593697377304
1225,Admit,1.0,Waitlist,0.389761914007984,Admit,0.7790246640434443,Gradient Boosting,Admit,0.7790246640434443
1226,Admit,0.8301886792452832,Admit,0.7302540000620483,Admit,0.7474223399181003,Gradient Boosting,Admit,0.7474223399181003
1227,Waitlist,0.13461538461538458,Waitlist,0.29005807042592974,Waitlist,0.22827598097357518,Gradient Boosting,Waitlist,0.22827598097357518
1228,Admit,1.0,Waitlist,0.4741215456159022,Admit,0.8221017120177656,Gradient Boosting,Admit,0.8221017120177656
1229,Waitlist,0.4905660377358487,Waitlist,0.4014885593638283,Waitlist,0.3960251732245467,Gradient Boosting,Waitlist,0.3960251732245467
1230,Admit,1.0,Admit,0.7335876508517526,Admit,0.6962580980283102,Gradient Boosting,Admit,0.6962580980283102
1231,Waitlist,0.13461538461538458,Waitlist,0.3479589505975914,Waitlist,0.23667832799215274,Gradient Boosting,Waitlist,0.23667832799215274
1232,Admit,1.0,Waitlist,0.3599431960156153,Admit,0.7050284710312394,Gradient Boosting,Admit,0.7050284710312394
1233,Waitlist,0.0869565217391304,Waitlist,0.28889669337018853,Waitlist,0.037298225096382,Gradient Boosting,Waitlist,0.037298225096382
1234,Waitlist,0.4545454545454544,Waitlist,0.4432598599290506,Admit,0.5207673661473554,Gradient Boosting,Admit,0.5207673661473554
1235,Waitlist,0.0869565217391304,Waitlist,0.3216940575078578,Waitlist,0.16793529521976036,Gradient Boosting,Waitlist,0.16793529521976036
1236,Admit,1.0,Admit,0.7667283439933129,Admit,0.7723452256317509,Gradient Boosting,Admit,0.7723452256317509
1237,Admit,1.0,Admit,0.5232480845860183,Admit,0.8486683115508655,Gradient Boosting,Admit,0.8486683115508655
1238,Waitlist,0.3571428571428571,Waitlist,0.33203270102315763,Waitlist,0.29829849120971114,Gradient Boosting,Waitlist,0.29829849120971114
1240,Waitlist,0.4905660377358487,Waitlist,0.3356029918310796,Waitlist,0.27995756753205786,Gradient Boosting,Waitlist,0.27995756753205786
1241,Admit,0.6029411764705921,Admit,0.6493771515244864,Admit,0.8339265041139619,Gradient Boosting,Admit,0.8339265041139619
1242,Waitlist,0.4905660377358487,Waitlist,0.25907950066310953,Waitlist,0.20654209695260148,Gradient Boosting,Waitlist,0.20654209695260148
1243,Waitlist,0.4905660377358487,Waitlist,0.3045626703697227,Waitlist,0.24842648102202758,Gradient Boosting,Waitlist,0.24842648102202758
1244,Waitlist,0.4905660377358487,Waitlist,0.4826548637024866,Waitlist,0.35081939044525895,Gradient Boosting,Waitlist,0.35081939044525895
1245,Waitlist,0.027027027027027025,Waitlist,0.3084474394726979,Waitlist,0.10873596907323764,Gradient Boosting,Waitlist,0.10873596907323764
1246,Waitlist,0.4905660377358487,Waitlist,0.360137966094906,Waitlist,0.19475725261660196,Gradient Boosting,Waitlist,0.19475725261660196
1247,Admit,0.6029411764705921,Admit,0.6643776156999558,Admit,0.646464081551626,Gradient Boosting,Admit,0.646464081551626
1248,Waitlist,0.4905660377358487,Waitlist,0.35391841261152185,Waitlist,0.47353291621536403,Gradient Boosting,Waitlist,0.47353291621536403
1249,Waitlist,0.23404255319148923,Waitlist,0.4914559364266875,Waitlist,0.3685154429653051,Gradient Boosting,Waitlist,0.3685154429653051
1250,Waitlist,0.4905660377358487,Waitlist,0.3526319995864331,Waitlist,0.2976464744679294,Gradient Boosting,Waitlist,0.2976464744679294
1251,Waitlist,0.4905660377358487,Waitlist,0.3314648707879324,Waitlist,0.2532281115271085,Gradient Boosting,Waitlist,0.2532281115271085
1252,Waitlist,0.4545454545454544,Waitlist,0.41702253619604945,Waitlist,0.22063791108052438,Gradient Boosting,Waitlist,0.22063791108052438
1253,Waitlist,0.13461538461538458,Waitlist,0.2920212578457866,Waitlist,0.3151788485841744,Gradient Boosting,Waitlist,0.3151788485841744
1254,Waitlist,0.4905660377358487,Waitlist,0.36459326450589813,Waitlist,0.3170269745022774,Gradient Boosting,Waitlist,0.3170269745022774
1255,Waitlist,0.4905660377358487,Waitlist,0.3962471587611649,Waitlist,0.2978968388915847,Gradient Boosting,Waitlist,0.2978968388915847
1256,Waitlist,0.4905660377358487,Waitlist,0.34840915142039974,Waitlist,0.31982988052558536,Gradient Boosting,Waitlist,0.31982988052558536
1257,Waitlist,0.13461538461538458,Waitlist,0.3462138874161662,Waitlist,0.2582908818998814,Gradient Boosting,Waitlist,0.2582908818998814
1258,Admit,0.5909090909090908,Waitlist,0.4878307326870876,Admit,0.5212810213298361,Gradient Boosting,Admit,0.5212810213298361
1259,Waitlist,0.13461538461538458,Waitlist,0.35218943448177625,Waitlist,0.18787920914575312,Gradient Boosting,Waitlist,0.18787920914575312
1260,Admit,1.0,Waitlist,0.36782616206423685,Admit,0.7351902101991746,Gradient Boosting,Admit,0.7351902101991746
1261,Admit,0.625,Admit,0.6070369427601681,Admit,0.5597178428446998,Gradient Boosting,Admit,0.5597178428446998
1262,Waitlist,0.3571428571428568,Waitlist,0.4069569205947265,Waitlist,0.40229196335706124,Gradient Boosting,Waitlist,0.40229196335706124
1263,Admit,1.0,Waitlist,0.38430704939100796,Admit,0.5915832751765833,Gradient Boosting,Admit,0.5915832751765833
1264,Waitlist,0.027027027027027025,Waitlist,0.3873951219692414,Waitlist,0.20467079604402927,Gradient Boosting,Waitlist,0.20467079604402927
1265,Waitlist,0.20588235294117635,Waitlist,0.4947811985544636,Waitlist,0.48738252000042154,Gradient Boosting,Waitlist,0.48738252000042154
1266,Admit,0.6351351351351351,Admit,0.5365534427131187,Waitlist,0.43841584168165015,Gradient Boosting,Waitlist,0.43841584168165015
1267,Waitlist,0.4905660377358487,Waitlist,0.4009372199763884,Waitlist,0.21737343221980981,Gradient Boosting,Waitlist,0.21737343221980981
1269,Waitlist,0.13461538461538458,Waitlist,0.3425916177446109,Admit,0.5507553888869577,Gradient Boosting,Admit,0.5507553888869577
1270,Waitlist,0.1627906976744185,Waitlist,0.40241233071603577,Waitlist,0.376566711985889,Gradient Boosting,Waitlist,0.376566711985889
1271,Waitlist,0.4905660377358487,Waitlist,0.4498429319201122,Waitlist,0.360818623100487,Gradient Boosting,Waitlist,0.360818623100487
1273,Waitlist,0.4905660377358487,Waitlist,0.4750445463742966,Waitlist,0.40434238855459803,Gradient Boosting,Waitlist,0.40434238855459803
1274,Admit,0.5909090909090908,Admit,0.5839009103881087,Waitlist,0.46698905423095877,Gradient Boosting,Waitlist,0.46698905423095877
1275,Waitlist,0.027027027027027025,Waitlist,0.2630976684997638,Waitlist,0.33349650858620666,Gradient Boosting,Waitlist,0.33349650858620666
1276,Waitlist,0.13461538461538458,Waitlist,0.31013454157363435,Waitlist,0.4164971039861746,Gradient Boosting,Waitlist,0.4164971039861746
1277,Waitlist,0.4545454545454544,Waitlist,0.4382883580364876,Waitlist,0.1754484759970115,Gradient Boosting,Waitlist,0.1754484759970115
1278,Admit,1.0,Waitlist,0.334334103687851,Admit,0.5088967483328459,Gradient Boosting,Admit,0.5088967483328459
1279,Admit,0.5909090909090908,Admit,0.5228291213694842,Admit,0.5150404084750326,Gradient Boosting,Admit,0.5150404084750326
1280,Waitlist,0.4905660377358487,Waitlist,0.33904566248784673,Waitlist,0.2068223332317582,Gradient Boosting,Waitlist,0.2068223332317582
1281,Waitlist,0.1627906976744185,Waitlist,0.32277678605311894,Waitlist,0.2722539503017782,Gradient Boosting,Waitlist,0.2722539503017782
1282,Admit,0.6029411764705921,Admit,0.5154194937662486,Admit,0.6252366009280508,Gradient Boosting,Admit,0.6252366009280508
1283,Waitlist,0.13461538461538458,Waitlist,0.36217114232573894,Waitlist,0.32617237782878616,Gradient Boosting,Waitlist,0.32617237782878616
1284,Waitlist,0.4905660377358487,Waitlist,0.35567388201549627,Waitlist,0.23241883965409163,Gradient Boosting,Waitlist,0.23241883965409163
1285,Admit,0.6351351351351351,Waitlist,0.4276533447138475,Waitlist,0.26636096136157345,Gradient Boosting,Waitlist,0.26636096136157345
1286,Waitlist,0.0869565217391304,Waitlist,0.19801852866003194,Waitlist,0.08404739928738639,Gradient Boosting,Waitlist,0.08404739928738639
1287,Waitlist,0.20588235294117635,Admit,0.5216792065713358,Waitlist,0.4042666310419559,Gradient Boosting,Waitlist,0.4042666310419559
1288,Waitlist,0.4905660377358487,Waitlist,0.35518380141170963,Waitlist,0.31982988052558536,Gradient Boosting,Waitlist,0.31982988052558536
1289,Waitlist,0.1627906976744185,Waitlist,0.3208959276705367,Waitlist,0.3283606778545559,Gradient Boosting,Waitlist,0.3283606778545559
1290,Waitlist,0.23404255319148923,Waitlist,0.42355026311594807,Waitlist,0.3444621445320808,Gradient Boosting,Waitlist,0.3444621445320808
1291,Waitlist,0.4905660377358487,Waitlist,0.42138646565401494,Waitlist,0.28310142148045647,Gradient Boosting,Waitlist,0.28310142148045647
1293,Admit,0.6029411764705921,Admit,0.6521069671892917,Admit,0.7030132752573016,Gradient Boosting,Admit,0.7030132752573016
1294,Admit,1.0,Waitlist,0.34105890476166256,Admit,0.7050284710312394,Gradient Boosting,Admit,0.7050284710312394
1296,Admit,0.6351351351351351,Waitlist,0.4976679997940813,Waitlist,0.3874602833561648,Gradient Boosting,Waitlist,0.3874602833561648
1298,Admit,1.0,Admit,0.5843159502461523,Admit,0.5492153980745711,Gradient Boosting,Admit,0.5492153980745711
1299,Waitlist,0.1627906976744185,Waitlist,0.27949680153287093,Waitlist,0.149417280295379,Gradient Boosting,Waitlist,0.149417280295379
1301,Waitlist,0.3571428571428568,Waitlist,0.4551182478743865,Waitlist,0.27424100538248747,Gradient Boosting,Waitlist,0.27424100538248747
1303,Waitlist,0.23404255319148923,Waitlist,0.4238087987426345,Waitlist,0.4169752887552899,Gradient Boosting,Waitlist,0.4169752887552899
1304,Admit,1.0,Waitlist,0.37716999926659445,Admit,0.6125556830255308,Gradient Boosting,Admit,0.6125556830255308
1305,Waitlist,0.23404255319148923,Waitlist,0.47627924151260564,Waitlist,0.4059191025385834,Gradient Boosting,Waitlist,0.4059191025385834
1306,Waitlist,0.0869565217391304,Waitlist,0.27084669004387446,Waitlist,0.11959924884441299,Gradient Boosting,Waitlist,0.11959924884441299
1307,Waitlist,0.0869565217391304,Admit,0.5197900659092066,Waitlist,0.30590120147923755,Gradient Boosting,Waitlist,0.30590120147923755
1308,Waitlist,0.4545454545454544,Waitlist,0.29178816835398513,Waitlist,0.13132808336907104,Gradient Boosting,Waitlist,0.13132808336907104
1309,Admit,0.6029411764705921,Admit,0.5264243139516118,Admit,0.516452126031469,Gradient Boosting,Admit,0.516452126031469
1310,Admit,1.0,Waitlist,0.41471367561530476,Admit,0.5443042947644866,Gradient Boosting,Admit,0.5443042947644866
1311,Waitlist,0.4905660377358487,Waitlist,0.40600257721507077,Waitlist,0.3465949322503351,Gradient Boosting,Waitlist,0.3465949322503351
1312,Admit,1.0,Admit,0.6084277584657143,Admit,0.5393023952854208,Gradient Boosting,Admit,0.5393023952854208
1313,Admit,1.0,Admit,0.6353377186746605,Admit,0.7369060397224931,Gradient Boosting,Admit,0.7369060397224931
1314,Waitlist,0.0869565217391304,Waitlist,0.35686513194772135,Waitlist,0.14629471552029713,Gradient Boosting,Waitlist,0.14629471552029713
1316,Waitlist,0.23404255319148923,Waitlist,0.46358514038132353,Waitlist,0.40544128279998054,Gradient Boosting,Waitlist,0.40544128279998054
1317,Waitlist,0.0869565217391304,Waitlist,0.29056994081953263,Waitlist,0.1410490117803497,Gradient Boosting,Waitlist,0.1410490117803497
1318,Admit,0.8301886792452832,Admit,0.603260289156477,Admit,0.6617976549800101,Gradient Boosting,Admit,0.6617976549800101
1319,Admit,1.0,Admit,0.6871137858809031,Admit,0.5925437373498451,Gradient Boosting,Admit,0.5925437373498451
1320,Waitlist,0.13461538461538458,Waitlist,0.34520858557693523,Waitlist,0.2423723732546264,Gradient Boosting,Waitlist,0.2423723732546264
1321,Admit,0.5909090909090908,Admit,0.6435336739284242,Admit,0.5409948980191418,Gradient Boosting,Admit,0.5409948980191418
1322,Waitlist,0.0869565217391304,Waitlist,0.3082012731637812,Waitlist,0.12620927074415833,Gradient Boosting,Waitlist,0.12620927074415833
1323,Waitlist,0.027027027027027025,Waitlist,0.3995854375876625,Waitlist,0.4788140820838613,Gradient Boosting,Waitlist,0.4788140820838613
1324,Admit,0.6029411764705921,Admit,0.641778299261235,Admit,0.6474935287553788,Gradient Boosting,Admit,0.6474935287553788
1325,Waitlist,0.13461538461538458,Waitlist,0.38970689187718305,Waitlist,0.33672543244048864,Gradient Boosting,Waitlist,0.33672543244048864
1326,Waitlist,0.4905660377358487,Admit,0.5719010281458298,Admit,0.5476718819555954,Gradient Boosting,Admit,0.5476718819555954
1327,Waitlist,0.0869565217391304,Waitlist,0.33501089009465246,Waitlist,0.17724130903927374,Gradient Boosting,Waitlist,0.17724130903927374
1328,Admit,1.0,Waitlist,0.389761914007984,Admit,0.7790246640434443,Gradient Boosting,Admit,0.7790246640434443
1329,Waitlist,0.1627906976744185,Waitlist,0.33531171998743975,Waitlist,0.18333309124127528,Gradient Boosting,Waitlist,0.18333309124127528
1330,Admit,0.6029411764705921,Admit,0.5527329761773739,Admit,0.5472945229469469,Gradient Boosting,Admit,0.5472945229469469
1331,Waitlist,0.4905660377358487,Waitlist,0.42479861883615805,Waitlist,0.34701065722427826,Gradient Boosting,Waitlist,0.34701065722427826
1332,Waitlist,0.1627906976744185,Waitlist,0.3769286105120451,Waitlist,0.3731334557094604,Gradient Boosting,Waitlist,0.3731334557094604
1333,Waitlist,0.027027027027027025,Waitlist,0.4381635925502253,Waitlist,0.35416284566129325,Gradient Boosting,Waitlist,0.35416284566129325
1334,Waitlist,0.13461538461538458,Waitlist,0.36303674302323696,Waitlist,0.31049605201733105,Gradient Boosting,Waitlist,0.31049605201733105
1335,Admit,1.0,Waitlist,0.3910654235637937,Admit,0.640121480564188,Gradient Boosting,Admit,0.640121480564188
1336,Waitlist,0.4905660377358487,Waitlist,0.3226888240601056,Waitlist,0.42073211976736075,Gradient Boosting,Waitlist,0.42073211976736075
1337,Waitlist,0.0869565217391304,Waitlist,0.40647050900178117,Waitlist,0.27101979959278366,Gradient Boosting,Waitlist,0.27101979959278366
1338,Admit,0.6029411764705921,Admit,0.5885732645383493,Admit,0.5850710161628597,Gradient Boosting,Admit,0.5850710161628597
1339,Waitlist,0.0869565217391304,Waitlist,0.22791478293894096,Waitlist,0.10344376534281866,Gradient Boosting,Waitlist,0.10344376534281866
1341,Waitlist,0.0869565217391304,Waitlist,0.2956872122407146,Waitlist,0.21118768321108206,Gradient Boosting,Waitlist,0.21118768321108206
1342,Waitlist,0.14285714285714282,Waitlist,0.3347851611696363,Waitlist,0.28473669190304096,Gradient Boosting,Waitlist,0.28473669190304096
1343,Waitlist,0.0869565217391304,Waitlist,0.47606205958252257,Waitlist,0.34385379930550286,Gradient Boosting,Waitlist,0.34385379930550286
1344,Admit,0.6351351351351351,Waitlist,0.4132997482564486,Waitlist,0.36836289670071787,Gradient Boosting,Waitlist,0.36836289670071787
1345,Admit,0.6029411764705921,Admit,0.759266472142651,Admit,0.8446481477893644,Gradient Boosting,Admit,0.8446481477893644
1348,Admit,0.5909090909090908,Admit,0.6059619627133672,Admit,0.6609574689109848,Gradient Boosting,Admit,0.6609574689109848
1349,Waitlist,0.13461538461538458,Waitlist,0.36369911358893686,Waitlist,0.31049605201733105,Gradient Boosting,Waitlist,0.31049605201733105
1350,Waitlist,0.14285714285714282,Waitlist,0.4443779429273684,Waitlist,0.3419762388546362,Gradient Boosting,Waitlist,0.3419762388546362
1351,Admit,1.0,Waitlist,0.38082288203504716,Admit,0.576426553422997,Gradient Boosting,Admit,0.576426553422997
1352,Waitlist,0.4905660377358487,Admit,0.5207019526558461,Waitlist,0.38434637093153173,Gradient Boosting,Waitlist,0.38434637093153173
1353,Waitlist,0.3571428571428568,Admit,0.5431791713840195,Admit,0.5536520049872816,Gradient Boosting,Admit,0.5536520049872816
1354,Waitlist,0.4905660377358487,Waitlist,0.40839737891753153,Waitlist,0.3471271863061095,Gradient Boosting,Waitlist,0.3471271863061095
1355,Waitlist,0.13461538461538458,Waitlist,0.377468451263461,Admit,0.5136430355754907,Gradient Boosting,Admit,0.5136430355754907
1357,Waitlist,0.3571428571428571,Waitlist,0.31646883907180284,Waitlist,0.3731334557094604,Gradient Boosting,Waitlist,0.3731334557094604
1359,Admit,1.0,Admit,0.7194974556651409,Admit,0.7562225764145455,Gradient Boosting,Admit,0.7562225764145455
1361,Admit,1.0,Waitlist,0.42157125008530166,Admit,0.6367128419806567,Gradient Boosting,Admit,0.6367128419806567
1362,Admit,0.6029411764705921,Admit,0.6732181659393768,Admit,0.7424222360642101,Gradient Boosting,Admit,0.7424222360642101
1363,Waitlist,0.4905660377358487,Waitlist,0.3283062280035299,Waitlist,0.2743136927629791,Gradient Boosting,Waitlist,0.2743136927629791
1364,Admit,1.0,Waitlist,0.35455912009166207,Admit,0.7458758744931723,Gradient Boosting,Admit,0.7458758744931723
1365,Waitlist,0.14285714285714282,Waitlist,0.25974737062452535,Waitlist,0.10562636410498469,Gradient Boosting,Waitlist,0.10562636410498469
1366,Waitlist,0.4905660377358487,Waitlist,0.4147625274020935,Waitlist,0.3858359996621472,Gradient Boosting,Waitlist,0.3858359996621472
1367,Waitlist,0.23404255319148923,Admit,0.6186519501967217,Admit,0.5352429269517924,Gradient Boosting,Admit,0.5352429269517924
1368,Admit,0.6029411764705921,Admit,0.6584874239891387,Admit,0.7302683995513756,Gradient Boosting,Admit,0.7302683995513756
1369,Admit,1.0,Waitlist,0.2698988098552874,Waitlist,0.318048708547593,Gradient Boosting,Waitlist,0.318048708547593
1370,Waitlist,0.13461538461538458,Waitlist,0.32463135222224615,Waitlist,0.27126182296069845,Gradient Boosting,Waitlist,0.27126182296069845
1371,Waitlist,0.13461538461538458,Waitlist,0.36421077575052924,Waitlist,0.3298463866334583,Gradient Boosting,Waitlist,0.3298463866334583
1372,Admit,1.0,Waitlist,0.37193669828521964,Admit,0.6181633244525868,Gradient Boosting,Admit,0.6181633244525868
1373,Waitlist,0.4905660377358487,Waitlist,0.4050819927613366,Waitlist,0.22564060252432028,Gradient Boosting,Waitlist,0.22564060252432028
1374,Waitlist,0.4905660377358487,Admit,0.536946224392067,Admit,0.6838459217695908,Gradient Boosting,Admit,0.6838459217695908
1375,Admit,1.0,Admit,0.7868409421062708,Admit,0.8998263849468238,Gradient Boosting,Admit,0.8998263849468238
1376,Waitlist,0.4545454545454544,Waitlist,0.43318737357858944,Waitlist,0.24978317504274658,Gradient Boosting,Waitlist,0.24978317504274658
1378,Waitlist,0.3571428571428571,Waitlist,0.36526286237421046,Waitlist,0.34931681577886836,Gradient Boosting,Waitlist,0.34931681577886836
1379,Waitlist,0.4905660377358487,Admit,0.5012143409348432,Waitlist,0.33304766581989154,Gradient Boosting,Waitlist,0.33304766581989154
1380,Waitlist,0.3571428571428568,Admit,0.5625496044272883,Waitlist,0.4548488480948904,Gradient Boosting,Waitlist,0.4548488480948904
1383,Waitlist,0.3571428571428568,Admit,0.5553486824176096,Admit,0.623530096549435,Gradient Boosting,Admit,0.623530096549435
1384,Admit,0.8301886792452832,Admit,0.5581182370229656,Admit,0.546562758031877,Gradient Boosting,Admit,0.546562758031877
1385,Admit,1.0,Admit,0.6052076710189938,Waitlist,0.41751970605026967,Gradient Boosting,Waitlist,0.41751970605026967
1386,Waitlist,0.0869565217391304,Admit,0.5544479666726384,Admit,0.7880854337240955,Gradient Boosting,Admit,0.7880854337240955
1387,Waitlist,0.4905660377358487,Waitlist,0.3949591770286532,Waitlist,0.3780498108780658,Gradient Boosting,Waitlist,0.3780498108780658
1389,Waitlist,0.23404255319148923,Admit,0.570719528226914,Admit,0.565892982735709,Gradient Boosting,Admit,0.565892982735709
1390,Admit,1.0,Waitlist,0.32282247240068496,Admit,0.5031512930641037,Gradient Boosting,Admit,0.5031512930641037
1391,Waitlist,0.13461538461538458,Waitlist,0.3487569747644808,Waitlist,0.4496269531535269,Gradient Boosting,Waitlist,0.4496269531535269
1392,Admit,1.0,Admit,0.6379591612335257,Admit,0.7480190056267411,Gradient Boosting,Admit,0.7480190056267411
1393,Waitlist,0.20588235294117635,Admit,0.5032124712491265,Waitlist,0.4993170598425293,Gradient Boosting,Waitlist,0.4993170598425293
1394,Admit,1.0,Admit,0.6365344187126518,Admit,0.5859037212911122,Gradient Boosting,Admit,0.5859037212911122
1395,Waitlist,0.4905660377358487,Waitlist,0.4264687592414303,Waitlist,0.3215527863834572,Gradient Boosting,Waitlist,0.3215527863834572
1397,Waitlist,0.4545454545454544,Admit,0.5479339923088173,Waitlist,0.37449282919165083,Gradient Boosting,Waitlist,0.37449282919165083
1398,Waitlist,0.3571428571428571,Admit,0.5056709242064872,Admit,0.6964981517265637,Gradient Boosting,Admit,0.6964981517265637
1399,Waitlist,0.4905660377358487,Waitlist,0.3076163919012824,Waitlist,0.2678138309058335,Gradient Boosting,Waitlist,0.2678138309058335
1400,Admit,0.6029411764705921,Admit,0.6457175794496569,Admit,0.757811621045393,Gradient Boosting,Admit,0.757811621045393
1401,Admit,1.0,Admit,0.6020718332084685,Waitlist,0.4244873891159268,Gradient Boosting,Waitlist,0.4244873891159268
1402,Admit,1.0,Waitlist,0.26617268307864883,Waitlist,0.3259235444251769,Gradient Boosting,Waitlist,0.3259235444251769
1403,Waitlist,0.027027027027027025,Waitlist,0.456318823372841,Waitlist,0.35298002049424504,Gradient Boosting,Waitlist,0.35298002049424504
1404,Waitlist,0.13461538461538458,Waitlist,0.39030743754696967,Waitlist,0.33187764699204925,Gradient Boosting,Waitlist,0.33187764699204925
1405,Waitlist,0.0869565217391304,Waitlist,0.29671510769467946,Waitlist,0.11678788687839403,Gradient Boosting,Waitlist,0.11678788687839403
1406,Waitlist,0.4905660377358487,Admit,0.5074495331437283,Waitlist,0.37817072669527774,Gradient Boosting,Waitlist,0.37817072669527774
1407,Waitlist,0.4905660377358487,Waitlist,0.4039362942415449,Waitlist,0.26892697683858197,Gradient Boosting,Waitlist,0.26892697683858197
1408,Waitlist,0.4905660377358487,Waitlist,0.4564960227029861,Admit,0.5445157744908918,Gradient Boosting,Admit,0.5445157744908918
1409,Waitlist,0.0869565217391304,Waitlist,0.3171842578609162,Waitlist,0.18458764049977514,Gradient Boosting,Waitlist,0.18458764049977514
1410,Waitlist,0.4905660377358487,Waitlist,0.4137226376236815,Admit,0.5605303116579229,Gradient Boosting,Admit,0.5605303116579229
1411,Waitlist,0.027027027027027025,Waitlist,0.40237886940345163,Waitlist,0.23840124693883455,Gradient Boosting,Waitlist,0.23840124693883455
1412,Admit,0.5909090909090908,Admit,0.6765018822969204,Admit,0.7045119887072867,Gradient Boosting,Admit,0.7045119887072867
1413,Admit,0.6351351351351351,Admit,0.6337809330311742,Admit,0.6686922883247254,Gradient Boosting,Admit,0.6686922883247254
1414,Admit,1.0,Admit,0.678255013401686,Admit,0.759404791534336,Gradient Boosting,Admit,0.759404791534336
1415,Waitlist,0.23404255319148923,Waitlist,0.4924681149665999,Waitlist,0.3479979971920379,Gradient Boosting,Waitlist,0.3479979971920379
1416,Waitlist,0.0869565217391304,Waitlist,0.42726697931061003,Waitlist,0.16983398038253797,Gradient Boosting,Waitlist,0.16983398038253797
1417,Admit,0.6351351351351351,Waitlist,0.47921876451681705,Waitlist,0.24908764316785872,Gradient Boosting,Waitlist,0.24908764316785872
1418,Waitlist,0.0869565217391304,Waitlist,0.3153533121102849,Waitlist,0.24078536454809757,Gradient Boosting,Waitlist,0.24078536454809757
1419,Admit,0.6351351351351351,Waitlist,0.4943485146739738,Waitlist,0.36229689145325533,Gradient Boosting,Waitlist,0.36229689145325533
1420,Waitlist,0.4905660377358487,Waitlist,0.3557379666905042,Admit,0.6387373929919894,Gradient Boosting,Admit,0.6387373929919894
1422,Waitlist,0.0869565217391304,Waitlist,0.25072428286619647,Waitlist,0.14284750813122546,Gradient Boosting,Waitlist,0.14284750813122546
1423,Waitlist,0.4905660377358487,Waitlist,0.36812330487738726,Waitlist,0.2028378413698958,Gradient Boosting,Waitlist,0.2028378413698958
1424,Admit,0.6351351351351351,Admit,0.5251962792738119,Waitlist,0.4205019347948299,Gradient Boosting,Waitlist,0.4205019347948299
1425,Admit,1.0,Admit,0.789594093153601,Admit,0.7480190056267411,Gradient Boosting,Admit,0.7480190056267411
1426,Admit,1.0,Waitlist,0.36751664194382494,Admit,0.5587318381069339,Gradient Boosting,Admit,0.5587318381069339
1427,Waitlist,0.027027027027027025,Waitlist,0.4007115479714664,Waitlist,0.252967644464764,Gradient Boosting,Waitlist,0.252967644464764
1428,Admit,0.5909090909090908,Admit,0.7270740558407208,Admit,0.6968369354006445,Gradient Boosting,Admit,0.6968369354006445
1429,Admit,1.0,Admit,0.5622034722892353,Admit,0.738812289828824,Gradient Boosting,Admit,0.738812289828824
1430,Admit,1.0,Waitlist,0.3263577347300599,Admit,0.5799782332917727,Gradient Boosting,Admit,0.5799782332917727
1431,Waitlist,0.0869565217391304,Waitlist,0.30000991649016684,Waitlist,0.10170979914529141,Gradient Boosting,Waitlist,0.10170979914529141
1432,Admit,0.6029411764705921,Admit,0.7308031758293843,Admit,0.7307812788923054,Gradient Boosting,Admit,0.7307812788923054
1433,Admit,0.6351351351351351,Admit,0.5419037732575372,Waitlist,0.3198716764896765,Gradient Boosting,Waitlist,0.3198716764896765
1434,Waitlist,0.4545454545454544,Admit,0.543600778108579,Waitlist,0.4188494093106871,Gradient Boosting,Waitlist,0.4188494093106871
1435,Admit,1.0,Admit,0.726886439887245,Admit,0.7713547900250387,Gradient Boosting,Admit,0.7713547900250387
1436,Admit,1.0,Admit,0.7282510720931247,Admit,0.6968042555883291,Gradient Boosting,Admit,0.6968042555883291
1437,Waitlist,0.13461538461538458,Waitlist,0.34933970613689597,Waitlist,0.3400312638621142,Gradient Boosting,Waitlist,0.3400312638621142
1438,Waitlist,0.3571428571428568,Waitlist,0.40295881408335094,Waitlist,0.39754241456709577,Gradient Boosting,Waitlist,0.39754241456709577
1439,Admit,1.0,Waitlist,0.31532561318631963,Waitlist,0.40349960036181787,Gradient Boosting,Waitlist,0.40349960036181787
1440,Waitlist,0.13461538461538458,Waitlist,0.36975150007784663,Waitlist,0.3689285469250505,Gradient Boosting,Waitlist,0.3689285469250505
1441,Admit,0.8301886792452832,Admit,0.5230981723593494,Admit,0.543918542852495,Gradient Boosting,Admit,0.543918542852495
1442,Waitlist,0.4905660377358487,Admit,0.5452576873809082,Admit,0.5964819759665927,Gradient Boosting,Admit,0.5964819759665927
1443,Admit,0.6029411764705921,Admit,0.5707803982370279,Admit,0.5261121698307155,Gradient Boosting,Admit,0.5261121698307155
1444,Waitlist,0.4905660377358487,Waitlist,0.3098580411795112,Waitlist,0.16399473117542257,Gradient Boosting,Waitlist,0.16399473117542257
1445,Waitlist,0.0869565217391304,Waitlist,0.36195515284020174,Waitlist,0.2198796101663607,Gradient Boosting,Waitlist,0.2198796101663607
1446,Admit,0.5909090909090908,Admit,0.6117700217798231,Admit,0.7042955617521853,Gradient Boosting,Admit,0.7042955617521853
1448,Admit,1.0,Waitlist,0.3245836760561231,Waitlist,0.4300514527721961,Gradient Boosting,Waitlist,0.4300514527721961
1449,Admit,0.6029411764705921,Admit,0.7626675761547842,Admit,0.7956949609490195,Gradient Boosting,Admit,0.7956949609490195
1450,Admit,0.8301886792452832,Admit,0.6358724253307803,Admit,0.7034559774531839,Gradient Boosting,Admit,0.7034559774531839
1451,Waitlist,0.4905660377358487,Waitlist,0.31936074792702407,Waitlist,0.2759117074196108,Gradient Boosting,Waitlist,0.2759117074196108
1452,Waitlist,0.4905660377358487,Waitlist,0.4054523120009784,Waitlist,0.2481893538089407,Gradient Boosting,Waitlist,0.2481893538089407
1453,Admit,0.6351351351351351,Waitlist,0.4209126635716224,Waitlist,0.40468136883681866,Gradient Boosting,Waitlist,0.40468136883681866
1455,Admit,1.0,Admit,0.6282020848577847,Admit,0.6742369025842462,Gradient Boosting,Admit,0.6742369025842462
1456,Waitlist,0.0869565217391304,Waitlist,0.47144844393072965,Waitlist,0.21955721746920287,Gradient Boosting,Waitlist,0.21955721746920287
1459,Admit,0.5909090909090908,Waitlist,0.4727755404487154,Waitlist,0.4253288828090416,Gradient Boosting,Waitlist,0.4253288828090416
1460,Waitlist,0.1627906976744185,Waitlist,0.47915018673673887,Waitlist,0.4943978281418916,Gradient Boosting,Waitlist,0.4943978281418916
1461,Waitlist,0.4905660377358487,Waitlist,0.3510659325482215,Waitlist,0.2981440312418634,Gradient Boosting,Waitlist,0.2981440312418634
1462,Admit,1.0,Admit,0.7285990158077988,Admit,0.7459947675799848,Gradient Boosting,Admit,0.7459947675799848
1464,Waitlist,0.4545454545454544,Waitlist,0.39447999201896866,Waitlist,0.35589941117979185,Gradient Boosting,Waitlist,0.35589941117979185
1465,Admit,1.0,Waitlist,0.3144841303779539,Waitlist,0.35383985317991823,Gradient Boosting,Waitlist,0.35383985317991823
1466,Waitlist,0.0869565217391304,Waitlist,0.35025444571466496,Waitlist,0.2464186469119611,Gradient Boosting,Waitlist,0.2464186469119611
1467,Admit,0.8301886792452832,Admit,0.6054292146014779,Admit,0.7186670202737377,Gradient Boosting,Admit,0.7186670202737377
1468,Waitlist,0.4545454545454544,Waitlist,0.43350112857858847,Waitlist,0.18178057581828094,Gradient Boosting,Waitlist,0.18178057581828094
1469,Waitlist,0.4905660377358487,Waitlist,0.3276033151247328,Waitlist,0.15939930390034873,Gradient Boosting,Waitlist,0.15939930390034873
1470,Waitlist,0.4905660377358487,Waitlist,0.42788353536864576,Admit,0.5078315636551399,Gradient Boosting,Admit,0.5078315636551399
1471,Waitlist,0.3571428571428568,Waitlist,0.4457736100781687,Waitlist,0.4876762970569172,Gradient Boosting,Waitlist,0.4876762970569172
1472,Waitlist,0.37931034482758613,Admit,0.6993955761606383,Admit,0.7260532522350251,Gradient Boosting,Admit,0.7260532522350251
1473,Admit,0.5909090909090908,Admit,0.5147385751636538,Waitlist,0.49674384666915516,Gradient Boosting,Waitlist,0.49674384666915516
1474,Waitlist,0.1627906976744185,Waitlist,0.3055887409786656,Waitlist,0.23316891008838847,Gradient Boosting,Waitlist,0.23316891008838847
1475,Waitlist,0.0869565217391304,Waitlist,0.4003897492410224,Waitlist,0.3080713554694384,Gradient Boosting,Waitlist,0.3080713554694384
1476,Waitlist,0.4905660377358487,Waitlist,0.4185801872930388,Admit,0.5605303116579229,Gradient Boosting,Admit,0.5605303116579229
1477,Waitlist,0.027027027027027025,Waitlist,0.2983992604100703,Waitlist,0.21467738449562127,Gradient Boosting,Waitlist,0.21467738449562127
1478,Waitlist,0.4905660377358487,Waitlist,0.4387356705432041,Waitlist,0.31501190792248857,Gradient Boosting,Waitlist,0.31501190792248857
1479,Waitlist,0.0869565217391304,Waitlist,0.20788457413702946,Waitlist,0.13518276300184973,Gradient Boosting,Waitlist,0.13518276300184973
1480,Waitlist,0.4905660377358487,Waitlist,0.41962907364758345,Waitlist,0.22180175799055563,Gradient Boosting,Waitlist,0.22180175799055563
1481,Waitlist,0.027027027027027025,Waitlist,0.4941170851903403,Waitlist,0.2784816246387559,Gradient Boosting,Waitlist,0.2784816246387559
1482,Admit,0.6029411764705921,Admit,0.70376351263255,Admit,0.6980176567510014,Gradient Boosting,Admit,0.6980176567510014
1483,Waitlist,0.13461538461538458,Waitlist,0.35773438793715273,Waitlist,0.3298463866334583,Gradient Boosting,Waitlist,0.3298463866334583
1484,Admit,1.0,Admit,0.5358345756930492,Admit,0.5212538032848456,Gradient Boosting,Admit,0.5212538032848456
1485,Waitlist,0.1627906976744185,Waitlist,0.36956946500111626,Waitlist,0.34931681577886836,Gradient Boosting,Waitlist,0.34931681577886836
1486,Admit,0.6029411764705921,Admit,0.6400708346221933,Admit,0.6617976549800101,Gradient Boosting,Admit,0.6617976549800101
1487,Waitlist,0.4905660377358487,Waitlist,0.3426054546956674,Waitlist,0.2661820764777192,Gradient Boosting,Waitlist,0.2661820764777192
1488,Waitlist,0.4905660377358487,Waitlist,0.48434912199693086,Admit,0.6321926600691837,Gradient Boosting,Admit,0.6321926600691837
1490,Admit,1.0,Waitlist,0.31781168948464406,Waitlist,0.23707307150429452,Gradient Boosting,Waitlist,0.23707307150429452
1491,Waitlist,0.4905660377358487,Waitlist,0.41679323006482344,Waitlist,0.30846710281677775,Gradient Boosting,Waitlist,0.30846710281677775
1492,Waitlist,0.0869565217391304,Waitlist,0.41177744558361806,Waitlist,0.20535421884861474,Gradient Boosting,Waitlist,0.20535421884861474
1493,Admit,1.0,Waitlist,0.38611166639589506,Admit,0.7089556369565868,Gradient Boosting,Admit,0.7089556369565868
1494,Waitlist,0.027027027027027025,Waitlist,0.302430612097151,Waitlist,0.11677853848965666,Gradient Boosting,Waitlist,0.11677853848965666
1495,Waitlist,0.4905660377358487,Waitlist,0.3606176532993752,Waitlist,0.31098640581717657,Gradient Boosting,Waitlist,0.31098640581717657
1496,Waitlist,0.0869565217391304,Waitlist,0.3897143700467962,Waitlist,0.1297589337418711,Gradient Boosting,Waitlist,0.1297589337418711
1498,Waitlist,0.13461538461538458,Waitlist,0.3970081600468933,Waitlist,0.38309965286324965,Gradient Boosting,Waitlist,0.38309965286324965
1499,Admit,0.6029411764705921,Admit,0.6989917084627237,Admit,0.7302683995513756,Gradient Boosting,Admit,0.7302683995513756
1500,Admit,0.6029411764705921,Admit,0.682800143966445,Admit,0.7073606427189312,Gradient Boosting,Admit,0.7073606427189312
1501,Waitlist,0.4905660377358487,Waitlist,0.3733897380939549,Waitlist,0.18603074146223395,Gradient Boosting,Waitlist,0.18603074146223395
1502,Admit,0.8301886792452832,Admit,0.6697918540359162,Admit,0.6697456089431765,Gradient Boosting,Admit,0.6697456089431765
1503,Waitlist,0.4905660377358487,Waitlist,0.4476566622576243,Waitlist,0.33123802124072305,Gradient Boosting,Waitlist,0.33123802124072305
1506,Waitlist,0.23404255319148923,Waitlist,0.4063550946015369,Waitlist,0.23168494507007792,Gradient Boosting,Waitlist,0.23168494507007792
1507,Admit,1.0,Admit,0.7890728916051796,Admit,0.8349329605484982,Gradient Boosting,Admit,0.8349329605484982
1509,Admit,1.0,Admit,0.7197174360830222,Admit,0.8791627944968954,Gradient Boosting,Admit,0.8791627944968954
1510,Admit,1.0,Admit,0.5409540660992511,Admit,0.7541839322047451,Gradient Boosting,Admit,0.7541839322047451
1511,Waitlist,0.3571428571428571,Waitlist,0.3248296548938937,Waitlist,0.31416168332825034,Gradient Boosting,Waitlist,0.31416168332825034
1512,Waitlist,0.14285714285714282,Waitlist,0.3807689636513318,Waitlist,0.26197356838093844,Gradient Boosting,Waitlist,0.26197356838093844
1514,Admit,0.6351351351351351,Admit,0.6279947493385366,Waitlist,0.4886997632882271,Gradient Boosting,Waitlist,0.4886997632882271
1515,Admit,1.0,Waitlist,0.32853515862800947,Admit,0.5513161823031418,Gradient Boosting,Admit,0.5513161823031418
1516,Admit,1.0,Waitlist,0.3499063403272198,Waitlist,0.3602775601055034,Gradient Boosting,Waitlist,0.3602775601055034
1517,Admit,1.0,Admit,0.7233950943754542,Admit,0.6625656567643795,Gradient Boosting,Admit,0.6625656567643795
1518,Waitlist,0.027027027027027025,Waitlist,0.44084959123690387,Waitlist,0.18741294618812296,Gradient Boosting,Waitlist,0.18741294618812296
1519,Waitlist,0.23404255319148923,Waitlist,0.449604465913296,Waitlist,0.27822707004467095,Gradient Boosting,Waitlist,0.27822707004467095
1520,Waitlist,0.4905660377358487,Waitlist,0.3728868009781858,Waitlist,0.2951056410422317,Gradient Boosting,Waitlist,0.2951056410422317
1521,Waitlist,0.23404255319148923,Admit,0.5387233466591094,Admit,0.5686695332334132,Gradient Boosting,Admit,0.5686695332334132
1522,Waitlist,0.4545454545454544,Waitlist,0.36091672898782257,Waitlist,0.19472728584725432,Gradient Boosting,Waitlist,0.19472728584725432
1523,Waitlist,0.3571428571428571,Waitlist,0.33112137157965943,Waitlist,0.3429813216243185,Gradient Boosting,Waitlist,0.3429813216243185
1524,Waitlist,0.13461538461538458,Waitlist,0.36716785238343236,Waitlist,0.4750090679508817,Gradient Boosting,Waitlist,0.4750090679508817
1525,Waitlist,0.13461538461538458,Waitlist,0.41872950887320715,Waitlist,0.3119728315748,Gradient Boosting,Waitlist,0.3119728315748
1526,Waitlist,0.0869565217391304,Waitlist,0.34255491223052065,Waitlist,0.198559730211254,Gradient Boosting,Waitlist,0.198559730211254
1527,Waitlist,0.4905660377358487,Waitlist,0.3907989606883169,Admit,0.5016624750300168,Gradient Boosting,Admit,0.5016624750300168
1528,Waitlist,0.0869565217391304,Waitlist,0.4517782283074602,Waitlist,0.28035081556934466,Gradient Boosting,Waitlist,0.28035081556934466
1529,Waitlist,0.13461538461538458,Waitlist,0.4207251793371884,Admit,0.5136430355754907,Gradient Boosting,Admit,0.5136430355754907
1530,Admit,0.5909090909090908,Admit,0.5592121578514955,Waitlist,0.48446427326215014,Gradient Boosting,Waitlist,0.48446427326215014
1531,Admit,0.6351351351351351,Waitlist,0.42487039563220486,Waitlist,0.43484546613366865,Gradient Boosting,Waitlist,0.43484546613366865
1532,Waitlist,0.4905660377358487,Waitlist,0.390801328001291,Admit,0.523372069880972,Gradient Boosting,Admit,0.523372069880972
1533,Waitlist,0.4545454545454544,Waitlist,0.2695211995553462,Waitlist,0.1300018691248998,Gradient Boosting,Waitlist,0.1300018691248998
1534,Waitlist,0.0869565217391304,Waitlist,0.22986915254085213,Waitlist,0.12519260224282242,Gradient Boosting,Waitlist,0.12519260224282242
1536,Waitlist,0.4905660377358487,Admit,0.5007582910992562,Waitlist,0.438954010313657,Gradient Boosting,Waitlist,0.438954010313657
1537,Waitlist,0.4905660377358487,Waitlist,0.3737770122802302,Waitlist,0.31827877320109393,Gradient Boosting,Waitlist,0.31827877320109393
1538,Admit,1.0,Admit,0.7812432988253716,Admit,0.8943039025485688,Gradient Boosting,Admit,0.8943039025485688
1539,Waitlist,0.0869565217391304,Waitlist,0.23778903387529857,Waitlist,0.11959924884441299,Gradient Boosting,Waitlist,0.11959924884441299
1540,Waitlist,0.4545454545454544,Waitlist,0.34626152300777713,Waitlist,0.17763645212666132,Gradient Boosting,Waitlist,0.17763645212666132
1541,Waitlist,0.37931034482758613,Admit,0.5888123107018347,Admit,0.7301427208706518,Gradient Boosting,Admit,0.7301427208706518
1542,Waitlist,0.13461538461538458,Waitlist,0.29872981152650663,Waitlist,0.28209879041309105,Gradient Boosting,Waitlist,0.28209879041309105
1543,Waitlist,0.3571428571428568,Waitlist,0.4716168170687043,Waitlist,0.2587450068132911,Gradient Boosting,Waitlist,0.2587450068132911
1544,Waitlist,0.13461538461538458,Waitlist,0.3473519229998447,Waitlist,0.48495978856695937,Gradient Boosting,Waitlist,0.48495978856695937
1545,Waitlist,0.23404255319148923,Waitlist,0.4059202666517812,Waitlist,0.2693607904150993,Gradient Boosting,Waitlist,0.2693607904150993
1546,Admit,1.0,Admit,0.6729100144996212,Admit,0.6607567898306101,Gradient Boosting,Admit,0.6607567898306101
1547,Admit,1.0,Admit,0.7051835059777609,Admit,0.6014703996256848,Gradient Boosting,Admit,0.6014703996256848
1548,Waitlist,0.14285714285714282,Waitlist,0.2939567270681714,Waitlist,0.13499686310436806,Gradient Boosting,Waitlist,0.13499686310436806
1549,Waitlist,0.4905660377358487,Waitlist,0.3036449692257381,Waitlist,0.15825373679651566,Gradient Boosting,Waitlist,0.15825373679651566
1550,Waitlist,0.0869565217391304,Waitlist,0.295062102448455,Waitlist,0.1234168227486941,Gradient Boosting,Waitlist,0.1234168227486941
1551,Admit,1.0,Admit,0.5266640328607076,Admit,0.5212538032848456,Gradient Boosting,Admit,0.5212538032848456
1553,Waitlist,0.3571428571428571,Waitlist,0.3626368187655349,Waitlist,0.3526899537810701,Gradient Boosting,Waitlist,0.3526899537810701
1554,Waitlist,0.13461538461538458,Waitlist,0.3672821569711442,Waitlist,0.4496269531535269,Gradient Boosting,Waitlist,0.4496269531535269
1556,Waitlist,0.4905660377358487,Waitlist,0.3613084532401922,Waitlist,0.2493624084492032,Gradient Boosting,Waitlist,0.2493624084492032
1557,Waitlist,0.4905660377358487,Waitlist,0.46115231623912584,Admit,0.633322821719421,Gradient Boosting,Admit,0.633322821719421
1558,Waitlist,0.4545454545454544,Waitlist,0.4931463679266519,Waitlist,0.3416518412464551,Gradient Boosting,Waitlist,0.3416518412464551
1559,Waitlist,0.027027027027027025,Waitlist,0.27054022456853954,Waitlist,0.14669378243485512,Gradient Boosting,Waitlist,0.14669378243485512
1560,Admit,1.0,Waitlist,0.3785571475087011,Admit,0.7080899907658033,Gradient Boosting,Admit,0.7080899907658033
1561,Admit,0.8301886792452832,Admit,0.7596691383967282,Admit,0.8025311510082467,Gradient Boosting,Admit,0.8025311510082467
1562,Admit,1.0,Waitlist,0.38014809789553433,Waitlist,0.43331336244263396,Gradient Boosting,Waitlist,0.43331336244263396
1563,Waitlist,0.027027027027027025,Waitlist,0.24110523139426765,Waitlist,0.09619881806758349,Gradient Boosting,Waitlist,0.09619881806758349
1564,Waitlist,0.0869565217391304,Waitlist,0.2681953183503887,Waitlist,0.14967459849279444,Gradient Boosting,Waitlist,0.14967459849279444
1566,Admit,0.6029411764705921,Admit,0.6268448189795511,Admit,0.653695033195211,Gradient Boosting,Admit,0.653695033195211
1567,Waitlist,0.4905660377358487,Waitlist,0.32686472595721977,Waitlist,0.30816687408492477,Gradient Boosting,Waitlist,0.30816687408492477
1568,Waitlist,0.4545454545454544,Waitlist,0.4851842263650298,Admit,0.5340878001720138,Gradient Boosting,Admit,0.5340878001720138
1569,Waitlist,0.0869565217391304,Waitlist,0.3794400466966132,Waitlist,0.17119376329459504,Gradient Boosting,Waitlist,0.17119376329459504
1570,Waitlist,0.4905660377358487,Waitlist,0.2827941145496455,Waitlist,0.24842648102202758,Gradient Boosting,Waitlist,0.24842648102202758
1571,Waitlist,0.0869565217391304,Waitlist,0.30212127660609833,Waitlist,0.10095588918275185,Gradient Boosting,Waitlist,0.10095588918275185
1572,Waitlist,0.20588235294117635,Waitlist,0.4034809119685424,Waitlist,0.3256434558465131,Gradient Boosting,Waitlist,0.3256434558465131
1573,Admit,1.0,Waitlist,0.37885108337638984,Admit,0.7486645738002443,Gradient Boosting,Admit,0.7486645738002443
1574,Admit,0.6029411764705921,Admit,0.731004268614578,Admit,0.7186670202737377,Gradient Boosting,Admit,0.7186670202737377
1575,Waitlist,0.0869565217391304,Waitlist,0.48038963403013174,Waitlist,0.2262885437863014,Gradient Boosting,Waitlist,0.2262885437863014
1576,Waitlist,0.23404255319148923,Waitlist,0.43325013398014733,Waitlist,0.3074378432622532,Gradient Boosting,Waitlist,0.3074378432622532
1577,Waitlist,0.13461538461538458,Waitlist,0.31371704010216456,Waitlist,0.2807909039785763,Gradient Boosting,Waitlist,0.2807909039785763
1578,Waitlist,0.4905660377358487,Waitlist,0.42017403147541627,Waitlist,0.31934698700861464,Gradient Boosting,Waitlist,0.31934698700861464
1579,Waitlist,0.4905660377358487,Waitlist,0.45606355531657705,Waitlist,0.40329178108987684,Gradient Boosting,Waitlist,0.40329178108987684
1581,Admit,1.0,Waitlist,0.3875359606984838,Admit,0.6797967693293916,Gradient Boosting,Admit,0.6797967693293916
1582,Waitlist,0.13461538461538458,Waitlist,0.29634692057939077,Waitlist,0.3666858985460126,Gradient Boosting,Waitlist,0.3666858985460126
1583,Waitlist,0.4905660377358487,Waitlist,0.3002647376850161,Waitlist,0.2531638120327386,Gradient Boosting,Waitlist,0.2531638120327386
1584,Admit,0.6351351351351351,Admit,0.5875743007872148,Admit,0.5066048057261318,Gradient Boosting,Admit,0.5066048057261318
1586,Admit,0.6351351351351351,Admit,0.6847058720179069,Admit,0.6127382788308006,Gradient Boosting,Admit,0.6127382788308006
1587,Admit,0.6029411764705921,Waitlist,0.43544525063681344,Waitlist,0.4882561384343001,Gradient Boosting,Waitlist,0.4882561384343001
1588,Waitlist,0.3571428571428568,Admit,0.6529796875508418,Admit,0.5492651900518081,Gradient Boosting,Admit,0.5492651900518081
1589,Admit,1.0,Waitlist,0.30651767132896185,Waitlist,0.37693623315580277,Gradient Boosting,Waitlist,0.37693623315580277
1590,Waitlist,0.4905660377358487,Waitlist,0.3745890934369107,Admit,0.5548150075659726,Gradient Boosting,Admit,0.5548150075659726
1591,Waitlist,0.13461538461538458,Waitlist,0.39312503494608203,Waitlist,0.3485773884253878,Gradient Boosting,Waitlist,0.3485773884253878
1592,Admit,0.8301886792452832,Admit,0.6731125030797158,Admit,0.6767349756034827,Gradient Boosting,Admit,0.6767349756034827
1593,Admit,1.0,Waitlist,0.3045917865569211,Admit,0.5549660348472364,Gradient Boosting,Admit,0.5549660348472364
1594,Admit,0.6351351351351351,Admit,0.6446308440586487,Waitlist,0.47631533954131106,Gradient Boosting,Waitlist,0.47631533954131106
1595,Admit,0.6029411764705921,Admit,0.6811797133488837,Admit,0.6787925494644622,Gradient Boosting,Admit,0.6787925494644622
1597,Waitlist,0.0869565217391304,Waitlist,0.29853957275880094,Waitlist,0.21118768321108206,Gradient Boosting,Waitlist,0.21118768321108206
1598,Waitlist,0.20588235294117635,Waitlist,0.4214653950750242,Waitlist,0.37201551583812464,Gradient Boosting,Waitlist,0.37201551583812464
1599,Waitlist,0.13461538461538458,Waitlist,0.4596648979216545,Admit,0.68352518470704,Gradient Boosting,Admit,0.68352518470704
1600,Admit,0.6029411764705921,Waitlist,0.4930096024635555,Waitlist,0.45142595283591663,Gradient Boosting,Waitlist,0.45142595283591663
1602,Admit,0.8301886792452832,Admit,0.5888174373950206,Admit,0.5067646185830857,Gradient Boosting,Admit,0.5067646185830857
1603,Waitlist,0.027027027027027025,Waitlist,0.3088209075601671,Waitlist,0.17368539642013692,Gradient Boosting,Waitlist,0.17368539642013692
1604,Admit,1.0,Waitlist,0.34860253729947327,Waitlist,0.4300514527721961,Gradient Boosting,Waitlist,0.4300514527721961
1605,Admit,0.6351351351351351,Waitlist,0.4568364691378513,Waitlist,0.4256512110166183,Gradient Boosting,Waitlist,0.4256512110166183
1606,Admit,0.6029411764705921,Admit,0.5359791977297739,Admit,0.6704745887983232,Gradient Boosting,Admit,0.6704745887983232
1607,Waitlist,0.0869565217391304,Waitlist,0.34905635831515625,Waitlist,0.2688946097085584,Gradient Boosting,Waitlist,0.2688946097085584
1609,Admit,0.6029411764705921,Admit,0.5410999053330519,Admit,0.5431525917204916,Gradient Boosting,Admit,0.5431525917204916
1610,Waitlist,0.13461538461538458,Waitlist,0.30710378135139466,Waitlist,0.31660434283829814,Gradient Boosting,Waitlist,0.31660434283829814
1611,Waitlist,0.1627906976744185,Waitlist,0.4071291924247096,Waitlist,0.3775290137168998,Gradient Boosting,Waitlist,0.3775290137168998
1612,Waitlist,0.3571428571428571,Waitlist,0.46639329986116235,Admit,0.5156605136577184,Gradient Boosting,Admit,0.5156605136577184
1613,Admit,0.6351351351351351,Admit,0.611254514911321,Admit,0.5222759006378089,Gradient Boosting,Admit,0.5222759006378089
1614,Waitlist,0.027027027027027025,Waitlist,0.3279570759917872,Waitlist,0.1436580727366067,Gradient Boosting,Waitlist,0.1436580727366067
1615,Waitlist,0.13461538461538458,Waitlist,0.3480316054513067,Waitlist,0.3059101589069649,Gradient Boosting,Waitlist,0.3059101589069649
1616,Admit,0.6351351351351351,Admit,0.5253358956520285,Admit,0.5095550610658164,Gradient Boosting,Admit,0.5095550610658164
1617,Waitlist,0.13461538461538458,Waitlist,0.362387304449821,Waitlist,0.2728104487383125,Gradient Boosting,Waitlist,0.2728104487383125
1618,Admit,0.6029411764705921,Admit,0.6934144683533076,Admit,0.6055910506901458,Gradient Boosting,Admit,0.6055910506901458
1619,Admit,1.0,Waitlist,0.3811654590366656,Admit,0.5604246329036429,Gradient Boosting,Admit,0.5604246329036429
1621,Waitlist,0.3571428571428568,Admit,0.5570350511655889,Admit,0.5086996386627669,Gradient Boosting,Admit,0.5086996386627669
1622,Waitlist,0.027027027027027025,Waitlist,0.36477371776565076,Waitlist,0.2967586289008472,Gradient Boosting,Waitlist,0.2967586289008472
1623,Admit,1.0,Admit,0.5491232318287981,Admit,0.5041422565643449,Gradient Boosting,Admit,0.5041422565643449
1624,Waitlist,0.0869565217391304,Waitlist,0.2242633995655523,Waitlist,0.11649308714174993,Gradient Boosting,Waitlist,0.11649308714174993
1625,Waitlist,0.3571428571428568,Waitlist,0.4188946778136856,Waitlist,0.4493100908243703,Gradient Boosting,Waitlist,0.4493100908243703
1626,Admit,1.0,Admit,0.7057627766991099,Admit,0.8804670128716752,Gradient Boosting,Admit,0.8804670128716752
1627,Waitlist,0.027027027027027025,Waitlist,0.43481178662877645,Waitlist,0.24892928159954403,Gradient Boosting,Waitlist,0.24892928159954403
1628,Admit,0.6029411764705921,Admit,0.6125871473460551,Admit,0.6497571845885916,Gradient Boosting,Admit,0.6497571845885916
1629,Waitlist,0.13461538461538458,Waitlist,0.36964258892167773,Waitlist,0.32659057380095924,Gradient Boosting,Waitlist,0.32659057380095924
1630,Waitlist,0.20588235294117635,Admit,0.5434151696356997,Waitlist,0.47172457376893173,Gradient Boosting,Waitlist,0.47172457376893173
1631,Waitlist,0.4905660377358487,Waitlist,0.4843730446498829,Waitlist,0.28595507890356686,Gradient Boosting,Waitlist,0.28595507890356686
1632,Admit,1.0,Admit,0.8111008850286237,Admit,0.8787358692283052,Gradient Boosting,Admit,0.8787358692283052
1633,Admit,1.0,Waitlist,0.40610726773690603,Admit,0.7431497404867577,Gradient Boosting,Admit,0.7431497404867577
1634,Waitlist,0.4905660377358487,Waitlist,0.2854648677470887,Waitlist,0.2170137585245863,Gradient Boosting,Waitlist,0.2170137585245863
1635,Admit,0.6351351351351351,Admit,0.6490645212080439,Admit,0.6933428762459314,Gradient Boosting,Admit,0.6933428762459314
1636,Admit,1.0,Waitlist,0.31615407832103326,Waitlist,0.347560748925671,Gradient Boosting,Waitlist,0.347560748925671
1637,Admit,0.6029411764705921,Admit,0.5933757643068213,Waitlist,0.4869773776685673,Gradient Boosting,Waitlist,0.4869773776685673
1638,Admit,0.8301886792452832,Admit,0.6621830313586275,Admit,0.6485829476635462,Gradient Boosting,Admit,0.6485829476635462
1639,Waitlist,0.0869565217391304,Waitlist,0.33739238282426254,Waitlist,0.1532331338529826,Gradient Boosting,Waitlist,0.1532331338529826
1640,Admit,0.8301886792452832,Admit,0.6081389403260163,Admit,0.5373352932984756,Gradient Boosting,Admit,0.5373352932984756
1641,Admit,1.0,Waitlist,0.48777683528543275,Admit,0.7844479823260124,Gradient Boosting,Admit,0.7844479823260124
1642,Waitlist,0.3571428571428571,Admit,0.5113405277364816,Waitlist,0.49936613959446785,Gradient Boosting,Waitlist,0.49936613959446785
1643,Waitlist,0.4905660377358487,Waitlist,0.30139782562854034,Waitlist,0.3436973580053594,Gradient Boosting,Waitlist,0.3436973580053594
1644,Waitlist,0.0869565217391304,Waitlist,0.3477840620837682,Waitlist,0.17567148503883298,Gradient Boosting,Waitlist,0.17567148503883298
1645,Admit,1.0,Admit,0.5168470710391885,Admit,0.5368849561735459,Gradient Boosting,Admit,0.5368849561735459
1647,Waitlist,0.23404255319148923,Admit,0.5026572206219281,Waitlist,0.38303107417595555,Gradient Boosting,Waitlist,0.38303107417595555
1648,Waitlist,0.0869565217391304,Waitlist,0.3475513535900666,Waitlist,0.16142647504811738,Gradient Boosting,Waitlist,0.16142647504811738
1649,Waitlist,0.027027027027027025,Waitlist,0.39599141385548314,Waitlist,0.19159630882457143,Gradient Boosting,Waitlist,0.19159630882457143
1652,Waitlist,0.13461538461538458,Waitlist,0.47819730797193727,Waitlist,0.4897570059315577,Gradient Boosting,Waitlist,0.4897570059315577
1653,Waitlist,0.4905660377358487,Waitlist,0.304220176378911,Waitlist,0.22973690829626583,Gradient Boosting,Waitlist,0.22973690829626583
1654,Admit,0.6029411764705921,Admit,0.631427405879092,Admit,0.8592306065642497,Gradient Boosting,Admit,0.8592306065642497
1655,Admit,0.8301886792452832,Admit,0.55065097759859,Admit,0.5761453070707501,Gradient Boosting,Admit,0.5761453070707501
1656,Admit,1.0,Waitlist,0.46549844054113443,Waitlist,0.4672732792613475,Gradient Boosting,Waitlist,0.4672732792613475
1657,Waitlist,0.4905660377358487,Waitlist,0.3830322870497707,Waitlist,0.3557169131388184,Gradient Boosting,Waitlist,0.3557169131388184
1658,Admit,0.6351351351351351,Admit,0.5041814008402755,Waitlist,0.40140768434882707,Gradient Boosting,Waitlist,0.40140768434882707
1659,Waitlist,0.027027027027027025,Waitlist,0.2974553571516332,Waitlist,0.21420834499408403,Gradient Boosting,Waitlist,0.21420834499408403
1660,Waitlist,0.13461538461538458,Waitlist,0.31308381504092786,Waitlist,0.3059101589069649,Gradient Boosting,Waitlist,0.3059101589069649
1661,Admit,1.0,Admit,0.6665360739338587,Admit,0.682882602569221,Gradient Boosting,Admit,0.682882602569221
1662,Waitlist,0.13461538461538458,Waitlist,0.3462043029897036,Waitlist,0.21906116579096307,Gradient Boosting,Waitlist,0.21906116579096307
1664,Admit,0.6029411764705921,Admit,0.6379876353823359,Admit,0.6691366793900407,Gradient Boosting,Admit,0.6691366793900407
1665,Admit,0.6351351351351351,Admit,0.5325740838496383,Waitlist,0.43042085091918064,Gradient Boosting,Waitlist,0.43042085091918064
1666,Waitlist,0.4905660377358487,Waitlist,0.4586425416138682,Waitlist,0.3812414136115958,Gradient Boosting,Waitlist,0.3812414136115958
1667,Waitlist,0.13461538461538458,Waitlist,0.3210686778724027,Waitlist,0.265552588696647,Gradient Boosting,Waitlist,0.265552588696647
1669,Waitlist,0.4545454545454544,Waitlist,0.42412009153111974,Waitlist,0.2931818712351566,Gradient Boosting,Waitlist,0.2931818712351566
1670,Admit,1.0,Waitlist,0.21698602567282252,Waitlist,0.401000520673772,Gradient Boosting,Waitlist,0.401000520673772
1671,Waitlist,0.13461538461538458,Waitlist,0.3469141145828182,Waitlist,0.30744366090589176,Gradient Boosting,Waitlist,0.30744366090589176
1672,Waitlist,0.4545454545454544,Waitlist,0.4387206413127805,Waitlist,0.33878629473184646,Gradient Boosting,Waitlist,0.33878629473184646
1673,Waitlist,0.0869565217391304,Waitlist,0.30085684857255507,Waitlist,0.30803576266397403,Gradient Boosting,Waitlist,0.30803576266397403
1674,Waitlist,0.4905660377358487,Waitlist,0.41834678103368245,Waitlist,0.25402698022262854,Gradient Boosting,Waitlist,0.25402698022262854
1675,Waitlist,0.14285714285714282,Waitlist,0.42191501007417187,Waitlist,0.21751528715902005,Gradient Boosting,Waitlist,0.21751528715902005
1676,Waitlist,0.13461538461538458,Admit,0.5175223957765851,Admit,0.7047260902524871,Gradient Boosting,Admit,0.7047260902524871
1677,Waitlist,0.4905660377358487,Waitlist,0.2611824591639297,Waitlist,0.24325867055179046,Gradient Boosting,Waitlist,0.24325867055179046
1678,Admit,1.0,Waitlist,0.33931231615437163,Waitlist,0.4555772195313799,Gradient Boosting,Waitlist,0.4555772195313799
1679,Admit,0.6351351351351351,Waitlist,0.3537754433953264,Waitlist,0.385921345762009,Gradient Boosting,Waitlist,0.385921345762009
1680,Waitlist,0.13461538461538458,Waitlist,0.38312256529111877,Waitlist,0.30278386476209657,Gradient Boosting,Waitlist,0.30278386476209657
1681,Waitlist,0.4905660377358487,Waitlist,0.3808407410960355,Waitlist,0.15939930390034873,Gradient Boosting,Waitlist,0.15939930390034873
1682,Waitlist,0.4905660377358487,Waitlist,0.3392440133687806,Waitlist,0.33033561019325525,Gradient Boosting,Waitlist,0.33033561019325525
1684,Waitlist,0.4905660377358487,Waitlist,0.4035797865657757,Waitlist,0.3211580689786687,Gradient Boosting,Waitlist,0.3211580689786687
1685,Waitlist,0.0869565217391304,Waitlist,0.35884934684368647,Waitlist,0.18982113133017697,Gradient Boosting,Waitlist,0.18982113133017697
1686,Waitlist,0.4545454545454544,Waitlist,0.3775524574231458,Waitlist,0.14669378243485512,Gradient Boosting,Waitlist,0.14669378243485512
1688,Admit,0.6351351351351351,Admit,0.5807638937421052,Waitlist,0.47172457376893173,Gradient Boosting,Waitlist,0.47172457376893173
1689,Admit,1.0,Waitlist,0.3827308918139307,Admit,0.5880107916391274,Gradient Boosting,Admit,0.5880107916391274
1690,Waitlist,0.13461538461538458,Waitlist,0.3498228106891156,Admit,0.6993792324691772,Gradient Boosting,Admit,0.6993792324691772
1691,Admit,0.6029411764705921,Admit,0.5961874923471714,Admit,0.5627923484856364,Gradient Boosting,Admit,0.5627923484856364
1692,Admit,1.0,Waitlist,0.3025697814321547,Admit,0.5505079063238789,Gradient Boosting,Admit,0.5505079063238789
1693,Waitlist,0.23404255319148923,Admit,0.5783781761911359,Waitlist,0.42443660134479577,Gradient Boosting,Waitlist,0.42443660134479577
1694,Waitlist,0.0869565217391304,Waitlist,0.3503178628137353,Waitlist,0.1927919270342217,Gradient Boosting,Waitlist,0.1927919270342217
1695,Admit,1.0,Admit,0.744377985838748,Admit,0.7660856942674612,Gradient Boosting,Admit,0.7660856942674612
1696,Admit,0.8301886792452832,Admit,0.7872965093522544,Admit,0.7757056529397862,Gradient Boosting,Admit,0.7757056529397862
1698,Admit,1.0,Waitlist,0.39381489887164367,Admit,0.7380549901326185,Gradient Boosting,Admit,0.7380549901326185
1699,Admit,0.6029411764705921,Admit,0.5668491898590003,Admit,0.5431525917204916,Gradient Boosting,Admit,0.5431525917204916
1700,Waitlist,0.0869565217391304,Waitlist,0.26994959574166394,Waitlist,0.14411232327193274,Gradient Boosting,Waitlist,0.14411232327193274
1701,Waitlist,0.13461538461538458,Waitlist,0.28230197210980146,Waitlist,0.25413426240298614,Gradient Boosting,Waitlist,0.25413426240298614
1702,Admit,1.0,Admit,0.5168976656564784,Waitlist,0.47587544416068767,Gradient Boosting,Waitlist,0.47587544416068767
1703,Waitlist,0.13461538461538458,Waitlist,0.36463862925897467,Waitlist,0.33672543244048864,Gradient Boosting,Waitlist,0.33672543244048864
1704,Waitlist,0.027027027027027025,Waitlist,0.458439604431623,Waitlist,0.19016629059608847,Gradient Boosting,Waitlist,0.19016629059608847
1705,Waitlist,0.0869565217391304,Waitlist,0.3429172960328386,Waitlist,0.2110153590752217,Gradient Boosting,Waitlist,0.2110153590752217
1706,Waitlist,0.13461538461538458,Admit,0.5311509344976004,Admit,0.8141548594313233,Gradient Boosting,Admit,0.8141548594313233
1708,Admit,0.5909090909090908,Admit,0.5643470155329888,Admit,0.5936403714194077,Gradient Boosting,Admit,0.5936403714194077
1709,Waitlist,0.4905660377358487,Waitlist,0.47201822945052196,Waitlist,0.3991728596030731,Gradient Boosting,Waitlist,0.3991728596030731
1710,Admit,0.6029411764705921,Admit,0.7041377953739544,Admit,0.6171973713902396,Gradient Boosting,Admit,0.6171973713902396
1712,Waitlist,0.4905660377358487,Waitlist,0.42121987821189766,Waitlist,0.48024830853208356,Gradient Boosting,Waitlist,0.48024830853208356
1713,Waitlist,0.4905660377358487,Admit,0.5091989564945517,Waitlist,0.42208292929938696,Gradient Boosting,Waitlist,0.42208292929938696
1715,Waitlist,0.37931034482758613,Admit,0.7620033192234346,Admit,0.8172833354173275,Gradient Boosting,Admit,0.8172833354173275
1716,Waitlist,0.13461538461538458,Waitlist,0.36094118353877674,Waitlist,0.29576489623390906,Gradient Boosting,Waitlist,0.29576489623390906
1717,Waitlist,0.13461538461538458,Waitlist,0.2653214245246643,Waitlist,0.152749116338642,Gradient Boosting,Waitlist,0.152749116338642
1719,Waitlist,0.4905660377358487,Waitlist,0.3664965969350687,Waitlist,0.46751022258864566,Gradient Boosting,Waitlist,0.46751022258864566
1720,Waitlist,0.027027027027027025,Waitlist,0.32030098344468994,Waitlist,0.24859797770504288,Gradient Boosting,Waitlist,0.24859797770504288
1721,Admit,0.6029411764705921,Admit,0.6183334161773043,Admit,0.6548237933457665,Gradient Boosting,Admit,0.6548237933457665
1722,Admit,0.6029411764705921,Admit,0.6071948680489033,Waitlist,0.4103612663908498,Gradient Boosting,Waitlist,0.4103612663908498
1723,Waitlist,0.4905660377358487,Waitlist,0.312205675721308,Waitlist,0.40252110223521487,Gradient Boosting,Waitlist,0.40252110223521487
1724,Waitlist,0.1627906976744185,Waitlist,0.4629011482846426,Waitlist,0.3775290137168998,Gradient Boosting,Waitlist,0.3775290137168998
1725,Admit,0.6029411764705921,Admit,0.7330187239895224,Admit,0.8109603049810271,Gradient Boosting,Admit,0.8109603049810271
1726,Admit,1.0,Waitlist,0.4517927491870846,Admit,0.7844479823260124,Gradient Boosting,Admit,0.7844479823260124
1728,Admit,0.6029411764705921,Admit,0.6601990369911656,Admit,0.7218069272579455,Gradient Boosting,Admit,0.7218069272579455
1729,Waitlist,0.3571428571428568,Admit,0.669816308343848,Admit,0.7632585373190662,Gradient Boosting,Admit,0.7632585373190662
1730,Waitlist,0.13461538461538458,Waitlist,0.3483637210431489,Waitlist,0.38586184030734194,Gradient Boosting,Waitlist,0.38586184030734194
1731,Admit,0.6351351351351351,Admit,0.6532448561514356,Admit,0.5247983278586955,Gradient Boosting,Admit,0.5247983278586955
1732,Waitlist,0.027027027027027025,Waitlist,0.23166062916272886,Waitlist,0.057748724788548124,Gradient Boosting,Waitlist,0.057748724788548124
1733,Waitlist,0.0869565217391304,Waitlist,0.30396766903229216,Waitlist,0.14369314634801897,Gradient Boosting,Waitlist,0.14369314634801897
1734,Waitlist,0.13461538461538458,Waitlist,0.36169738813851054,Waitlist,0.3041359955384286,Gradient Boosting,Waitlist,0.3041359955384286
1735,Waitlist,0.027027027027027025,Waitlist,0.2749242294978902,Waitlist,0.21711730761913453,Gradient Boosting,Waitlist,0.21711730761913453
1736,Admit,1.0,Waitlist,0.39235117217707616,Admit,0.5031124242551128,Gradient Boosting,Admit,0.5031124242551128
1737,Admit,1.0,Admit,0.7238387202111873,Admit,0.7856906905044347,Gradient Boosting,Admit,0.7856906905044347
1738,Waitlist,0.4905660377358487,Waitlist,0.4466617647353699,Waitlist,0.3594089484237149,Gradient Boosting,Waitlist,0.3594089484237149
1739,Admit,0.6029411764705921,Admit,0.5258115352066941,Admit,0.517321393970154,Gradient Boosting,Admit,0.517321393970154
1740,Waitlist,0.027027027027027025,Waitlist,0.35944921106169636,Waitlist,0.10520169880457596,Gradient Boosting,Waitlist,0.10520169880457596
1743,Waitlist,0.23404255319148923,Admit,0.5272854343409203,Waitlist,0.4640250211813072,Gradient Boosting,Waitlist,0.4640250211813072
1744,Waitlist,0.0869565217391304,Waitlist,0.4499481514666743,Waitlist,0.3217788337114906,Gradient Boosting,Waitlist,0.3217788337114906
1745,Waitlist,0.0869565217391304,Waitlist,0.26695304261673297,Waitlist,0.24722650270427238,Gradient Boosting,Waitlist,0.24722650270427238
1746,Waitlist,0.0869565217391304,Waitlist,0.2608718963232429,Waitlist,0.12123046780940627,Gradient Boosting,Waitlist,0.12123046780940627
1747,Admit,1.0,Waitlist,0.3956144595697736,Admit,0.6444250110745194,Gradient Boosting,Admit,0.6444250110745194
1748,Waitlist,0.0869565217391304,Waitlist,0.34594265055311835,Waitlist,0.23246343635415173,Gradient Boosting,Waitlist,0.23246343635415173
1749,Waitlist,0.23404255319148923,Waitlist,0.443951689156976,Waitlist,0.4002081957907662,Gradient Boosting,Waitlist,0.4002081957907662
1750,Waitlist,0.23404255319148923,Admit,0.5178416002152474,Waitlist,0.472563132648513,Gradient Boosting,Waitlist,0.472563132648513
1751,Waitlist,0.0869565217391304,Waitlist,0.3777809689285798,Waitlist,0.23118799811997126,Gradient Boosting,Waitlist,0.23118799811997126
1752,Admit,1.0,Waitlist,0.3300764134903897,Waitlist,0.347560748925671,Gradient Boosting,Waitlist,0.347560748925671
1753,Admit,1.0,Waitlist,0.2702738152107882,Waitlist,0.3105707690473545,Gradient Boosting,Waitlist,0.3105707690473545
1754,Waitlist,0.0869565217391304,Waitlist,0.4266273324466115,Waitlist,0.34412812822393396,Gradient Boosting,Waitlist,0.34412812822393396
1755,Waitlist,0.4545454545454544,Waitlist,0.38345695032705013,Waitlist,0.35753084883019237,Gradient Boosting,Waitlist,0.35753084883019237
1756,Admit,1.0,Admit,0.7335101689299819,Admit,0.599378959470853,Gradient Boosting,Admit,0.599378959470853
1757,Waitlist,0.0869565217391304,Waitlist,0.4957927665067668,Waitlist,0.36864162109632953,Gradient Boosting,Waitlist,0.36864162109632953
1758,Waitlist,0.4545454545454544,Waitlist,0.434373362606705,Waitlist,0.4347607184467352,Gradient Boosting,Waitlist,0.4347607184467352
1759,Admit,1.0,Admit,0.5151888759314489,Admit,0.6327137185359543,Gradient Boosting,Admit,0.6327137185359543
1760,Admit,1.0,Admit,0.6646869380366753,Admit,0.7630888275400988,Gradient Boosting,Admit,0.7630888275400988
1762,Admit,1.0,Waitlist,0.4096745225188684,Waitlist,0.4590743919819101,Gradient Boosting,Waitlist,0.4590743919819101
1763,Waitlist,0.4905660377358487,Waitlist,0.3413561596958105,Waitlist,0.321643432068009,Gradient Boosting,Waitlist,0.321643432068009
1765,Admit,1.0,Waitlist,0.35360284498175454,Admit,0.6046348639153633,Gradient Boosting,Admit,0.6046348639153633
1766,Waitlist,0.027027027027027025,Waitlist,0.3462489615735191,Waitlist,0.14185105999594996,Gradient Boosting,Waitlist,0.14185105999594996
1767,Admit,1.0,Admit,0.5566524109002805,Admit,0.8262647516498638,Gradient Boosting,Admit,0.8262647516498638
1768,Waitlist,0.4905660377358487,Waitlist,0.48701044963463525,Waitlist,0.38434637093153173,Gradient Boosting,Waitlist,0.38434637093153173
1769,Waitlist,0.4545454545454544,Waitlist,0.32156126829219495,Waitlist,0.15907067858791407,Gradient Boosting,Waitlist,0.15907067858791407
1771,Admit,1.0,Admit,0.6921291714863229,Admit,0.762578217360776,Gradient Boosting,Admit,0.762578217360776
1772,Waitlist,0.13461538461538458,Waitlist,0.3457950345103351,Waitlist,0.4237785015266174,Gradient Boosting,Waitlist,0.4237785015266174
1773,Waitlist,0.4905660377358487,Waitlist,0.41807478690986344,Admit,0.5289161880305945,Gradient Boosting,Admit,0.5289161880305945
1774,Waitlist,0.0869565217391304,Waitlist,0.2716469028851168,Waitlist,0.08694493064755641,Gradient Boosting,Waitlist,0.08694493064755641
1775,Waitlist,0.027027027027027025,Waitlist,0.2863674671789015,Waitlist,0.1353120378076675,Gradient Boosting,Waitlist,0.1353120378076675
1776,Admit,0.6351351351351351,Waitlist,0.45663947282728534,Waitlist,0.26636096136157345,Gradient Boosting,Waitlist,0.26636096136157345
1777,Waitlist,0.4545454545454544,Waitlist,0.29339252156413315,Waitlist,0.15299309913151,Gradient Boosting,Waitlist,0.15299309913151
1778,Admit,0.6029411764705921,Admit,0.7606043304880089,Admit,0.8490581241994604,Gradient Boosting,Admit,0.8490581241994604
1779,Waitlist,0.13461538461538458,Waitlist,0.38117072384649303,Waitlist,0.37739300050501773,Gradient Boosting,Waitlist,0.37739300050501773
1780,Waitlist,0.0869565217391304,Waitlist,0.26447824487471006,Waitlist,0.2613659172687952,Gradient Boosting,Waitlist,0.2613659172687952
1781,Waitlist,0.027027027027027025,Waitlist,0.36506517603814825,Waitlist,0.438645206266345,Gradient Boosting,Waitlist,0.438645206266345
1782,Admit,1.0,Waitlist,0.24062026540252746,Waitlist,0.27889018932994075,Gradient Boosting,Waitlist,0.27889018932994075
1783,Waitlist,0.4905660377358487,Waitlist,0.30908346705542233,Waitlist,0.3176678055322821,Gradient Boosting,Waitlist,0.3176678055322821
1784,Admit,1.0,Admit,0.5500529895411118,Admit,0.5261763491066554,Gradient Boosting,Admit,0.5261763491066554
1785,Admit,0.6029411764705921,Admit,0.6588862106871428,Admit,0.6148583524180179,Gradient Boosting,Admit,0.6148583524180179
1786,Waitlist,0.0869565217391304,Waitlist,0.21402816319709936,Waitlist,0.03344739063888839,Gradient Boosting,Waitlist,0.03344739063888839
1787,Waitlist,0.4545454545454544,Waitlist,0.44650902889611693,Waitlist,0.2161655250071723,Gradient Boosting,Waitlist,0.2161655250071723
1788,Waitlist,0.4545454545454544,Waitlist,0.3837132327603187,Waitlist,0.18965121420168093,Gradient Boosting,Waitlist,0.18965121420168093
1790,Waitlist,0.4545454545454544,Waitlist,0.44329303834299194,Waitlist,0.24025369038688038,Gradient Boosting,Waitlist,0.24025369038688038
1791,Waitlist,0.0869565217391304,Waitlist,0.42047844079772784,Waitlist,0.46692457336410204,Gradient Boosting,Waitlist,0.46692457336410204
1793,Admit,0.6029411764705921,Admit,0.6522081192383483,Waitlist,0.4772495327259325,Gradient Boosting,Waitlist,0.4772495327259325
1794,Waitlist,0.027027027027027025,Waitlist,0.37431247894275155,Waitlist,0.17062112673354232,Gradient Boosting,Waitlist,0.17062112673354232
1795,Admit,1.0,Waitlist,0.3734665036418549,Admit,0.5349719282517348,Gradient Boosting,Admit,0.5349719282517348
1796,Waitlist,0.4905660377358487,Waitlist,0.28920693356233085,Waitlist,0.26491590395611075,Gradient Boosting,Waitlist,0.26491590395611075
1797,Waitlist,0.4545454545454544,Waitlist,0.4595663467225963,Waitlist,0.3541712829932104,Gradient Boosting,Waitlist,0.3541712829932104
1798,Waitlist,0.23404255319148923,Waitlist,0.3733193696046078,Waitlist,0.1755860723947813,Gradient Boosting,Waitlist,0.1755860723947813
1799,Waitlist,0.13461538461538458,Waitlist,0.4058816457393806,Waitlist,0.33187764699204925,Gradient Boosting,Waitlist,0.33187764699204925
1800,Admit,1.0,Admit,0.7615580200652687,Admit,0.706878118392332,Gradient Boosting,Admit,0.706878118392332
1801,Waitlist,0.4545454545454544,Admit,0.5781251782275569,Waitlist,0.4593292667734305,Gradient Boosting,Waitlist,0.4593292667734305
1802,Waitlist,0.1627906976744185,Waitlist,0.4133078898897103,Waitlist,0.38628738779073524,Gradient Boosting,Waitlist,0.38628738779073524
1803,Waitlist,0.23404255319148923,Waitlist,0.4603980000876551,Waitlist,0.32278374228125956,Gradient Boosting,Waitlist,0.32278374228125956
1804,Waitlist,0.4905660377358487,Waitlist,0.416334278030531,Waitlist,0.3921187012919433,Gradient Boosting,Waitlist,0.3921187012919433
1805,Admit,1.0,Waitlist,0.4047831314317228,Admit,0.5880107916391274,Gradient Boosting,Admit,0.5880107916391274
1806,Waitlist,0.23404255319148923,Admit,0.527377725458849,Waitlist,0.4647747499815215,Gradient Boosting,Waitlist,0.4647747499815215
1807,Admit,1.0,Waitlist,0.3920896456658584,Admit,0.6160096946944323,Gradient Boosting,Admit,0.6160096946944323
1808,Waitlist,0.13461538461538458,Waitlist,0.3607731098158849,Waitlist,0.2728104487383125,Gradient Boosting,Waitlist,0.2728104487383125
1809,Waitlist,0.0869565217391304,Waitlist,0.41325626413862254,Waitlist,0.11357065658537165,Gradient Boosting,Waitlist,0.11357065658537165
1810,Waitlist,0.027027027027027025,Waitlist,0.378899609725392,Waitlist,0.18178057581828094,Gradient Boosting,Waitlist,0.18178057581828094
1811,Admit,0.8301886792452832,Admit,0.6301789652209819,Waitlist,0.47458967469221086,Gradient Boosting,Waitlist,0.47458967469221086
1812,Waitlist,0.4545454545454544,Waitlist,0.4586442313735148,Waitlist,0.28035081556934466,Gradient Boosting,Waitlist,0.28035081556934466
1813,Waitlist,0.027027027027027025,Waitlist,0.3128426965224499,Waitlist,0.11744036317564188,Gradient Boosting,Waitlist,0.11744036317564188
1814,Waitlist,0.4905660377358487,Admit,0.531418608828421,Waitlist,0.39444552569355446,Gradient Boosting,Waitlist,0.39444552569355446
1815,Waitlist,0.0869565217391304,Waitlist,0.30652334834055106,Waitlist,0.13926359351033374,Gradient Boosting,Waitlist,0.13926359351033374
1816,Waitlist,0.14285714285714282,Waitlist,0.30826137864468883,Waitlist,0.12793741893342195,Gradient Boosting,Waitlist,0.12793741893342195
1817,Waitlist,0.13461538461538458,Waitlist,0.4105203345366439,Admit,0.6057844940775813,Gradient Boosting,Admit,0.6057844940775813
1818,Admit,0.8301886792452832,Admit,0.6147465082911374,Admit,0.617409341193829,Gradient Boosting,Admit,0.617409341193829
1819,Waitlist,0.20588235294117635,Admit,0.6065574728557683,Admit,0.605599286404717,Gradient Boosting,Admit,0.605599286404717
1821,Waitlist,0.4905660377358487,Waitlist,0.30886925808299365,Waitlist,0.25476544790055194,Gradient Boosting,Waitlist,0.25476544790055194
1822,Admit,0.5909090909090908,Admit,0.6044673159926669,Admit,0.6374510261535574,Gradient Boosting,Admit,0.6374510261535574
1823,Waitlist,0.13461538461538458,Waitlist,0.3110599135314085,Waitlist,0.2775244665683396,Gradient Boosting,Waitlist,0.2775244665683396
1824,Admit,1.0,Admit,0.5868856507981619,Admit,0.5763159119383879,Gradient Boosting,Admit,0.5763159119383879
1825,Waitlist,0.13461538461538458,Waitlist,0.3834432202546877,Waitlist,0.32659057380095924,Gradient Boosting,Waitlist,0.32659057380095924
1826,Waitlist,0.4905660377358487,Waitlist,0.28128132195284117,Waitlist,0.19245194526966736,Gradient Boosting,Waitlist,0.19245194526966736
1829,Waitlist,0.13461538461538458,Waitlist,0.31395760427851643,Waitlist,0.24083928814610095,Gradient Boosting,Waitlist,0.24083928814610095
1830,Waitlist,0.13461538461538458,Waitlist,0.3911609354003087,Waitlist,0.2708611676900148,Gradient Boosting,Waitlist,0.2708611676900148
1831,Admit,1.0,Admit,0.7436586645360211,Admit,0.6509090785923998,Gradient Boosting,Admit,0.6509090785923998
1832,Waitlist,0.4545454545454544,Waitlist,0.40054745355801585,Waitlist,0.35888991371216117,Gradient Boosting,Waitlist,0.35888991371216117
1833,Admit,1.0,Waitlist,0.3432740549393786,Waitlist,0.4740705007812423,Gradient Boosting,Waitlist,0.4740705007812423
1834,Admit,1.0,Admit,0.744006163384204,Admit,0.838995226470901,Gradient Boosting,Admit,0.838995226470901
1835,Waitlist,0.14285714285714282,Waitlist,0.3516460288209979,Waitlist,0.26197356838093844,Gradient Boosting,Waitlist,0.26197356838093844
1836,Waitlist,0.13461538461538458,Waitlist,0.3290612987886303,Waitlist,0.265552588696647,Gradient Boosting,Waitlist,0.265552588696647
1837,Waitlist,0.3571428571428571,Waitlist,0.3378673376759376,Waitlist,0.39277809933328717,Gradient Boosting,Waitlist,0.39277809933328717
1838,Admit,1.0,Admit,0.7185108269211827,Admit,0.6742369025842462,Gradient Boosting,Admit,0.6742369025842462
1839,Waitlist,0.0869565217391304,Waitlist,0.4908443747140188,Waitlist,0.3048889779552761,Gradient Boosting,Waitlist,0.3048889779552761
1840,Waitlist,0.027027027027027025,Waitlist,0.3080051278585276,Waitlist,0.17250361351802887,Gradient Boosting,Waitlist,0.17250361351802887
1841,Waitlist,0.13461538461538458,Waitlist,0.3692105557776478,Waitlist,0.27136219442844967,Gradient Boosting,Waitlist,0.27136219442844967
1842,Waitlist,0.37931034482758613,Admit,0.7071885777888876,Admit,0.7260532522350251,Gradient Boosting,Admit,0.7260532522350251
1843,Waitlist,0.0869565217391304,Waitlist,0.23404763080223362,Waitlist,0.13605236147771577,Gradient Boosting,Waitlist,0.13605236147771577
1844,Waitlist,0.13461538461538458,Waitlist,0.3721322448050707,Waitlist,0.34781143895668004,Gradient Boosting,Waitlist,0.34781143895668004
1845,Admit,0.6029411764705921,Waitlist,0.4975160167893508,Admit,0.523455581281817,Gradient Boosting,Admit,0.523455581281817
1846,Waitlist,0.4905660377358487,Waitlist,0.41464882239456086,Admit,0.6175969468282168,Gradient Boosting,Admit,0.6175969468282168
1847,Waitlist,0.13461538461538458,Waitlist,0.3547473747017402,Waitlist,0.29884978224813474,Gradient Boosting,Waitlist,0.29884978224813474
1848,Waitlist,0.1627906976744185,Waitlist,0.30659436133970996,Waitlist,0.2943371599168385,Gradient Boosting,Waitlist,0.2943371599168385
1849,Waitlist,0.027027027027027025,Waitlist,0.41404620586682567,Waitlist,0.17654548289674196,Gradient Boosting,Waitlist,0.17654548289674196
1851,Admit,1.0,Waitlist,0.35360284498175454,Admit,0.6046348639153633,Gradient Boosting,Admit,0.6046348639153633
1852,Waitlist,0.4905660377358487,Waitlist,0.3065126508530476,Waitlist,0.3436973580053594,Gradient Boosting,Waitlist,0.3436973580053594
1853,Admit,0.6351351351351351,Waitlist,0.4358981218498252,Admit,0.5400806854713777,Gradient Boosting,Admit,0.5400806854713777
1854,Waitlist,0.4545454545454544,Waitlist,0.33731075019279044,Waitlist,0.17062112673354232,Gradient Boosting,Waitlist,0.17062112673354232
1855,Waitlist,0.4905660377358487,Waitlist,0.35621034718688754,Waitlist,0.38764212461697745,Gradient Boosting,Waitlist,0.38764212461697745
1856,Waitlist,0.1627906976744185,Waitlist,0.39961157062625463,Waitlist,0.40783862821847733,Gradient Boosting,Waitlist,0.40783862821847733
1857,Waitlist,0.4905660377358487,Waitlist,0.49794975078634107,Waitlist,0.35081939044525895,Gradient Boosting,Waitlist,0.35081939044525895
1860,Admit,0.6351351351351351,Admit,0.5341100015031044,Waitlist,0.40140768434882707,Gradient Boosting,Waitlist,0.40140768434882707
1861,Waitlist,0.13461538461538458,Waitlist,0.29139406910342447,Waitlist,0.35525538971081116,Gradient Boosting,Waitlist,0.35525538971081116
1862,Waitlist,0.13461538461538458,Waitlist,0.3877574054937311,Waitlist,0.3919680678377798,Gradient Boosting,Waitlist,0.3919680678377798
1865,Waitlist,0.027027027027027025,Admit,0.502523837768715,Waitlist,0.35298002049424504,Gradient Boosting,Waitlist,0.35298002049424504
1867,Waitlist,0.23404255319148923,Admit,0.5327106150486954,Waitlist,0.4955581549429155,Gradient Boosting,Waitlist,0.4955581549429155
1868,Admit,1.0,Admit,0.6916003700038805,Admit,0.6247810528011999,Gradient Boosting,Admit,0.6247810528011999
1869,Waitlist,0.0869565217391304,Waitlist,0.3175518687035737,Waitlist,0.12664578504930463,Gradient Boosting,Waitlist,0.12664578504930463
1870,Waitlist,0.4545454545454544,Waitlist,0.4521049048811539,Waitlist,0.3021052556883675,Gradient Boosting,Waitlist,0.3021052556883675
1871,Waitlist,0.4545454545454544,Waitlist,0.3226686788585469,Waitlist,0.35903604860625354,Gradient Boosting,Waitlist,0.35903604860625354
1872,Admit,0.6351351351351351,Admit,0.5113532423315574,Waitlist,0.39635634113867935,Gradient Boosting,Waitlist,0.39635634113867935
1874,Admit,0.6351351351351351,Admit,0.5530640222959972,Waitlist,0.48738252000042154,Gradient Boosting,Waitlist,0.48738252000042154
1875,Waitlist,0.0869565217391304,Waitlist,0.3671505605432639,Waitlist,0.1885965764287746,Gradient Boosting,Waitlist,0.1885965764287746
1876,Waitlist,0.4905660377358487,Waitlist,0.41691710729951886,Waitlist,0.47969226683538857,Gradient Boosting,Waitlist,0.47969226683538857
1877,Waitlist,0.4545454545454544,Waitlist,0.43575962521198913,Waitlist,0.2967231842116421,Gradient Boosting,Waitlist,0.2967231842116421
1878,Waitlist,0.0869565217391304,Waitlist,0.4432229300968627,Waitlist,0.24978317504274658,Gradient Boosting,Waitlist,0.24978317504274658
1879,Admit,0.8301886792452832,Admit,0.5855396380853283,Admit,0.6173806005268129,Gradient Boosting,Admit,0.6173806005268129
1880,Waitlist,0.027027027027027025,Waitlist,0.25508263086201827,Waitlist,0.13132808336907104,Gradient Boosting,Waitlist,0.13132808336907104
1881,Admit,1.0,Admit,0.6662265207795546,Admit,0.6669099119363686,Gradient Boosting,Admit,0.6669099119363686
1882,Waitlist,0.0869565217391304,Admit,0.5054539234589013,Waitlist,0.3776576145940037,Gradient Boosting,Waitlist,0.3776576145940037
1883,Waitlist,0.0869565217391304,Waitlist,0.25349404208188114,Waitlist,0.06646784233352153,Gradient Boosting,Waitlist,0.06646784233352153
1884,Waitlist,0.4905660377358487,Waitlist,0.3960482031775342,Waitlist,0.3165636735886363,Gradient Boosting,Waitlist,0.3165636735886363
1885,Waitlist,0.1627906976744185,Waitlist,0.361989409793667,Waitlist,0.39277809933328717,Gradient Boosting,Waitlist,0.39277809933328717
1886,Waitlist,0.23404255319148923,Admit,0.571076516528445,Admit,0.5281863447515532,Gradient Boosting,Admit,0.5281863447515532
1887,Admit,0.6029411764705921,Admit,0.6827551710631224,Admit,0.6894896386337697,Gradient Boosting,Admit,0.6894896386337697
1888,Waitlist,0.4905660377358487,Waitlist,0.3111057773667103,Waitlist,0.2747659933647612,Gradient Boosting,Waitlist,0.2747659933647612
1889,Admit,1.0,Admit,0.761804818605848,Admit,0.7459947675799848,Gradient Boosting,Admit,0.7459947675799848
1890,Waitlist,0.4905660377358487,Waitlist,0.32942158771387886,Waitlist,0.31982988052558536,Gradient Boosting,Waitlist,0.31982988052558536
1891,Waitlist,0.4905660377358487,Waitlist,0.3144337625624278,Waitlist,0.4237308875669459,Gradient Boosting,Waitlist,0.4237308875669459
1894,Admit,1.0,Waitlist,0.3870114229646411,Waitlist,0.30980600157902344,Gradient Boosting,Waitlist,0.30980600157902344
1896,Admit,0.6351351351351351,Waitlist,0.4873647616887858,Waitlist,0.3536262073006775,Gradient Boosting,Waitlist,0.3536262073006775
1897,Admit,1.0,Admit,0.722289261521681,Admit,0.6535506023463774,Gradient Boosting,Admit,0.6535506023463774
1899,Waitlist,0.4905660377358487,Waitlist,0.3204507226985583,Waitlist,0.42073211976736075,Gradient Boosting,Waitlist,0.42073211976736075
1901,Admit,1.0,Admit,0.6132815568755107,Admit,0.6173525146984161,Gradient Boosting,Admit,0.6173525146984161
1903,Waitlist,0.4905660377358487,Waitlist,0.35607978413066943,Waitlist,0.31827877320109393,Gradient Boosting,Waitlist,0.31827877320109393
1904,Waitlist,0.14285714285714282,Waitlist,0.43096441621005577,Admit,0.5338354832057366,Gradient Boosting,Admit,0.5338354832057366
1905,Waitlist,0.0869565217391304,Waitlist,0.4980542898811149,Admit,0.5575328224587515,Gradient Boosting,Admit,0.5575328224587515
1906,Admit,0.6351351351351351,Waitlist,0.44015721463430424,Waitlist,0.36462028837458704,Gradient Boosting,Waitlist,0.36462028837458704
1907,Waitlist,0.4545454545454544,Waitlist,0.36432972439026495,Waitlist,0.3202610336723833,Gradient Boosting,Waitlist,0.3202610336723833
1908,Waitlist,0.14285714285714282,Waitlist,0.3391027236467648,Waitlist,0.14369314634801897,Gradient Boosting,Waitlist,0.14369314634801897
1909,Waitlist,0.14285714285714282,Waitlist,0.3169316941471615,Waitlist,0.12576899225153645,Gradient Boosting,Waitlist,0.12576899225153645
1910,Waitlist,0.4905660377358487,Waitlist,0.4731255790230089,Waitlist,0.4499820017256865,Gradient Boosting,Waitlist,0.4499820017256865
1911,Admit,0.6029411764705921,Admit,0.6071474746568283,Admit,0.6221499851978847,Gradient Boosting,Admit,0.6221499851978847
1913,Admit,0.6029411764705921,Admit,0.7084057080636132,Admit,0.7800174719703095,Gradient Boosting,Admit,0.7800174719703095
1914,Admit,0.8301886792452832,Admit,0.5607088965378034,Waitlist,0.4148612447825093,Gradient Boosting,Waitlist,0.4148612447825093
1915,Waitlist,0.027027027027027025,Waitlist,0.42642469277145195,Waitlist,0.159714109638036,Gradient Boosting,Waitlist,0.159714109638036
1916,Waitlist,0.4905660377358487,Waitlist,0.31996282118569297,Waitlist,0.47353291621536403,Gradient Boosting,Waitlist,0.47353291621536403
1917,Admit,0.6029411764705921,Admit,0.651257787666467,Admit,0.6459669246024679,Gradient Boosting,Admit,0.6459669246024679
1918,Waitlist,0.027027027027027025,Waitlist,0.41182795729794697,Waitlist,0.34832887695764186,Gradient Boosting,Waitlist,0.34832887695764186
1919,Waitlist,0.0869565217391304,Waitlist,0.3266646730876037,Waitlist,0.12257630525125236,Gradient Boosting,Waitlist,0.12257630525125236
1920,Admit,0.8301886792452832,Admit,0.715718042483475,Admit,0.6470043044955444,Gradient Boosting,Admit,0.6470043044955444
1921,Admit,1.0,Admit,0.6913381834755181,Admit,0.7104924054269617,Gradient Boosting,Admit,0.7104924054269617
1922,Admit,1.0,Admit,0.7082554191499734,Admit,0.753287646406691,Gradient Boosting,Admit,0.753287646406691
1923,Waitlist,0.23404255319148923,Admit,0.5666463437919669,Waitlist,0.4835777622425798,Gradient Boosting,Waitlist,0.4835777622425798
1925,Waitlist,0.23404255319148923,Admit,0.5071750517895738,Waitlist,0.28586665988925414,Gradient Boosting,Waitlist,0.28586665988925414
1926,Admit,1.0,Waitlist,0.3207419337676209,Admit,0.5311363551392371,Gradient Boosting,Admit,0.5311363551392371
1927,Waitlist,0.4545454545454544,Waitlist,0.44148982892411887,Waitlist,0.2883857213402454,Gradient Boosting,Waitlist,0.2883857213402454
1928,Waitlist,0.23404255319148923,Admit,0.5532636153739876,Waitlist,0.3955128723316616,Gradient Boosting,Waitlist,0.3955128723316616
1929,Admit,1.0,Waitlist,0.4127177223276384,Admit,0.5349332478666687,Gradient Boosting,Admit,0.5349332478666687
1930,Waitlist,0.4905660377358487,Waitlist,0.31370619325314236,Waitlist,0.28787892154734573,Gradient Boosting,Waitlist,0.28787892154734573
1931,Admit,1.0,Waitlist,0.36428797205264435,Waitlist,0.4020751804814116,Gradient Boosting,Waitlist,0.4020751804814116
1932,Waitlist,0.4905660377358487,Waitlist,0.394837989914201,Waitlist,0.36227081750039036,Gradient Boosting,Waitlist,0.36227081750039036
1933,Waitlist,0.0869565217391304,Waitlist,0.37378360473016947,Waitlist,0.1754484759970115,Gradient Boosting,Waitlist,0.1754484759970115
1934,Waitlist,0.4905660377358487,Waitlist,0.3085285479248403,Waitlist,0.3170269745022774,Gradient Boosting,Waitlist,0.3170269745022774
1935,Waitlist,0.4905660377358487,Waitlist,0.3208251404913445,Waitlist,0.4237308875669459,Gradient Boosting,Waitlist,0.4237308875669459
1936,Waitlist,0.4905660377358487,Waitlist,0.4658751241607326,Waitlist,0.3812414136115958,Gradient Boosting,Waitlist,0.3812414136115958
1938,Admit,0.6029411764705921,Admit,0.6617079757206988,Admit,0.7717476556196817,Gradient Boosting,Admit,0.7717476556196817
1939,Waitlist,0.4905660377358487,Waitlist,0.30691227281259853,Waitlist,0.38764212461697745,Gradient Boosting,Waitlist,0.38764212461697745
1940,Waitlist,0.14285714285714282,Waitlist,0.2782148303638427,Waitlist,0.14112066771459356,Gradient Boosting,Waitlist,0.14112066771459356
1941,Waitlist,0.4905660377358487,Admit,0.5046234715188803,Waitlist,0.4744615398308929,Gradient Boosting,Waitlist,0.4744615398308929
1942,Waitlist,0.027027027027027025,Waitlist,0.29976740247666056,Waitlist,0.2281638561341524,Gradient Boosting,Waitlist,0.2281638561341524
1943,Waitlist,0.4905660377358487,Admit,0.5051564671951626,Waitlist,0.4870364065563577,Gradient Boosting,Waitlist,0.4870364065563577
1945,Admit,1.0,Admit,0.7710039822307085,Admit,0.7823921877441465,Gradient Boosting,Admit,0.7823921877441465
1946,Admit,0.8301886792452832,Admit,0.5243876023220015,Waitlist,0.4703581360970485,Gradient Boosting,Waitlist,0.4703581360970485
1947,Waitlist,0.4905660377358487,Waitlist,0.49902700928955956,Waitlist,0.28682590114577267,Gradient Boosting,Waitlist,0.28682590114577267
1948,Admit,0.8301886792452832,Admit,0.5404091211638284,Admit,0.6148583524180179,Gradient Boosting,Admit,0.6148583524180179
1949,Waitlist,0.0869565217391304,Waitlist,0.27966350069959345,Waitlist,0.13541731570821514,Gradient Boosting,Waitlist,0.13541731570821514
1950,Admit,0.6029411764705921,Admit,0.7883341403102924,Admit,0.7106151252632564,Gradient Boosting,Admit,0.7106151252632564
1951,Waitlist,0.4905660377358487,Waitlist,0.4745960918085414,Admit,0.7952269679293029,Gradient Boosting,Admit,0.7952269679293029
1952,Waitlist,0.027027027027027025,Waitlist,0.36995047363869915,Waitlist,0.17244326371089486,Gradient Boosting,Waitlist,0.17244326371089486
1953,Admit,1.0,Admit,0.6656740886449891,Admit,0.5763159119383879,Gradient Boosting,Admit,0.5763159119383879
1954,Waitlist,0.027027027027027025,Waitlist,0.31193362803766445,Waitlist,0.2349751169920494,Gradient Boosting,Waitlist,0.2349751169920494
1955,Waitlist,0.13461538461538458,Waitlist,0.38637565404251845,Waitlist,0.2647899319799228,Gradient Boosting,Waitlist,0.2647899319799228
1956,Waitlist,0.4905660377358487,Admit,0.532135149407224,Waitlist,0.49992195077832957,Gradient Boosting,Waitlist,0.49992195077832957
1958,Admit,1.0,Admit,0.6348298211036764,Admit,0.6891980874618859,Gradient Boosting,Admit,0.6891980874618859
1959,Waitlist,0.027027027027027025,Waitlist,0.3982913501222947,Waitlist,0.2057240395101254,Gradient Boosting,Waitlist,0.2057240395101254
1960,Waitlist,0.0869565217391304,Waitlist,0.19655819566097765,Waitlist,0.12940515286233778,Gradient Boosting,Waitlist,0.12940515286233778
1961,Waitlist,0.4545454545454544,Waitlist,0.34512386133714834,Waitlist,0.21420834499408403,Gradient Boosting,Waitlist,0.21420834499408403
1962,Admit,1.0,Admit,0.5578179624346727,Admit,0.7152013457677276,Gradient Boosting,Admit,0.7152013457677276
1963,Waitlist,0.13461538461538458,Waitlist,0.4008214847100335,Admit,0.6209425153497867,Gradient Boosting,Admit,0.6209425153497867
1964,Waitlist,0.4905660377358487,Admit,0.5029950493204332,Waitlist,0.41039171476018627,Gradient Boosting,Waitlist,0.41039171476018627
1966,Admit,0.8301886792452832,Admit,0.6466249050184781,Admit,0.6538820048175715,Gradient Boosting,Admit,0.6538820048175715
1967,Admit,1.0,Admit,0.6925549325694805,Admit,0.5002563067363074,Gradient Boosting,Admit,0.5002563067363074
1968,Admit,0.5909090909090908,Admit,0.5218858589126505,Waitlist,0.4617872639409608,Gradient Boosting,Waitlist,0.4617872639409608
1969,Waitlist,0.13461538461538458,Waitlist,0.38784451751323257,Waitlist,0.3840142532905818,Gradient Boosting,Waitlist,0.3840142532905818
1970,Admit,0.6029411764705921,Admit,0.6967929245059067,Admit,0.6459669246024679,Gradient Boosting,Admit,0.6459669246024679
1971,Admit,0.6351351351351351,Admit,0.5983774186241382,Waitlist,0.4482095058177112,Gradient Boosting,Waitlist,0.4482095058177112
1974,Admit,1.0,Waitlist,0.3146075820210689,Waitlist,0.2852078214060776,Gradient Boosting,Waitlist,0.2852078214060776
1975,Waitlist,0.4905660377358487,Waitlist,0.457970819601198,Admit,0.5289161880305945,Gradient Boosting,Admit,0.5289161880305945
1976,Waitlist,0.4905660377358487,Waitlist,0.3066018986376789,Waitlist,0.17191017485110682,Gradient Boosting,Waitlist,0.17191017485110682
1977,Waitlist,0.4545454545454544,Waitlist,0.3425814092589035,Waitlist,0.13904352769022432,Gradient Boosting,Waitlist,0.13904352769022432
1978,Waitlist,0.4905660377358487,Waitlist,0.3317655078515825,Waitlist,0.4237308875669459,Gradient Boosting,Waitlist,0.4237308875669459
1979,Admit,1.0,Waitlist,0.48681343071233907,Waitlist,0.4705416494178749,Gradient Boosting,Waitlist,0.4705416494178749
1980,Waitlist,0.4905660377358487,Waitlist,0.33119184041456395,Waitlist,0.3156565643754704,Gradient Boosting,Waitlist,0.3156565643754704
1981,Waitlist,0.4905660377358487,Waitlist,0.47977550870897206,Waitlist,0.37817072669527774,Gradient Boosting,Waitlist,0.37817072669527774
1982,Waitlist,0.23404255319148923,Waitlist,0.39862980219965377,Waitlist,0.18282924629566133,Gradient Boosting,Waitlist,0.18282924629566133
1983,Admit,0.6029411764705921,Admit,0.7840465890984907,Admit,0.7030132752573016,Gradient Boosting,Admit,0.7030132752573016
1985,Admit,0.6351351351351351,Waitlist,0.4298760114061055,Waitlist,0.31555169583616266,Gradient Boosting,Waitlist,0.31555169583616266
1986,Waitlist,0.13461538461538458,Waitlist,0.44876746638299997,Admit,0.5136430355754907,Gradient Boosting,Admit,0.5136430355754907
1988,Waitlist,0.4545454545454544,Waitlist,0.40834324845929426,Waitlist,0.17002856328500118,Gradient Boosting,Waitlist,0.17002856328500118
1990,Admit,0.8301886792452832,Waitlist,0.4829806917116685,Admit,0.727756134255036,Gradient Boosting,Admit,0.727756134255036
1992,Waitlist,0.0869565217391304,Waitlist,0.4062914596349481,Waitlist,0.13883945192013178,Gradient Boosting,Waitlist,0.13883945192013178
1993,Waitlist,0.14285714285714282,Waitlist,0.3284666415002194,Waitlist,0.18035935928460547,Gradient Boosting,Waitlist,0.18035935928460547
1994,Waitlist,0.4545454545454544,Waitlist,0.3098782080020122,Waitlist,0.14454760400916297,Gradient Boosting,Waitlist,0.14454760400916297
1995,Admit,1.0,Admit,0.8626957244070439,Admit,0.9467462352227073,Gradient Boosting,Admit,0.9467462352227073
1996,Waitlist,0.14285714285714282,Waitlist,0.31260874587065196,Waitlist,0.28650243578486667,Gradient Boosting,Waitlist,0.28650243578486667
1998,Admit,0.6029411764705921,Admit,0.8210403098290112,Admit,0.8095163731690953,Gradient Boosting,Admit,0.8095163731690953
1999,Waitlist,0.23404255319148923,Waitlist,0.37913024033841547,Waitlist,0.35978301880738134,Gradient Boosting,Waitlist,0.35978301880738134
2000,Admit,1.0,Waitlist,0.45935413863659535,Admit,0.549667337439738,Gradient Boosting,Admit,0.549667337439738
2001,Waitlist,0.027027027027027025,Waitlist,0.390671025896461,Waitlist,0.26309714271459816,Gradient Boosting,Waitlist,0.26309714271459816
2002,Waitlist,0.23404255319148923,Admit,0.5815316576455749,Waitlist,0.463477409703821,Gradient Boosting,Waitlist,0.463477409703821
2003,Waitlist,0.4905660377358487,Admit,0.5977816782368988,Admit,0.6838459217695908,Gradient Boosting,Admit,0.6838459217695908
2004,Waitlist,0.027027027027027025,Waitlist,0.32469055246247336,Waitlist,0.1768262141770114,Gradient Boosting,Waitlist,0.1768262141770114
2006,Waitlist,0.4905660377358487,Waitlist,0.30074498168462643,Waitlist,0.2170137585245863,Gradient Boosting,Waitlist,0.2170137585245863
2008,Waitlist,0.0869565217391304,Waitlist,0.4023773683105222,Waitlist,0.2418763681631985,Gradient Boosting,Waitlist,0.2418763681631985
2009,Waitlist,0.3571428571428571,Waitlist,0.3140836839537214,Waitlist,0.38382059467082064,Gradient Boosting,Waitlist,0.38382059467082064
2010,Admit,0.6029411764705921,Admit,0.6038881852115513,Admit,0.5515752908799759,Gradient Boosting,Admit,0.5515752908799759
2012,Waitlist,0.13461538461538458,Waitlist,0.39614947635149683,Waitlist,0.31619052876222803,Gradient Boosting,Waitlist,0.31619052876222803
2013,Waitlist,0.23404255319148923,Admit,0.5876248092955992,Waitlist,0.41789406528334144,Gradient Boosting,Waitlist,0.41789406528334144
2014,Admit,0.6029411764705921,Admit,0.7115925344274745,Admit,0.8615178785146892,Gradient Boosting,Admit,0.8615178785146892
2015,Waitlist,0.027027027027027025,Waitlist,0.4500915009960569,Waitlist,0.39757726428614104,Gradient Boosting,Waitlist,0.39757726428614104
2016,Waitlist,0.027027027027027025,Waitlist,0.46864430529508694,Waitlist,0.33116480360036016,Gradient Boosting,Waitlist,0.33116480360036016
2017,Waitlist,0.0869565217391304,Waitlist,0.23786980565778634,Waitlist,0.17291931843535452,Gradient Boosting,Waitlist,0.17291931843535452
2018,Waitlist,0.37931034482758613,Admit,0.785232679716469,Admit,0.7985329750210995,Gradient Boosting,Admit,0.7985329750210995
2019,Waitlist,0.37931034482758613,Admit,0.552601645118877,Admit,0.5869655370564528,Gradient Boosting,Admit,0.5869655370564528
2020,Admit,1.0,Admit,0.6328600892990275,Admit,0.6779758337302271,Gradient Boosting,Admit,0.6779758337302271
2021,Admit,1.0,Waitlist,0.36340894772992405,Admit,0.8111699389337241,Gradient Boosting,Admit,0.8111699389337241
2022,Admit,1.0,Waitlist,0.3211717612542186,Admit,0.6129265073225667,Gradient Boosting,Admit,0.6129265073225667
2023,Waitlist,0.13461538461538458,Waitlist,0.3172550156137438,Waitlist,0.2684424729181449,Gradient Boosting,Waitlist,0.2684424729181449
2024,Admit,0.625,Admit,0.6574595747522014,Admit,0.510524148450719,Gradient Boosting,Admit,0.510524148450719
2025,Waitlist,0.3571428571428571,Waitlist,0.31310830068622586,Waitlist,0.3016058348336054,Gradient Boosting,Waitlist,0.3016058348336054
2026,Admit,0.5909090909090908,Waitlist,0.4986754369620407,Waitlist,0.3483389573474179,Gradient Boosting,Waitlist,0.3483389573474179
2028,Admit,1.0,Admit,0.6297675416903289,Admit,0.5658971439822438,Gradient Boosting,Admit,0.5658971439822438
2029,Admit,0.6029411764705921,Admit,0.6260433283421423,Admit,0.7592454323134005,Gradient Boosting,Admit,0.7592454323134005
2030,Admit,0.6029411764705921,Admit,0.6732802330629134,Admit,0.6167188579625803,Gradient Boosting,Admit,0.6167188579625803
2031,Admit,1.0,Waitlist,0.31271817245821676,Admit,0.578248057693759,Gradient Boosting,Admit,0.578248057693759
2032,Admit,0.6029411764705921,Admit,0.6804173550977798,Admit,0.5419252558373359,Gradient Boosting,Admit,0.5419252558373359
2033,Waitlist,0.027027027027027025,Waitlist,0.4442438298026864,Waitlist,0.3008935806088104,Gradient Boosting,Waitlist,0.3008935806088104
2034,Waitlist,0.13461538461538458,Waitlist,0.4217221917362767,Waitlist,0.340752505497099,Gradient Boosting,Waitlist,0.340752505497099
2035,Admit,0.6351351351351351,Admit,0.6158298086559714,Admit,0.5475425286993846,Gradient Boosting,Admit,0.5475425286993846
2037,Waitlist,0.0869565217391304,Waitlist,0.3890070114558254,Waitlist,0.24305018607619122,Gradient Boosting,Waitlist,0.24305018607619122
2039,Waitlist,0.4905660377358487,Waitlist,0.3628819306051938,Waitlist,0.31705515000390727,Gradient Boosting,Waitlist,0.31705515000390727
2040,Admit,0.6351351351351351,Waitlist,0.4262507321362665,Admit,0.5985775261151592,Gradient Boosting,Admit,0.5985775261151592
2041,Waitlist,0.4545454545454544,Waitlist,0.37761953161425654,Waitlist,0.438645206266345,Gradient Boosting,Waitlist,0.438645206266345
2042,Admit,0.6351351351351351,Admit,0.5341934068916835,Waitlist,0.44815976617659864,Gradient Boosting,Waitlist,0.44815976617659864
2043,Waitlist,0.027027027027027025,Waitlist,0.27183994182730603,Waitlist,0.19477089190342797,Gradient Boosting,Waitlist,0.19477089190342797
2044,Waitlist,0.13461538461538458,Waitlist,0.3604907428796304,Waitlist,0.31200041052662725,Gradient Boosting,Waitlist,0.31200041052662725
2045,Waitlist,0.3571428571428571,Waitlist,0.37285029169874967,Waitlist,0.3825716273228805,Gradient Boosting,Waitlist,0.3825716273228805
2046,Admit,1.0,Waitlist,0.3225734385682139,Waitlist,0.41684201730225107,Gradient Boosting,Waitlist,0.41684201730225107
2047,Waitlist,0.0869565217391304,Waitlist,0.41119264803852007,Waitlist,0.16192511593460868,Gradient Boosting,Waitlist,0.16192511593460868
2048,Waitlist,0.23404255319148923,Waitlist,0.4283731323886953,Waitlist,0.23287513769334536,Gradient Boosting,Waitlist,0.23287513769334536
2049,Admit,0.5909090909090908,Admit,0.6060381111159857,Admit,0.7979960068438662,Gradient Boosting,Admit,0.7979960068438662
2052,Waitlist,0.4905660377358487,Waitlist,0.48251742785001883,Admit,0.5484051610202414,Gradient Boosting,Admit,0.5484051610202414
2053,Waitlist,0.4545454545454544,Waitlist,0.4094606286891099,Waitlist,0.2734044892268893,Gradient Boosting,Waitlist,0.2734044892268893
2056,Waitlist,0.0869565217391304,Waitlist,0.3481818988347637,Waitlist,0.12583960750307785,Gradient Boosting,Waitlist,0.12583960750307785
2058,Waitlist,0.4905660377358487,Waitlist,0.3158179437556159,Waitlist,0.23997588878876855,Gradient Boosting,Waitlist,0.23997588878876855
2059,Waitlist,0.13461538461538458,Waitlist,0.416934371131726,Waitlist,0.3518804633842575,Gradient Boosting,Waitlist,0.3518804633842575
2060,Waitlist,0.13461538461538458,Waitlist,0.3302913732643562,Waitlist,0.3003577501222094,Gradient Boosting,Waitlist,0.3003577501222094
2061,Waitlist,0.4545454545454544,Waitlist,0.4725569663481314,Waitlist,0.36968635082175505,Gradient Boosting,Waitlist,0.36968635082175505
2062,Waitlist,0.4545454545454544,Waitlist,0.28468098128866115,Waitlist,0.1386527650443845,Gradient Boosting,Waitlist,0.1386527650443845
2063,Waitlist,0.4905660377358487,Waitlist,0.30494528751430977,Waitlist,0.23797051330722785,Gradient Boosting,Waitlist,0.23797051330722785
2065,Waitlist,0.4545454545454544,Waitlist,0.3801743525323285,Waitlist,0.16142647504811738,Gradient Boosting,Waitlist,0.16142647504811738
2066,Admit,1.0,Waitlist,0.3744962573810286,Admit,0.546715146857959,Gradient Boosting,Admit,0.546715146857959
2067,Waitlist,0.0869565217391304,Waitlist,0.31809074509413976,Waitlist,0.10949739581756386,Gradient Boosting,Waitlist,0.10949739581756386
2068,Waitlist,0.13461538461538458,Waitlist,0.27153894607545415,Waitlist,0.29725415401441074,Gradient Boosting,Waitlist,0.29725415401441074
2069,Waitlist,0.13461538461538458,Waitlist,0.42064983309630505,Waitlist,0.38309965286324965,Gradient Boosting,Waitlist,0.38309965286324965
2070,Waitlist,0.4545454545454544,Waitlist,0.3330868229620928,Waitlist,0.12610323260144324,Gradient Boosting,Waitlist,0.12610323260144324
2071,Waitlist,0.13461538461538458,Waitlist,0.4070441192639644,Waitlist,0.38659540158103445,Gradient Boosting,Waitlist,0.38659540158103445
2072,Admit,0.6029411764705921,Admit,0.7593261787738572,Admit,0.7702680528230665,Gradient Boosting,Admit,0.7702680528230665
2073,Waitlist,0.4905660377358487,Waitlist,0.3780209561201174,Admit,0.5271561673655111,Gradient Boosting,Admit,0.5271561673655111
2074,Waitlist,0.14285714285714282,Waitlist,0.27065968221328107,Waitlist,0.15564205013120877,Gradient Boosting,Waitlist,0.15564205013120877
2077,Waitlist,0.20588235294117635,Waitlist,0.4897522469895595,Waitlist,0.43829729031866943,Gradient Boosting,Waitlist,0.43829729031866943
2078,Waitlist,0.4545454545454544,Waitlist,0.2828822107269021,Waitlist,0.09916634583389543,Gradient Boosting,Waitlist,0.09916634583389543
2079,Waitlist,0.4905660377358487,Waitlist,0.39624359244186225,Waitlist,0.1890996573981515,Gradient Boosting,Waitlist,0.1890996573981515
2080,Waitlist,0.4545454545454544,Waitlist,0.39175938110451614,Waitlist,0.174687100865874,Gradient Boosting,Waitlist,0.174687100865874
2081,Waitlist,0.14285714285714282,Waitlist,0.3389488207824815,Waitlist,0.1529573821063123,Gradient Boosting,Waitlist,0.1529573821063123
2082,Admit,1.0,Admit,0.7291306420555809,Admit,0.7982175095089713,Gradient Boosting,Admit,0.7982175095089713
2083,Admit,0.5909090909090908,Admit,0.599638281520554,Admit,0.8657618079683331,Gradient Boosting,Admit,0.8657618079683331
2084,Waitlist,0.3571428571428568,Waitlist,0.39616475036320703,Admit,0.753787356365338,Gradient Boosting,Admit,0.753787356365338
2086,Admit,1.0,Waitlist,0.3268862082373993,Waitlist,0.3887796396662239,Gradient Boosting,Waitlist,0.3887796396662239
2087,Admit,0.6351351351351351,Waitlist,0.4239475344644456,Waitlist,0.30800151868556064,Gradient Boosting,Waitlist,0.30800151868556064
2088,Waitlist,0.0869565217391304,Waitlist,0.3664374145441892,Waitlist,0.3100171336243175,Gradient Boosting,Waitlist,0.3100171336243175
2089,Admit,1.0,Waitlist,0.4402098158265735,Waitlist,0.4677148539553801,Gradient Boosting,Waitlist,0.4677148539553801
2090,Waitlist,0.4905660377358487,Waitlist,0.3663801895447624,Waitlist,0.4402028963497359,Gradient Boosting,Waitlist,0.4402028963497359
2091,Admit,0.6351351351351351,Admit,0.707253422192472,Admit,0.6525956106856702,Gradient Boosting,Admit,0.6525956106856702
2092,Admit,0.5909090909090908,Admit,0.5336604097734294,Waitlist,0.3990127479943335,Gradient Boosting,Waitlist,0.3990127479943335
2093,Waitlist,0.3571428571428568,Waitlist,0.4532175752560116,Admit,0.5403565080445604,Gradient Boosting,Admit,0.5403565080445604
2094,Waitlist,0.13461538461538458,Waitlist,0.3522430708021051,Waitlist,0.30727009791854576,Gradient Boosting,Waitlist,0.30727009791854576
2095,Admit,0.6029411764705921,Admit,0.7336831497719248,Admit,0.841962578298509,Gradient Boosting,Admit,0.841962578298509
2096,Waitlist,0.4905660377358487,Waitlist,0.31615001663039993,Waitlist,0.31107348189639183,Gradient Boosting,Waitlist,0.31107348189639183
2097,Waitlist,0.13461538461538458,Waitlist,0.2620803423009442,Waitlist,0.2715134135758093,Gradient Boosting,Waitlist,0.2715134135758093
2098,Waitlist,0.3571428571428568,Waitlist,0.3705227910555309,Waitlist,0.4746897458829613,Gradient Boosting,Waitlist,0.4746897458829613
2099,Admit,1.0,Waitlist,0.41027464390599166,Admit,0.6256373999861498,Gradient Boosting,Admit,0.6256373999861498
2100,Admit,1.0,Waitlist,0.3559710503904116,Waitlist,0.34217155332818555,Gradient Boosting,Waitlist,0.34217155332818555
2101,Waitlist,0.0869565217391304,Waitlist,0.3644802204263774,Waitlist,0.12283708717285556,Gradient Boosting,Waitlist,0.12283708717285556
2102,Waitlist,0.4545454545454544,Waitlist,0.35091523953684456,Waitlist,0.174687100865874,Gradient Boosting,Waitlist,0.174687100865874
2103,Waitlist,0.13461538461538458,Waitlist,0.340057549620653,Waitlist,0.29725415401441074,Gradient Boosting,Waitlist,0.29725415401441074
2105,Waitlist,0.3571428571428568,Admit,0.5949947903907038,Admit,0.5556397234990543,Gradient Boosting,Admit,0.5556397234990543
2106,Waitlist,0.0869565217391304,Waitlist,0.27256927756330784,Waitlist,0.2503257108304191,Gradient Boosting,Waitlist,0.2503257108304191
2110,Admit,0.6029411764705921,Admit,0.5924931634618802,Admit,0.6485829476635462,Gradient Boosting,Admit,0.6485829476635462
2111,Admit,1.0,Waitlist,0.45356570433269944,Admit,0.6398694137324223,Gradient Boosting,Admit,0.6398694137324223
2112,Waitlist,0.13461538461538458,Waitlist,0.37358892862877985,Waitlist,0.34781143895668004,Gradient Boosting,Waitlist,0.34781143895668004
2113,Admit,1.0,Waitlist,0.2993987917634097,Waitlist,0.33826995877752863,Gradient Boosting,Waitlist,0.33826995877752863
2114,Waitlist,0.4905660377358487,Waitlist,0.49984878355351714,Admit,0.6034739374054032,Gradient Boosting,Admit,0.6034739374054032
2115,Waitlist,0.4905660377358487,Waitlist,0.42369309718687703,Waitlist,0.30640481121619934,Gradient Boosting,Waitlist,0.30640481121619934
2116,Waitlist,0.4905660377358487,Waitlist,0.3503037919744011,Waitlist,0.3170269745022774,Gradient Boosting,Waitlist,0.3170269745022774
2118,Waitlist,0.4905660377358487,Waitlist,0.37474660535371046,Waitlist,0.45086542116365735,Gradient Boosting,Waitlist,0.45086542116365735
2121,Waitlist,0.0869565217391304,Waitlist,0.28767932912927613,Waitlist,0.22157883250995905,Gradient Boosting,Waitlist,0.22157883250995905
2123,Waitlist,0.4905660377358487,Waitlist,0.4390357412342508,Waitlist,0.46383544709427765,Gradient Boosting,Waitlist,0.46383544709427765
2124,Waitlist,0.4905660377358487,Waitlist,0.2768851100338998,Waitlist,0.21211394938721284,Gradient Boosting,Waitlist,0.21211394938721284
2126,Waitlist,0.0869565217391304,Admit,0.5054051702719229,Waitlist,0.23187519193453646,Gradient Boosting,Waitlist,0.23187519193453646
2127,Admit,0.6029411764705921,Admit,0.7021543910849454,Admit,0.6594731934751132,Gradient Boosting,Admit,0.6594731934751132
2128,Admit,0.6029411764705921,Admit,0.6640759498557287,Admit,0.6633977109339211,Gradient Boosting,Admit,0.6633977109339211
2129,Waitlist,0.4905660377358487,Waitlist,0.4962426932390904,Waitlist,0.3575016988879336,Gradient Boosting,Waitlist,0.3575016988879336
2130,Waitlist,0.4545454545454544,Waitlist,0.37282633145753685,Waitlist,0.15311257329955208,Gradient Boosting,Waitlist,0.15311257329955208
2131,Waitlist,0.13461538461538458,Waitlist,0.3386718543545857,Waitlist,0.36885237143110394,Gradient Boosting,Waitlist,0.36885237143110394
2132,Waitlist,0.4545454545454544,Waitlist,0.35032927168255845,Waitlist,0.28861615129171453,Gradient Boosting,Waitlist,0.28861615129171453
2133,Waitlist,0.4905660377358487,Waitlist,0.30641261757266197,Waitlist,0.2743136927629791,Gradient Boosting,Waitlist,0.2743136927629791
2134,Admit,1.0,Admit,0.6658758510283024,Admit,0.6669099119363686,Gradient Boosting,Admit,0.6669099119363686
2135,Waitlist,0.20588235294117635,Waitlist,0.4882343538461745,Waitlist,0.43269827385665677,Gradient Boosting,Waitlist,0.43269827385665677
2136,Admit,1.0,Waitlist,0.3730531664650843,Admit,0.6400943714642212,Gradient Boosting,Admit,0.6400943714642212
2138,Admit,0.6351351351351351,Waitlist,0.45742112166199583,Waitlist,0.4095707691836463,Gradient Boosting,Waitlist,0.4095707691836463
2139,Admit,1.0,Waitlist,0.4003356241051816,Admit,0.8149828132676138,Gradient Boosting,Admit,0.8149828132676138
2140,Waitlist,0.4545454545454544,Waitlist,0.4035337097774017,Waitlist,0.4825032152580304,Gradient Boosting,Waitlist,0.4825032152580304
2141,Waitlist,0.4545454545454544,Waitlist,0.3858532912468063,Waitlist,0.28814544967892797,Gradient Boosting,Waitlist,0.28814544967892797
2142,Waitlist,0.23404255319148923,Waitlist,0.4931846221842969,Waitlist,0.32278374228125956,Gradient Boosting,Waitlist,0.32278374228125956
2143,Waitlist,0.14285714285714282,Waitlist,0.29796024981148006,Waitlist,0.24401758594866674,Gradient Boosting,Waitlist,0.24401758594866674
2144,Waitlist,0.13461538461538458,Waitlist,0.23693159270237865,Waitlist,0.2741906428158912,Gradient Boosting,Waitlist,0.2741906428158912
2145,Admit,1.0,Admit,0.666429125149875,Admit,0.6123451562717084,Gradient Boosting,Admit,0.6123451562717084
2146,Admit,0.6029411764705921,Admit,0.6225754887331223,Admit,0.5137571643052715,Gradient Boosting,Admit,0.5137571643052715
2147,Admit,1.0,Admit,0.6647834547281934,Admit,0.6671162119152639,Gradient Boosting,Admit,0.6671162119152639
2149,Waitlist,0.4905660377358487,Waitlist,0.4631698891066973,Waitlist,0.3465949322503351,Gradient Boosting,Waitlist,0.3465949322503351
2150,Admit,1.0,Admit,0.5454191441180419,Admit,0.8197929372626617,Gradient Boosting,Admit,0.8197929372626617
2151,Waitlist,0.13461538461538458,Waitlist,0.2550208196666473,Waitlist,0.22940486175753855,Gradient Boosting,Waitlist,0.22940486175753855
2152,Waitlist,0.4905660377358487,Admit,0.540521211642648,Admit,0.5025903882230455,Gradient Boosting,Admit,0.5025903882230455
2153,Admit,1.0,Waitlist,0.3563591954205653,Admit,0.7790246640434443,Gradient Boosting,Admit,0.7790246640434443
2154,Waitlist,0.23404255319148923,Waitlist,0.3905325397665944,Waitlist,0.21024799409605874,Gradient Boosting,Waitlist,0.21024799409605874
2155,Waitlist,0.4905660377358487,Waitlist,0.3240058267021222,Waitlist,0.22968355702797166,Gradient Boosting,Waitlist,0.22968355702797166
2156,Waitlist,0.13461538461538458,Waitlist,0.3086293475668112,Waitlist,0.23543787021779394,Gradient Boosting,Waitlist,0.23543787021779394
2157,Admit,0.6029411764705921,Admit,0.7478629103119454,Admit,0.6352687103310956,Gradient Boosting,Admit,0.6352687103310956
2158,Waitlist,0.4905660377358487,Waitlist,0.346413975348772,Waitlist,0.47353291621536403,Gradient Boosting,Waitlist,0.47353291621536403
2159,Admit,1.0,Admit,0.7065744729728856,Admit,0.6669099119363686,Gradient Boosting,Admit,0.6669099119363686
2160,Waitlist,0.027027027027027025,Waitlist,0.43286702358702495,Waitlist,0.29245296437885687,Gradient Boosting,Waitlist,0.29245296437885687
2161,Waitlist,0.23404255319148923,Admit,0.6178787124491694,Admit,0.5194404874249269,Gradient Boosting,Admit,0.5194404874249269
2163,Admit,0.8301886792452832,Admit,0.6341781001279656,Admit,0.6823350905508511,Gradient Boosting,Admit,0.6823350905508511
2164,Waitlist,0.4905660377358487,Waitlist,0.4906708571416942,Waitlist,0.40598105193940787,Gradient Boosting,Waitlist,0.40598105193940787
2165,Waitlist,0.027027027027027025,Waitlist,0.4435706520790552,Waitlist,0.31549546893088476,Gradient Boosting,Waitlist,0.31549546893088476
2167,Admit,0.6029411764705921,Admit,0.6812753994661042,Admit,0.7293119765764304,Gradient Boosting,Admit,0.7293119765764304
2168,Waitlist,0.4545454545454544,Waitlist,0.39449298602032995,Waitlist,0.17002856328500118,Gradient Boosting,Waitlist,0.17002856328500118
2169,Admit,1.0,Waitlist,0.3177691788680538,Waitlist,0.35082962325592015,Gradient Boosting,Waitlist,0.35082962325592015
2170,Admit,1.0,Waitlist,0.3713238630046027,Waitlist,0.37184175548213566,Gradient Boosting,Waitlist,0.37184175548213566
2171,Waitlist,0.0869565217391304,Waitlist,0.3304478490395581,Waitlist,0.29784829860314893,Gradient Boosting,Waitlist,0.29784829860314893
2172,Admit,1.0,Admit,0.5697588798901532,Admit,0.8262647516498638,Gradient Boosting,Admit,0.8262647516498638
2174,Admit,1.0,Waitlist,0.4737496699629213,Admit,0.6938379450473988,Gradient Boosting,Admit,0.6938379450473988
2175,Admit,0.6029411764705921,Admit,0.6320781206864772,Admit,0.7186670202737377,Gradient Boosting,Admit,0.7186670202737377
2176,Admit,0.6029411764705921,Admit,0.6316788657997535,Admit,0.6004356342622158,Gradient Boosting,Admit,0.6004356342622158
2177,Waitlist,0.13461538461538458,Waitlist,0.34270243669916506,Waitlist,0.18279626247467393,Gradient Boosting,Waitlist,0.18279626247467393
2178,Waitlist,0.3571428571428568,Admit,0.5216046930586153,Admit,0.5954983138553877,Gradient Boosting,Admit,0.5954983138553877
2179,Waitlist,0.0869565217391304,Waitlist,0.25119713752508194,Waitlist,0.16447494213786967,Gradient Boosting,Waitlist,0.16447494213786967
2180,Waitlist,0.3571428571428571,Waitlist,0.3019085771092823,Waitlist,0.3235141957587479,Gradient Boosting,Waitlist,0.3235141957587479
2181,Admit,0.6029411764705921,Admit,0.5669959711628647,Admit,0.727756134255036,Gradient Boosting,Admit,0.727756134255036
2182,Admit,0.6351351351351351,Admit,0.6249905021877448,Waitlist,0.48738252000042154,Gradient Boosting,Waitlist,0.48738252000042154
2183,Waitlist,0.0869565217391304,Waitlist,0.3061381681633643,Waitlist,0.12384437110391422,Gradient Boosting,Waitlist,0.12384437110391422
2184,Waitlist,0.3571428571428568,Waitlist,0.28316175320650705,Waitlist,0.3269546834643608,Gradient Boosting,Waitlist,0.3269546834643608
2185,Admit,0.8301886792452832,Admit,0.6335617286020917,Admit,0.6148583524180179,Gradient Boosting,Admit,0.6148583524180179
2186,Admit,0.6029411764705921,Admit,0.7852313575527133,Admit,0.7238858423652418,Gradient Boosting,Admit,0.7238858423652418
2187,Waitlist,0.13461538461538458,Waitlist,0.35216653630890976,Waitlist,0.30727009791854576,Gradient Boosting,Waitlist,0.30727009791854576
2188,Waitlist,0.4905660377358487,Waitlist,0.4248760611839888,Waitlist,0.24705101840334945,Gradient Boosting,Waitlist,0.24705101840334945
2189,Waitlist,0.3571428571428568,Waitlist,0.4849902077202756,Admit,0.5212538032848456,Gradient Boosting,Admit,0.5212538032848456
2190,Waitlist,0.23404255319148923,Waitlist,0.3959465898240124,Waitlist,0.21287525429872736,Gradient Boosting,Waitlist,0.21287525429872736
2191,Waitlist,0.4545454545454544,Waitlist,0.357857928615757,Waitlist,0.36244122570440923,Gradient Boosting,Waitlist,0.36244122570440923
2192,Admit,1.0,Admit,0.5212715060158202,Admit,0.5658971439822438,Gradient Boosting,Admit,0.5658971439822438
2193,Waitlist,0.027027027027027025,Waitlist,0.43854042578844815,Admit,0.5343973191059962,Gradient Boosting,Admit,0.5343973191059962
2194,Admit,1.0,Waitlist,0.3265518962927582,Admit,0.5835710415361387,Gradient Boosting,Admit,0.5835710415361387
2195,Admit,0.5909090909090908,Admit,0.5404399654349112,Admit,0.5476515073585735,Gradient Boosting,Admit,0.5476515073585735
2196,Admit,1.0,Admit,0.6736603321161577,Admit,0.6540825820367693,Gradient Boosting,Admit,0.6540825820367693
2197,Admit,1.0,Waitlist,0.467624109229331,Admit,0.7037632075096576,Gradient Boosting,Admit,0.7037632075096576
2199,Waitlist,0.13461538461538458,Waitlist,0.2924998926115669,Waitlist,0.25903851512972054,Gradient Boosting,Waitlist,0.25903851512972054
2200,Admit,0.6029411764705921,Admit,0.6363639799989479,Waitlist,0.47458967469221086,Gradient Boosting,Waitlist,0.47458967469221086
2201,Waitlist,0.13461538461538458,Waitlist,0.37010466549018456,Waitlist,0.3171359675797304,Gradient Boosting,Waitlist,0.3171359675797304
2202,Waitlist,0.4545454545454544,Waitlist,0.3076888785043232,Waitlist,0.11744036317564188,Gradient Boosting,Waitlist,0.11744036317564188
2203,Waitlist,0.23404255319148923,Waitlist,0.4451855565743977,Waitlist,0.27471322853864055,Gradient Boosting,Waitlist,0.27471322853864055
2205,Admit,0.6029411764705921,Admit,0.7196870957407239,Admit,0.6855113098196116,Gradient Boosting,Admit,0.6855113098196116
2206,Waitlist,0.0869565217391304,Waitlist,0.27852420524220295,Waitlist,0.36889471670584584,Gradient Boosting,Waitlist,0.36889471670584584
2208,Waitlist,0.4905660377358487,Waitlist,0.4625643840532548,Waitlist,0.38434637093153173,Gradient Boosting,Waitlist,0.38434637093153173
2209,Waitlist,0.4905660377358487,Waitlist,0.32560504328465706,Waitlist,0.28422543008924855,Gradient Boosting,Waitlist,0.28422543008924855
2210,Admit,0.6029411764705921,Admit,0.7214658864919968,Admit,0.7025058837257055,Gradient Boosting,Admit,0.7025058837257055
2211,Admit,1.0,Waitlist,0.32774623252813445,Admit,0.538660248140118,Gradient Boosting,Admit,0.538660248140118
2212,Waitlist,0.3571428571428571,Admit,0.5390640145056981,Waitlist,0.4335412986355254,Gradient Boosting,Waitlist,0.4335412986355254
2213,Waitlist,0.0869565217391304,Waitlist,0.30854520855762796,Waitlist,0.0934595601445026,Gradient Boosting,Waitlist,0.0934595601445026
2214,Admit,0.6351351351351351,Admit,0.5653588924852814,Waitlist,0.47119786549122294,Gradient Boosting,Waitlist,0.47119786549122294
2215,Waitlist,0.4905660377358487,Waitlist,0.31132291834188575,Waitlist,0.16588080147546566,Gradient Boosting,Waitlist,0.16588080147546566
2216,Waitlist,0.0869565217391304,Waitlist,0.2127403470348005,Waitlist,0.17715954729231673,Gradient Boosting,Waitlist,0.17715954729231673
2217,Waitlist,0.4905660377358487,Waitlist,0.3732846867073313,Waitlist,0.3092608849294617,Gradient Boosting,Waitlist,0.3092608849294617
2218,Waitlist,0.0869565217391304,Waitlist,0.29666766445589215,Waitlist,0.1743708180040787,Gradient Boosting,Waitlist,0.1743708180040787
2220,Waitlist,0.13461538461538458,Waitlist,0.3537061623216067,Waitlist,0.2934463724259551,Gradient Boosting,Waitlist,0.2934463724259551
2221,Waitlist,0.37931034482758613,Admit,0.8016604488880524,Admit,0.9073412740194372,Gradient Boosting,Admit,0.9073412740194372
2222,Waitlist,0.0869565217391304,Waitlist,0.3385662365869132,Waitlist,0.16403505092406623,Gradient Boosting,Waitlist,0.16403505092406623
2223,Admit,0.6029411764705921,Admit,0.6159121728090051,Admit,0.6485829476635462,Gradient Boosting,Admit,0.6485829476635462
2224,Waitlist,0.3571428571428571,Waitlist,0.39711023583614424,Waitlist,0.2947834534915738,Gradient Boosting,Waitlist,0.2947834534915738
2225,Waitlist,0.4905660377358487,Waitlist,0.4968885075929416,Waitlist,0.40726563136915334,Gradient Boosting,Waitlist,0.40726563136915334
2226,Waitlist,0.4905660377358487,Waitlist,0.3651927651988099,Waitlist,0.2451529097945142,Gradient Boosting,Waitlist,0.2451529097945142
2230,Waitlist,0.0869565217391304,Waitlist,0.26126516462673843,Waitlist,0.2613659172687952,Gradient Boosting,Waitlist,0.2613659172687952
2232,Waitlist,0.4545454545454544,Waitlist,0.4463484544271579,Waitlist,0.17806456433991485,Gradient Boosting,Waitlist,0.17806456433991485
2233,Waitlist,0.0869565217391304,Waitlist,0.23731951579941438,Waitlist,0.09283625937270869,Gradient Boosting,Waitlist,0.09283625937270869
2234,Waitlist,0.4905660377358487,Waitlist,0.3787063229455791,Waitlist,0.46751022258864566,Gradient Boosting,Waitlist,0.46751022258864566
2235,Waitlist,0.13461538461538458,Waitlist,0.37343141199135643,Waitlist,0.4496269531535269,Gradient Boosting,Waitlist,0.4496269531535269
2236,Waitlist,0.027027027027027025,Waitlist,0.3474885662242601,Waitlist,0.4110746037490588,Gradient Boosting,Waitlist,0.4110746037490588
2237,Waitlist,0.0869565217391304,Waitlist,0.42380865110341065,Waitlist,0.21201526763418613,Gradient Boosting,Waitlist,0.21201526763418613
2238,Admit,1.0,Admit,0.7862759054677253,Admit,0.941378921088034,Gradient Boosting,Admit,0.941378921088034
2239,Waitlist,0.4905660377358487,Waitlist,0.3711023396253713,Waitlist,0.2581687707092739,Gradient Boosting,Waitlist,0.2581687707092739
2240,Admit,1.0,Admit,0.5168470710391885,Admit,0.5368849561735459,Gradient Boosting,Admit,0.5368849561735459
2241,Waitlist,0.027027027027027025,Waitlist,0.4437889934634351,Waitlist,0.2883857213402454,Gradient Boosting,Waitlist,0.2883857213402454
2242,Admit,0.6029411764705921,Admit,0.577533038432155,Admit,0.55299636861905,Gradient Boosting,Admit,0.55299636861905
2243,Admit,1.0,Waitlist,0.3614300216249254,Admit,0.6468847862400016,Gradient Boosting,Admit,0.6468847862400016
2244,Admit,1.0,Admit,0.6999662086396724,Admit,0.8433511301620024,Gradient Boosting,Admit,0.8433511301620024
2245,Waitlist,0.027027027027027025,Waitlist,0.4400478744991657,Waitlist,0.38862989596235803,Gradient Boosting,Waitlist,0.38862989596235803
2247,Waitlist,0.20588235294117635,Admit,0.5435700437773313,Waitlist,0.47172457376893173,Gradient Boosting,Waitlist,0.47172457376893173
2248,Admit,0.8301886792452832,Admit,0.5425743917273199,Admit,0.576253466290961,Gradient Boosting,Admit,0.576253466290961
2249,Admit,1.0,Waitlist,0.321682777218447,Admit,0.5781187556511778,Gradient Boosting,Admit,0.5781187556511778
2250,Admit,0.6351351351351351,Admit,0.7020099987791483,Admit,0.6127382788308006,Gradient Boosting,Admit,0.6127382788308006
2251,Admit,0.6029411764705921,Admit,0.6135027705970709,Admit,0.6787925494644622,Gradient Boosting,Admit,0.6787925494644622
2253,Admit,1.0,Admit,0.5105346549939199,Admit,0.8221017120177656,Gradient Boosting,Admit,0.8221017120177656
2255,Waitlist,0.23404255319148923,Waitlist,0.4909065405917368,Waitlist,0.2895835926720588,Gradient Boosting,Waitlist,0.2895835926720588
2256,Waitlist,0.13461538461538458,Waitlist,0.3499468797132447,Waitlist,0.3510417854425857,Gradient Boosting,Waitlist,0.3510417854425857
2257,Waitlist,0.0869565217391304,Waitlist,0.33852298285290144,Waitlist,0.1846332522133083,Gradient Boosting,Waitlist,0.1846332522133083
2258,Waitlist,0.0869565217391304,Waitlist,0.31091749045799083,Waitlist,0.10603834614685184,Gradient Boosting,Waitlist,0.10603834614685184
2259,Admit,1.0,Admit,0.5234766863141419,Admit,0.8727516260894946,Gradient Boosting,Admit,0.8727516260894946
2260,Admit,0.6029411764705921,Admit,0.7459455872986693,Admit,0.8009850499289257,Gradient Boosting,Admit,0.8009850499289257
2261,Waitlist,0.4905660377358487,Waitlist,0.3204507226985583,Waitlist,0.42073211976736075,Gradient Boosting,Waitlist,0.42073211976736075
2262,Waitlist,0.4545454545454544,Waitlist,0.36168754756646593,Waitlist,0.15311257329955208,Gradient Boosting,Waitlist,0.15311257329955208
2263,Waitlist,0.4905660377358487,Waitlist,0.2821963420643591,Waitlist,0.16255164368574412,Gradient Boosting,Waitlist,0.16255164368574412
2264,Admit,0.6029411764705921,Admit,0.7100714686116676,Admit,0.7186670202737377,Gradient Boosting,Admit,0.7186670202737377
2265,Waitlist,0.4905660377358487,Admit,0.5208584728733131,Waitlist,0.38005044362722984,Gradient Boosting,Waitlist,0.38005044362722984
2266,Admit,0.6351351351351351,Waitlist,0.4225707108741197,Waitlist,0.2787997848941697,Gradient Boosting,Waitlist,0.2787997848941697
2267,Waitlist,0.13461538461538458,Waitlist,0.3649341521954962,Waitlist,0.3502607524240148,Gradient Boosting,Waitlist,0.3502607524240148
2268,Admit,0.5909090909090908,Admit,0.5637095129090326,Admit,0.5379940585747701,Gradient Boosting,Admit,0.5379940585747701
2269,Waitlist,0.4905660377358487,Waitlist,0.44073954771184104,Waitlist,0.3103986504541492,Gradient Boosting,Waitlist,0.3103986504541492
2270,Admit,1.0,Waitlist,0.3506724535922339,Admit,0.5915832751765833,Gradient Boosting,Admit,0.5915832751765833
2271,Admit,0.8301886792452832,Admit,0.7872965093522544,Admit,0.7757056529397862,Gradient Boosting,Admit,0.7757056529397862
2272,Waitlist,0.0869565217391304,Waitlist,0.27895423817335624,Waitlist,0.09992877344993076,Gradient Boosting,Waitlist,0.09992877344993076
2273,Waitlist,0.4905660377358487,Admit,0.5329971394961311,Waitlist,0.4497640406495864,Gradient Boosting,Waitlist,0.4497640406495864
2274,Waitlist,0.13461538461538458,Waitlist,0.2905244290499675,Waitlist,0.19096511764725072,Gradient Boosting,Waitlist,0.19096511764725072
2275,Waitlist,0.20588235294117635,Waitlist,0.4550440040599858,Waitlist,0.448780692145227,Gradient Boosting,Waitlist,0.448780692145227
2276,Waitlist,0.027027027027027025,Waitlist,0.37140928644753685,Waitlist,0.24907824008882018,Gradient Boosting,Waitlist,0.24907824008882018
2278,Waitlist,0.13461538461538458,Waitlist,0.33774057238462957,Waitlist,0.29417882828203035,Gradient Boosting,Waitlist,0.29417882828203035
2280,Waitlist,0.13461538461538458,Waitlist,0.34044192747896335,Waitlist,0.29884978224813474,Gradient Boosting,Waitlist,0.29884978224813474
2282,Admit,0.5909090909090908,Admit,0.6120298722053644,Admit,0.5130538918686408,Gradient Boosting,Admit,0.5130538918686408
2283,Admit,1.0,Admit,0.6046747284275125,Admit,0.8026289160417752,Gradient Boosting,Admit,0.8026289160417752
2284,Waitlist,0.4905660377358487,Waitlist,0.2855664508442569,Waitlist,0.14811238680491265,Gradient Boosting,Waitlist,0.14811238680491265
2285,Admit,0.6029411764705921,Admit,0.7130811348340451,Admit,0.618700010892868,Gradient Boosting,Admit,0.618700010892868
2286,Waitlist,0.1627906976744185,Waitlist,0.2732601153909958,Waitlist,0.1658528881961794,Gradient Boosting,Waitlist,0.1658528881961794
2287,Waitlist,0.4905660377358487,Waitlist,0.40892106084432206,Waitlist,0.34776979152586346,Gradient Boosting,Waitlist,0.34776979152586346
2288,Waitlist,0.0869565217391304,Waitlist,0.2669252796211525,Waitlist,0.07639120230356529,Gradient Boosting,Waitlist,0.07639120230356529
2290,Admit,1.0,Admit,0.7706718726522138,Admit,0.7459947675799848,Gradient Boosting,Admit,0.7459947675799848
2292,Waitlist,0.3571428571428571,Waitlist,0.3465523548843894,Waitlist,0.336879966508723,Gradient Boosting,Waitlist,0.336879966508723
2293,Admit,1.0,Admit,0.6286810496960923,Admit,0.727806799437966,Gradient Boosting,Admit,0.727806799437966
2294,Waitlist,0.23404255319148923,Waitlist,0.40079461842366626,Waitlist,0.41271025936512784,Gradient Boosting,Waitlist,0.41271025936512784
2295,Waitlist,0.3571428571428568,Waitlist,0.48206390987533276,Waitlist,0.4548488480948904,Gradient Boosting,Waitlist,0.4548488480948904
2298,Admit,0.6351351351351351,Admit,0.6487537096548134,Admit,0.5839172651113361,Gradient Boosting,Admit,0.5839172651113361
2299,Waitlist,0.027027027027027025,Waitlist,0.28802457330187875,Waitlist,0.1296526826031493,Gradient Boosting,Waitlist,0.1296526826031493
2300,Admit,0.5909090909090908,Admit,0.5054608148206773,Admit,0.5150404084750326,Gradient Boosting,Admit,0.5150404084750326
2301,Waitlist,0.0869565217391304,Waitlist,0.21852817084640638,Waitlist,0.1012852832839196,Gradient Boosting,Waitlist,0.1012852832839196
2302,Waitlist,0.027027027027027025,Waitlist,0.3190410689595702,Waitlist,0.1695081021027917,Gradient Boosting,Waitlist,0.1695081021027917
2303,Waitlist,0.0869565217391304,Waitlist,0.3573201065905185,Waitlist,0.11772008964130651,Gradient Boosting,Waitlist,0.11772008964130651
2304,Waitlist,0.13461538461538458,Waitlist,0.3234337278686468,Waitlist,0.265552588696647,Gradient Boosting,Waitlist,0.265552588696647
2305,Admit,1.0,Waitlist,0.32440494846271384,Waitlist,0.4714891201101706,Gradient Boosting,Waitlist,0.4714891201101706
2306,Waitlist,0.4905660377358487,Waitlist,0.2810428077954718,Waitlist,0.20654209695260148,Gradient Boosting,Waitlist,0.20654209695260148
2307,Waitlist,0.4905660377358487,Waitlist,0.43481884882014865,Waitlist,0.360818623100487,Gradient Boosting,Waitlist,0.360818623100487
2308,Waitlist,0.13461538461538458,Waitlist,0.3658897539512759,Waitlist,0.33672543244048864,Gradient Boosting,Waitlist,0.33672543244048864
2309,Admit,0.6351351351351351,Admit,0.5075252671311807,Waitlist,0.43269827385665677,Gradient Boosting,Waitlist,0.43269827385665677
2310,Waitlist,0.4905660377358487,Waitlist,0.3751287016325158,Waitlist,0.2978968388915847,Gradient Boosting,Waitlist,0.2978968388915847
2312,Admit,1.0,Waitlist,0.39235117217707616,Admit,0.5031124242551128,Gradient Boosting,Admit,0.5031124242551128
2313,Admit,0.625,Admit,0.6721718153441726,Admit,0.7100399108971445,Gradient Boosting,Admit,0.7100399108971445
2315,Admit,1.0,Waitlist,0.4056109159187187,Admit,0.6169566445603142,Gradient Boosting,Admit,0.6169566445603142
2316,Waitlist,0.13461538461538458,Waitlist,0.3211582183438523,Waitlist,0.27126182296069845,Gradient Boosting,Waitlist,0.27126182296069845
2317,Waitlist,0.4905660377358487,Waitlist,0.42794250877061113,Admit,0.5178340157004543,Gradient Boosting,Admit,0.5178340157004543
2318,Waitlist,0.0869565217391304,Waitlist,0.35931847807955547,Waitlist,0.13838446798294934,Gradient Boosting,Waitlist,0.13838446798294934
2319,Admit,1.0,Waitlist,0.3837914130617641,Admit,0.6656635026418674,Gradient Boosting,Admit,0.6656635026418674
2320,Admit,0.6029411764705921,Admit,0.7497298951061591,Admit,0.675287663528748,Gradient Boosting,Admit,0.675287663528748
2321,Waitlist,0.0869565217391304,Waitlist,0.3954367006601443,Waitlist,0.41537556371686885,Gradient Boosting,Waitlist,0.41537556371686885
2322,Waitlist,0.23404255319148923,Waitlist,0.4156539637240056,Waitlist,0.17357599259723414,Gradient Boosting,Waitlist,0.17357599259723414
2323,Waitlist,0.4545454545454544,Waitlist,0.37008248348481176,Waitlist,0.127615142729432,Gradient Boosting,Waitlist,0.127615142729432
2324,Waitlist,0.0869565217391304,Waitlist,0.3357994622291305,Waitlist,0.30803576266397403,Gradient Boosting,Waitlist,0.30803576266397403
2325,Admit,0.6029411764705921,Admit,0.5655037982838399,Admit,0.509282414428329,Gradient Boosting,Admit,0.509282414428329
2326,Admit,1.0,Waitlist,0.28442123494774363,Admit,0.5113578702877096,Gradient Boosting,Admit,0.5113578702877096
2327,Admit,1.0,Waitlist,0.4939233404471369,Admit,0.8221017120177656,Gradient Boosting,Admit,0.8221017120177656
2328,Waitlist,0.13461538461538458,Waitlist,0.45438776628330296,Waitlist,0.4996153513034386,Gradient Boosting,Waitlist,0.4996153513034386
2329,Admit,0.6029411764705921,Admit,0.6126031463013488,Admit,0.5950437462731321,Gradient Boosting,Admit,0.5950437462731321
2330,Admit,1.0,Admit,0.7150996221858723,Admit,0.7459947675799848,Gradient Boosting,Admit,0.7459947675799848
2331,Waitlist,0.3571428571428568,Waitlist,0.351935425626444,Waitlist,0.3404652095696424,Gradient Boosting,Waitlist,0.3404652095696424
2332,Admit,0.8301886792452832,Admit,0.6610342212442594,Admit,0.7302683995513756,Gradient Boosting,Admit,0.7302683995513756
2333,Admit,0.6029411764705921,Admit,0.7080009814596071,Admit,0.7690236574187341,Gradient Boosting,Admit,0.7690236574187341
2335,Waitlist,0.0869565217391304,Waitlist,0.28155262564093547,Waitlist,0.08591261759747626,Gradient Boosting,Waitlist,0.08591261759747626
2336,Admit,0.8301886792452832,Admit,0.6889220057282914,Admit,0.6650403035009295,Gradient Boosting,Admit,0.6650403035009295
2337,Waitlist,0.4905660377358487,Waitlist,0.3573566207057945,Waitlist,0.20941813748690666,Gradient Boosting,Waitlist,0.20941813748690666
2338,Waitlist,0.0869565217391304,Waitlist,0.3959967994499987,Waitlist,0.21751528715902005,Gradient Boosting,Waitlist,0.21751528715902005
2339,Waitlist,0.14285714285714282,Waitlist,0.3026431319509982,Waitlist,0.12793741893342195,Gradient Boosting,Waitlist,0.12793741893342195
2340,Waitlist,0.4545454545454544,Waitlist,0.4010844544799941,Waitlist,0.23014995862044832,Gradient Boosting,Waitlist,0.23014995862044832
2341,Waitlist,0.4905660377358487,Admit,0.5131918969876705,Waitlist,0.4657917586294209,Gradient Boosting,Waitlist,0.4657917586294209
2342,Admit,0.6351351351351351,Waitlist,0.42451540918862424,Waitlist,0.35631970664614143,Gradient Boosting,Waitlist,0.35631970664614143
2343,Waitlist,0.4545454545454544,Waitlist,0.32411889281351575,Waitlist,0.11744036317564188,Gradient Boosting,Waitlist,0.11744036317564188
2344,Waitlist,0.20588235294117635,Waitlist,0.3393695872636622,Waitlist,0.4708261804863615,Gradient Boosting,Waitlist,0.4708261804863615
2346,Admit,1.0,Waitlist,0.33088682504069267,Admit,0.5343761128789362,Gradient Boosting,Admit,0.5343761128789362
2347,Waitlist,0.027027027027027025,Admit,0.5077357336076199,Waitlist,0.3899647407071055,Gradient Boosting,Waitlist,0.3899647407071055
2348,Waitlist,0.0869565217391304,Waitlist,0.3571630518378586,Waitlist,0.23102757114674852,Gradient Boosting,Waitlist,0.23102757114674852
2350,Waitlist,0.4905660377358487,Waitlist,0.44045551739391914,Admit,0.5464792290056437,Gradient Boosting,Admit,0.5464792290056437
2351,Admit,1.0,Admit,0.6136813087327654,Admit,0.5609272252103933,Gradient Boosting,Admit,0.5609272252103933
2352,Admit,1.0,Waitlist,0.4626553946717564,Admit,0.706973559863876,Gradient Boosting,Admit,0.706973559863876
2353,Waitlist,0.13461538461538458,Waitlist,0.35183648017500624,Waitlist,0.3400312638621142,Gradient Boosting,Waitlist,0.3400312638621142
2355,Admit,1.0,Waitlist,0.4510781672279312,Admit,0.8272517603671544,Gradient Boosting,Admit,0.8272517603671544
2357,Admit,1.0,Waitlist,0.2944695607414807,Admit,0.5858335838346171,Gradient Boosting,Admit,0.5858335838346171
2358,Waitlist,0.4905660377358487,Waitlist,0.43155278223609267,Admit,0.6363678268275611,Gradient Boosting,Admit,0.6363678268275611
2359,Waitlist,0.4905660377358487,Waitlist,0.32992613615056565,Waitlist,0.27983707434506705,Gradient Boosting,Waitlist,0.27983707434506705
2361,Waitlist,0.37931034482758613,Admit,0.7345723231760387,Admit,0.858483667075699,Gradient Boosting,Admit,0.858483667075699
2362,Admit,0.6029411764705921,Admit,0.7519441643933427,Admit,0.7982153396565221,Gradient Boosting,Admit,0.7982153396565221
2363,Waitlist,0.4905660377358487,Waitlist,0.3140311935323312,Waitlist,0.21884602032615944,Gradient Boosting,Waitlist,0.21884602032615944
2364,Admit,1.0,Waitlist,0.3531424669060998,Waitlist,0.3522438543717852,Gradient Boosting,Waitlist,0.3522438543717852
2365,Waitlist,0.3571428571428571,Waitlist,0.45586391817077915,Waitlist,0.473296822972775,Gradient Boosting,Waitlist,0.473296822972775
2366,Admit,0.6351351351351351,Waitlist,0.3738869141281658,Waitlist,0.19941721697020026,Gradient Boosting,Waitlist,0.19941721697020026
2367,Waitlist,0.20588235294117635,Waitlist,0.4747863895281795,Waitlist,0.3837235932376128,Gradient Boosting,Waitlist,0.3837235932376128
2369,Waitlist,0.3571428571428568,Admit,0.7413408047873224,Admit,0.716504622815685,Gradient Boosting,Admit,0.716504622815685
2370,Waitlist,0.027027027027027025,Waitlist,0.4219112621982037,Waitlist,0.22063791108052438,Gradient Boosting,Waitlist,0.22063791108052438
2371,Waitlist,0.027027027027027025,Waitlist,0.2916617921193868,Waitlist,0.13096305510275222,Gradient Boosting,Waitlist,0.13096305510275222
2372,Waitlist,0.4905660377358487,Waitlist,0.3572442437723906,Waitlist,0.31619002223396764,Gradient Boosting,Waitlist,0.31619002223396764
2373,Admit,0.6351351351351351,Admit,0.5362836014432774,Waitlist,0.43841584168165015,Gradient Boosting,Waitlist,0.43841584168165015
2374,Waitlist,0.027027027027027025,Waitlist,0.4274746266123472,Waitlist,0.31497384094673975,Gradient Boosting,Waitlist,0.31497384094673975
2375,Waitlist,0.4545454545454544,Waitlist,0.3280366562386485,Waitlist,0.18614472930461398,Gradient Boosting,Waitlist,0.18614472930461398
2376,Waitlist,0.0869565217391304,Waitlist,0.3612985889641672,Waitlist,0.23161561599251929,Gradient Boosting,Waitlist,0.23161561599251929
2377,Waitlist,0.23404255319148923,Waitlist,0.4485869274488966,Waitlist,0.29283463477680255,Gradient Boosting,Waitlist,0.29283463477680255
2379,Admit,1.0,Admit,0.7019131561461854,Admit,0.8042498529648767,Gradient Boosting,Admit,0.8042498529648767
2380,Admit,0.6029411764705921,Admit,0.7264561161848218,Admit,0.7497603159727578,Gradient Boosting,Admit,0.7497603159727578
2381,Admit,0.8301886792452832,Admit,0.6943568990521873,Admit,0.8067336513030651,Gradient Boosting,Admit,0.8067336513030651
2382,Admit,0.6029411764705921,Admit,0.559109401164446,Waitlist,0.439553400794775,Gradient Boosting,Waitlist,0.439553400794775
2383,Waitlist,0.4545454545454544,Waitlist,0.3214753839981458,Waitlist,0.15907067858791407,Gradient Boosting,Waitlist,0.15907067858791407
2384,Waitlist,0.13461538461538458,Waitlist,0.3395005890169181,Waitlist,0.3153913901674485,Gradient Boosting,Waitlist,0.3153913901674485
2385,Admit,0.6351351351351351,Waitlist,0.35549873092538703,Waitlist,0.2910038956238622,Gradient Boosting,Waitlist,0.2910038956238622
2387,Waitlist,0.4905660377358487,Waitlist,0.44300139946606143,Waitlist,0.3549971562882061,Gradient Boosting,Waitlist,0.3549971562882061
2388,Waitlist,0.13461538461538458,Waitlist,0.33304439528206525,Waitlist,0.35525538971081116,Gradient Boosting,Waitlist,0.35525538971081116
2389,Admit,1.0,Admit,0.5279369427951138,Admit,0.5432160486656483,Gradient Boosting,Admit,0.5432160486656483
2390,Admit,1.0,Admit,0.7178324682246413,Admit,0.9028501736600361,Gradient Boosting,Admit,0.9028501736600361
2391,Waitlist,0.0869565217391304,Waitlist,0.4009126616063725,Waitlist,0.39804188616266434,Gradient Boosting,Waitlist,0.39804188616266434
2392,Admit,1.0,Admit,0.6946650628110863,Admit,0.6632202715818728,Gradient Boosting,Admit,0.6632202715818728
2394,Waitlist,0.4905660377358487,Waitlist,0.39584166434583173,Admit,0.554910211562731,Gradient Boosting,Admit,0.554910211562731
2395,Waitlist,0.4905660377358487,Waitlist,0.44903061421932117,Waitlist,0.35801204215411214,Gradient Boosting,Waitlist,0.35801204215411214
2396,Admit,0.6351351351351351,Waitlist,0.45771586135067766,Waitlist,0.37954084286629663,Gradient Boosting,Waitlist,0.37954084286629663
2397,Admit,1.0,Waitlist,0.3299281146728231,Admit,0.5566672315396753,Gradient Boosting,Admit,0.5566672315396753
2399,Waitlist,0.3571428571428568,Waitlist,0.4080106108162291,Waitlist,0.36996548775546173,Gradient Boosting,Waitlist,0.36996548775546173
2400,Admit,0.6351351351351351,Admit,0.6745105232117857,Admit,0.5383351919118016,Gradient Boosting,Admit,0.5383351919118016
2401,Admit,0.6351351351351351,Waitlist,0.4215360483019356,Waitlist,0.43834462210971464,Gradient Boosting,Waitlist,0.43834462210971464
2402,Waitlist,0.4905660377358487,Waitlist,0.42532106552962873,Waitlist,0.35013202119242925,Gradient Boosting,Waitlist,0.35013202119242925
2403,Waitlist,0.4545454545454544,Waitlist,0.4463865695855571,Waitlist,0.3602649975567107,Gradient Boosting,Waitlist,0.3602649975567107
2404,Waitlist,0.13461538461538458,Waitlist,0.36862222883313894,Waitlist,0.4532837074050704,Gradient Boosting,Waitlist,0.4532837074050704
2405,Waitlist,0.20588235294117635,Waitlist,0.4858469552546393,Waitlist,0.4716045792690789,Gradient Boosting,Waitlist,0.4716045792690789
2406,Waitlist,0.4545454545454544,Waitlist,0.465072515000635,Waitlist,0.4325449037368596,Gradient Boosting,Waitlist,0.4325449037368596
2407,Waitlist,0.4905660377358487,Waitlist,0.33099878649403325,Waitlist,0.2678138309058335,Gradient Boosting,Waitlist,0.2678138309058335
2408,Waitlist,0.4545454545454544,Waitlist,0.3974644726622196,Waitlist,0.2756826993041732,Gradient Boosting,Waitlist,0.2756826993041732
2409,Waitlist,0.13461538461538458,Waitlist,0.2978306189177959,Waitlist,0.2406593261047741,Gradient Boosting,Waitlist,0.2406593261047741
2411,Waitlist,0.4905660377358487,Waitlist,0.4408332378547619,Waitlist,0.3263155068794847,Gradient Boosting,Waitlist,0.3263155068794847
2412,Waitlist,0.4545454545454544,Waitlist,0.3693260507697588,Waitlist,0.24201136356552141,Gradient Boosting,Waitlist,0.24201136356552141
2413,Waitlist,0.4905660377358487,Waitlist,0.3203907834624991,Waitlist,0.4357992900069775,Gradient Boosting,Waitlist,0.4357992900069775
2414,Admit,0.6029411764705921,Admit,0.7106030715298289,Admit,0.6387428026825182,Gradient Boosting,Admit,0.6387428026825182
2415,Waitlist,0.0869565217391304,Waitlist,0.29710362795694484,Waitlist,0.12600405548769572,Gradient Boosting,Waitlist,0.12600405548769572
2416,Admit,0.8301886792452832,Admit,0.6551837672821944,Admit,0.6349543275288468,Gradient Boosting,Admit,0.6349543275288468
2417,Admit,0.6029411764705921,Admit,0.5264369237228859,Waitlist,0.4757097991932834,Gradient Boosting,Waitlist,0.4757097991932834
2418,Waitlist,0.4905660377358487,Waitlist,0.3223316145247217,Waitlist,0.26263644705485734,Gradient Boosting,Waitlist,0.26263644705485734
2419,Waitlist,0.4905660377358487,Waitlist,0.4969254686815024,Waitlist,0.4678657964381461,Gradient Boosting,Waitlist,0.4678657964381461
2420,Admit,1.0,Waitlist,0.35360284498175454,Admit,0.6046348639153633,Gradient Boosting,Admit,0.6046348639153633
2422,Admit,0.8301886792452832,Admit,0.6665551719287072,Admit,0.6911896166257243,Gradient Boosting,Admit,0.6911896166257243
2423,Waitlist,0.027027027027027025,Waitlist,0.4095954719472462,Waitlist,0.24531393092861797,Gradient Boosting,Waitlist,0.24531393092861797
2424,Waitlist,0.13461538461538458,Waitlist,0.2900875440519346,Admit,0.5228167559627243,Gradient Boosting,Admit,0.5228167559627243
2425,Admit,1.0,Waitlist,0.3771142614862741,Admit,0.5915832751765833,Gradient Boosting,Admit,0.5915832751765833
2426,Waitlist,0.4905660377358487,Waitlist,0.30174621057377404,Waitlist,0.11597094850063484,Gradient Boosting,Waitlist,0.11597094850063484
2427,Waitlist,0.027027027027027025,Waitlist,0.4178570325864547,Waitlist,0.1754484759970115,Gradient Boosting,Waitlist,0.1754484759970115
2428,Waitlist,0.4545454545454544,Waitlist,0.3860218046530642,Waitlist,0.21507329944837528,Gradient Boosting,Waitlist,0.21507329944837528
2429,Waitlist,0.4905660377358487,Waitlist,0.42211797771209286,Admit,0.6741777244141904,Gradient Boosting,Admit,0.6741777244141904
2430,Waitlist,0.4545454545454544,Waitlist,0.3091006970666103,Waitlist,0.1627410504248426,Gradient Boosting,Waitlist,0.1627410504248426
2431,Admit,0.6029411764705921,Admit,0.6970701103231692,Admit,0.7126666254855232,Gradient Boosting,Admit,0.7126666254855232
2432,Admit,0.5909090909090908,Admit,0.5378195108364239,Admit,0.6796702684836814,Gradient Boosting,Admit,0.6796702684836814
2433,Waitlist,0.23404255319148923,Waitlist,0.4694559293795985,Waitlist,0.3926403154746721,Gradient Boosting,Waitlist,0.3926403154746721
2434,Admit,0.6029411764705921,Admit,0.636352325195306,Admit,0.7006186635726589,Gradient Boosting,Admit,0.7006186635726589
2435,Waitlist,0.13461538461538458,Waitlist,0.4662405859859526,Admit,0.5244179838701086,Gradient Boosting,Admit,0.5244179838701086
2436,Admit,1.0,Admit,0.7502408705905627,Admit,0.6781832461417541,Gradient Boosting,Admit,0.6781832461417541
2437,Admit,0.6351351351351351,Admit,0.6120136992538316,Admit,0.5222759006378089,Gradient Boosting,Admit,0.5222759006378089
2438,Waitlist,0.4905660377358487,Waitlist,0.3689367472864532,Waitlist,0.21841050166487108,Gradient Boosting,Waitlist,0.21841050166487108
2439,Waitlist,0.13461538461538458,Waitlist,0.29176242068632163,Waitlist,0.26996915810095046,Gradient Boosting,Waitlist,0.26996915810095046
2440,Waitlist,0.4905660377358487,Waitlist,0.32361858408159566,Waitlist,0.4357992900069775,Gradient Boosting,Waitlist,0.4357992900069775
2441,Admit,0.6029411764705921,Admit,0.632021709639972,Admit,0.6173806005268129,Gradient Boosting,Admit,0.6173806005268129
2442,Admit,0.6029411764705921,Admit,0.6676155814066035,Admit,0.6630947156261943,Gradient Boosting,Admit,0.6630947156261943
2444,Waitlist,0.13461538461538458,Waitlist,0.3298787596393913,Waitlist,0.2268049404908928,Gradient Boosting,Waitlist,0.2268049404908928
2445,Waitlist,0.14285714285714282,Waitlist,0.2791853990140358,Waitlist,0.21711730761913453,Gradient Boosting,Waitlist,0.21711730761913453
2446,Admit,0.6029411764705921,Admit,0.6152565768218683,Admit,0.5837824079466465,Gradient Boosting,Admit,0.5837824079466465
2447,Waitlist,0.37931034482758613,Admit,0.7184577655524034,Admit,0.7459341979762584,Gradient Boosting,Admit,0.7459341979762584
2448,Waitlist,0.4905660377358487,Waitlist,0.41280522173440987,Waitlist,0.27121040515547257,Gradient Boosting,Waitlist,0.27121040515547257
2449,Waitlist,0.027027027027027025,Waitlist,0.4389744358127667,Waitlist,0.22895805952207518,Gradient Boosting,Waitlist,0.22895805952207518
2450,Waitlist,0.0869565217391304,Waitlist,0.23625915374878068,Waitlist,0.10523582789026595,Gradient Boosting,Waitlist,0.10523582789026595
2451,Waitlist,0.4905660377358487,Admit,0.5400360644227524,Waitlist,0.4348680546920128,Gradient Boosting,Waitlist,0.4348680546920128
2452,Waitlist,0.13461538461538458,Waitlist,0.3680516526387896,Waitlist,0.455555867056238,Gradient Boosting,Waitlist,0.455555867056238
2453,Waitlist,0.027027027027027025,Waitlist,0.3241184040932271,Waitlist,0.30675920312926847,Gradient Boosting,Waitlist,0.30675920312926847
2454,Waitlist,0.13461538461538458,Waitlist,0.3578595833276644,Waitlist,0.49686207626641066,Gradient Boosting,Waitlist,0.49686207626641066
2455,Waitlist,0.4905660377358487,Waitlist,0.44661246846121816,Waitlist,0.29125950113015525,Gradient Boosting,Waitlist,0.29125950113015525
2456,Waitlist,0.4905660377358487,Waitlist,0.35027671200580196,Waitlist,0.2743136927629791,Gradient Boosting,Waitlist,0.2743136927629791
2457,Waitlist,0.027027027027027025,Waitlist,0.2093407666166721,Waitlist,0.1221339284197934,Gradient Boosting,Waitlist,0.1221339284197934
2458,Waitlist,0.4905660377358487,Waitlist,0.4307524744571677,Waitlist,0.32965421445143006,Gradient Boosting,Waitlist,0.32965421445143006
2459,Waitlist,0.14285714285714282,Waitlist,0.2832166598296272,Waitlist,0.22388457867643297,Gradient Boosting,Waitlist,0.22388457867643297
2460,Waitlist,0.0869565217391304,Waitlist,0.3786999174242869,Waitlist,0.10029913261805593,Gradient Boosting,Waitlist,0.10029913261805593
2462,Admit,1.0,Admit,0.8110048841647328,Admit,0.8043432370053982,Gradient Boosting,Admit,0.8043432370053982
2463,Waitlist,0.23404255319148923,Admit,0.6159067548918091,Admit,0.5089339671056826,Gradient Boosting,Admit,0.5089339671056826
2464,Admit,0.6351351351351351,Waitlist,0.47449109643773973,Waitlist,0.41038876781315475,Gradient Boosting,Waitlist,0.41038876781315475
2465,Admit,1.0,Waitlist,0.3211717612542186,Admit,0.6129265073225667,Gradient Boosting,Admit,0.6129265073225667
2466,Admit,1.0,Waitlist,0.3590539537381162,Admit,0.6014156268072142,Gradient Boosting,Admit,0.6014156268072142
2468,Admit,0.6351351351351351,Waitlist,0.38530379389432284,Waitlist,0.33768724850640064,Gradient Boosting,Waitlist,0.33768724850640064
2469,Admit,0.8301886792452832,Admit,0.7191566160751636,Admit,0.7178991850305794,Gradient Boosting,Admit,0.7178991850305794
2470,Waitlist,0.3571428571428568,Admit,0.5263093629753022,Admit,0.6054885201904359,Gradient Boosting,Admit,0.6054885201904359
2471,Admit,1.0,Admit,0.50653704271014,Admit,0.7844479823260124,Gradient Boosting,Admit,0.7844479823260124
2472,Admit,0.6029411764705921,Admit,0.6324635964677205,Admit,0.583883754504751,Gradient Boosting,Admit,0.583883754504751
2473,Waitlist,0.0869565217391304,Waitlist,0.36598056208642243,Waitlist,0.14202005176321283,Gradient Boosting,Waitlist,0.14202005176321283
2474,Waitlist,0.13461538461538458,Waitlist,0.32146558268553255,Waitlist,0.35525538971081116,Gradient Boosting,Waitlist,0.35525538971081116
2475,Admit,0.6029411764705921,Admit,0.6781499929105177,Admit,0.7218069272579455,Gradient Boosting,Admit,0.7218069272579455
2476,Admit,1.0,Admit,0.6270510325360572,Admit,0.6891980874618859,Gradient Boosting,Admit,0.6891980874618859
2477,Admit,1.0,Admit,0.6939569292163269,Admit,0.7218593614633879,Gradient Boosting,Admit,0.7218593614633879
2478,Admit,1.0,Waitlist,0.28894861278263734,Waitlist,0.3315432870460766,Gradient Boosting,Waitlist,0.3315432870460766
2479,Waitlist,0.4905660377358487,Waitlist,0.4045019199287428,Waitlist,0.4413742219011846,Gradient Boosting,Waitlist,0.4413742219011846
2480,Admit,1.0,Waitlist,0.3836475186172278,Waitlist,0.4555772195313799,Gradient Boosting,Waitlist,0.4555772195313799
2481,Admit,1.0,Waitlist,0.4665864529318615,Admit,0.6268708608646308,Gradient Boosting,Admit,0.6268708608646308
2483,Admit,1.0,Waitlist,0.34154610356392634,Waitlist,0.46888676176067756,Gradient Boosting,Waitlist,0.46888676176067756
2484,Waitlist,0.14285714285714282,Waitlist,0.3843111327833562,Waitlist,0.15768233964696995,Gradient Boosting,Waitlist,0.15768233964696995
2485,Waitlist,0.4545454545454544,Waitlist,0.3309262864976754,Waitlist,0.4192361169651127,Gradient Boosting,Waitlist,0.4192361169651127
2486,Waitlist,0.20588235294117635,Admit,0.5982344148040969,Admit,0.5310059517896225,Gradient Boosting,Admit,0.5310059517896225
2487,Admit,1.0,Waitlist,0.3174980290758396,Waitlist,0.4714891201101706,Gradient Boosting,Waitlist,0.4714891201101706
2488,Waitlist,0.1627906976744185,Waitlist,0.25894374947075405,Waitlist,0.08738878265626276,Gradient Boosting,Waitlist,0.08738878265626276
2489,Admit,1.0,Waitlist,0.42556637098015254,Waitlist,0.40297491724287066,Gradient Boosting,Waitlist,0.40297491724287066
2491,Waitlist,0.23404255319148923,Waitlist,0.3380726055688099,Waitlist,0.25690593554455715,Gradient Boosting,Waitlist,0.25690593554455715
2492,Waitlist,0.4905660377358487,Waitlist,0.4580255197578755,Waitlist,0.35081939044525895,Gradient Boosting,Waitlist,0.35081939044525895
2493,Waitlist,0.027027027027027025,Waitlist,0.2519806604112062,Waitlist,0.11744036317564188,Gradient Boosting,Waitlist,0.11744036317564188
2494,Admit,1.0,Admit,0.5043323207624385,Admit,0.5137666242225174,Gradient Boosting,Admit,0.5137666242225174
2495,Waitlist,0.13461538461538458,Waitlist,0.382144740968926,Waitlist,0.38659540158103445,Gradient Boosting,Waitlist,0.38659540158103445
2496,Admit,0.6029411764705921,Admit,0.639822654950868,Admit,0.7643523578246011,Gradient Boosting,Admit,0.7643523578246011
2497,Waitlist,0.0869565217391304,Waitlist,0.40931336791751194,Waitlist,0.24547570902241023,Gradient Boosting,Waitlist,0.24547570902241023
2498,Admit,0.8301886792452832,Admit,0.6059507291598162,Admit,0.6856557143769711,Gradient Boosting,Admit,0.6856557143769711
2499,Waitlist,0.13461538461538458,Admit,0.5032446774591081,Waitlist,0.4962962326830433,Gradient Boosting,Waitlist,0.4962962326830433
2500,Waitlist,0.4905660377358487,Waitlist,0.33890151820356745,Waitlist,0.2760525161952084,Gradient Boosting,Waitlist,0.2760525161952084
2501,Waitlist,0.4905660377358487,Waitlist,0.3157201718773338,Waitlist,0.3170269745022774,Gradient Boosting,Waitlist,0.3170269745022774
2502,Admit,1.0,Waitlist,0.28862455527703035,Waitlist,0.4354606144372901,Gradient Boosting,Waitlist,0.4354606144372901
2503,Waitlist,0.4905660377358487,Waitlist,0.43311156150526403,Waitlist,0.27121040515547257,Gradient Boosting,Waitlist,0.27121040515547257
2504,Waitlist,0.13461538461538458,Waitlist,0.3023061403247596,Waitlist,0.2340384640393931,Gradient Boosting,Waitlist,0.2340384640393931
2505,Admit,1.0,Admit,0.506888134293453,Admit,0.6326318153957626,Gradient Boosting,Admit,0.6326318153957626
2507,Admit,0.6029411764705921,Admit,0.7867591215495594,Admit,0.8372646382770772,Gradient Boosting,Admit,0.8372646382770772
2508,Admit,1.0,Admit,0.7326257574814353,Admit,0.8281805517430293,Gradient Boosting,Admit,0.8281805517430293
2509,Admit,1.0,Admit,0.7374658431869949,Admit,0.7729536714635581,Gradient Boosting,Admit,0.7729536714635581
2510,Waitlist,0.3571428571428568,Admit,0.5958708499338345,Admit,0.7024984021705583,Gradient Boosting,Admit,0.7024984021705583
2511,Waitlist,0.4905660377358487,Waitlist,0.2816377677390306,Waitlist,0.2382184487702018,Gradient Boosting,Waitlist,0.2382184487702018
2512,Admit,1.0,Waitlist,0.3985392241164565,Admit,0.7605979148069402,Gradient Boosting,Admit,0.7605979148069402
2513,Waitlist,0.0869565217391304,Waitlist,0.43722859970664946,Waitlist,0.19991075964514152,Gradient Boosting,Waitlist,0.19991075964514152
2514,Admit,1.0,Waitlist,0.3832363000970704,Admit,0.6160096946944323,Gradient Boosting,Admit,0.6160096946944323
2515,Admit,1.0,Waitlist,0.3537992286196356,Waitlist,0.3708602783086264,Gradient Boosting,Waitlist,0.3708602783086264
2516,Admit,0.6029411764705921,Admit,0.8127820966121666,Admit,0.8075799030651645,Gradient Boosting,Admit,0.8075799030651645
2517,Admit,1.0,Admit,0.5048159845043753,Admit,0.7346639109765583,Gradient Boosting,Admit,0.7346639109765583
2518,Waitlist,0.0869565217391304,Waitlist,0.24338960674614782,Waitlist,0.11193437169506469,Gradient Boosting,Waitlist,0.11193437169506469
2520,Admit,0.8301886792452832,Admit,0.7880450831743174,Admit,0.787533825407282,Gradient Boosting,Admit,0.787533825407282
2521,Waitlist,0.14285714285714282,Waitlist,0.3723260038694859,Waitlist,0.20400734278580124,Gradient Boosting,Waitlist,0.20400734278580124
2523,Waitlist,0.4905660377358487,Waitlist,0.3413324557789187,Waitlist,0.29817895610424705,Gradient Boosting,Waitlist,0.29817895610424705
2524,Admit,0.6351351351351351,Admit,0.7772854659441415,Admit,0.6934920203006272,Gradient Boosting,Admit,0.6934920203006272
2525,Waitlist,0.13461538461538458,Waitlist,0.4326913942265355,Waitlist,0.37550942873213417,Gradient Boosting,Waitlist,0.37550942873213417
2526,Admit,0.5909090909090908,Admit,0.5382547043516445,Admit,0.5150404084750326,Gradient Boosting,Admit,0.5150404084750326
2527,Admit,1.0,Admit,0.5972372134279661,Admit,0.5763159119383879,Gradient Boosting,Admit,0.5763159119383879
2528,Waitlist,0.3571428571428571,Waitlist,0.3713208113846312,Waitlist,0.37573484217130104,Gradient Boosting,Waitlist,0.37573484217130104
2529,Waitlist,0.4905660377358487,Waitlist,0.3893488528341511,Waitlist,0.32555158851319677,Gradient Boosting,Waitlist,0.32555158851319677
2530,Waitlist,0.0869565217391304,Waitlist,0.23299381798953883,Waitlist,0.07019461259701085,Gradient Boosting,Waitlist,0.07019461259701085
2531,Waitlist,0.14285714285714282,Waitlist,0.28988766344991657,Waitlist,0.13641363323259617,Gradient Boosting,Waitlist,0.13641363323259617
2532,Waitlist,0.13461538461538458,Waitlist,0.38893772416811034,Waitlist,0.34781143895668004,Gradient Boosting,Waitlist,0.34781143895668004
2534,Waitlist,0.4545454545454544,Waitlist,0.38969937408227356,Waitlist,0.19840007327865072,Gradient Boosting,Waitlist,0.19840007327865072
2535,Waitlist,0.027027027027027025,Waitlist,0.43000778855775584,Waitlist,0.24891816375667294,Gradient Boosting,Waitlist,0.24891816375667294
2536,Waitlist,0.0869565217391304,Waitlist,0.3798536570362301,Waitlist,0.22432234486303898,Gradient Boosting,Waitlist,0.22432234486303898
2537,Waitlist,0.4905660377358487,Admit,0.5322385691530664,Admit,0.8436188746636057,Gradient Boosting,Admit,0.8436188746636057
2538,Admit,0.6351351351351351,Waitlist,0.42040359713192516,Waitlist,0.3157062989193217,Gradient Boosting,Waitlist,0.3157062989193217
2539,Waitlist,0.13461538461538458,Waitlist,0.3130261687286839,Waitlist,0.23797124378089746,Gradient Boosting,Waitlist,0.23797124378089746
2540,Waitlist,0.4905660377358487,Waitlist,0.3771300984635889,Waitlist,0.465502973956424,Gradient Boosting,Waitlist,0.465502973956424
2541,Waitlist,0.4905660377358487,Waitlist,0.30191481363766004,Waitlist,0.36708805434600894,Gradient Boosting,Waitlist,0.36708805434600894
2542,Admit,1.0,Waitlist,0.4795069253846883,Admit,0.7580502996370438,Gradient Boosting,Admit,0.7580502996370438
2544,Waitlist,0.4905660377358487,Waitlist,0.3139906587590338,Waitlist,0.23331653715236658,Gradient Boosting,Waitlist,0.23331653715236658
2545,Admit,0.625,Admit,0.54083105639183,Admit,0.5658971439822438,Gradient Boosting,Admit,0.5658971439822438
2547,Waitlist,0.13461538461538458,Waitlist,0.322108984976952,Waitlist,0.29576489623390906,Gradient Boosting,Waitlist,0.29576489623390906
2548,Waitlist,0.4545454545454544,Waitlist,0.46434713315847687,Waitlist,0.46674419855785576,Gradient Boosting,Waitlist,0.46674419855785576
2549,Admit,1.0,Admit,0.6008010880798559,Admit,0.6356427305059057,Gradient Boosting,Admit,0.6356427305059057
2550,Admit,0.6029411764705921,Admit,0.7135135846610086,Admit,0.6894896386337697,Gradient Boosting,Admit,0.6894896386337697
2551,Waitlist,0.4905660377358487,Waitlist,0.3857905445098828,Waitlist,0.46587416512513913,Gradient Boosting,Waitlist,0.46587416512513913
2552,Admit,1.0,Waitlist,0.37113705965237603,Admit,0.6160096946944323,Gradient Boosting,Admit,0.6160096946944323
2553,Admit,1.0,Waitlist,0.32115733562376414,Waitlist,0.35624744178298556,Gradient Boosting,Waitlist,0.35624744178298556
2554,Admit,1.0,Waitlist,0.40998801975170457,Admit,0.6424856271160945,Gradient Boosting,Admit,0.6424856271160945
2555,Waitlist,0.0869565217391304,Waitlist,0.2690174895020185,Waitlist,0.06738510319890455,Gradient Boosting,Waitlist,0.06738510319890455
2556,Waitlist,0.4905660377358487,Waitlist,0.30495446384305475,Waitlist,0.330395733262259,Gradient Boosting,Waitlist,0.330395733262259
2557,Admit,1.0,Admit,0.7095515860900524,Admit,0.7139689950695148,Gradient Boosting,Admit,0.7139689950695148
2558,Waitlist,0.4905660377358487,Waitlist,0.3385309528172801,Waitlist,0.28378350706976246,Gradient Boosting,Waitlist,0.28378350706976246
2559,Waitlist,0.4905660377358487,Waitlist,0.43130455500645953,Waitlist,0.38440910343728196,Gradient Boosting,Waitlist,0.38440910343728196
2560,Waitlist,0.4905660377358487,Admit,0.533639473101401,Admit,0.5484051610202414,Gradient Boosting,Admit,0.5484051610202414
2561,Waitlist,0.4545454545454544,Waitlist,0.39449860656853514,Waitlist,0.22594668025797063,Gradient Boosting,Waitlist,0.22594668025797063
2562,Waitlist,0.14285714285714282,Waitlist,0.32930268667621204,Waitlist,0.12606460708829076,Gradient Boosting,Waitlist,0.12606460708829076
2563,Waitlist,0.0869565217391304,Waitlist,0.37179465794264993,Waitlist,0.21529287338612543,Gradient Boosting,Waitlist,0.21529287338612543
2564,Waitlist,0.0869565217391304,Waitlist,0.2770651876744223,Waitlist,0.16627251109188582,Gradient Boosting,Waitlist,0.16627251109188582
2565,Admit,1.0,Admit,0.7109368403010765,Admit,0.7113940732726781,Gradient Boosting,Admit,0.7113940732726781
2567,Waitlist,0.0869565217391304,Waitlist,0.28341335561380904,Waitlist,0.10562636410498469,Gradient Boosting,Waitlist,0.10562636410498469
2568,Waitlist,0.13461538461538458,Waitlist,0.3830938194818733,Waitlist,0.29576489623390906,Gradient Boosting,Waitlist,0.29576489623390906
2569,Admit,1.0,Waitlist,0.33899785016399864,Admit,0.7351902101991746,Gradient Boosting,Admit,0.7351902101991746
2570,Waitlist,0.23404255319148923,Admit,0.52613047258869,Waitlist,0.27945684333163434,Gradient Boosting,Waitlist,0.27945684333163434
2571,Admit,0.6351351351351351,Admit,0.6133732328903331,Waitlist,0.47466711886858676,Gradient Boosting,Waitlist,0.47466711886858676
2572,Waitlist,0.027027027027027025,Waitlist,0.30131679989167287,Waitlist,0.17409521241609485,Gradient Boosting,Waitlist,0.17409521241609485
2573,Admit,0.625,Admit,0.6689913935206646,Admit,0.8523583987189395,Gradient Boosting,Admit,0.8523583987189395
2574,Admit,1.0,Admit,0.6200797574327683,Admit,0.7369060397224931,Gradient Boosting,Admit,0.7369060397224931
2575,Admit,1.0,Admit,0.6885948397294839,Admit,0.7369060397224931,Gradient Boosting,Admit,0.7369060397224931
2576,Waitlist,0.23404255319148923,Admit,0.5930241274490573,Admit,0.5703252269935188,Gradient Boosting,Admit,0.5703252269935188
2577,Waitlist,0.4905660377358487,Waitlist,0.31871066562261857,Waitlist,0.2136478658323907,Gradient Boosting,Waitlist,0.2136478658323907
2578,Admit,0.6351351351351351,Admit,0.5260692885998246,Waitlist,0.33437331803595577,Gradient Boosting,Waitlist,0.33437331803595577
2579,Waitlist,0.4545454545454544,Waitlist,0.3572723969079817,Waitlist,0.23466452673256388,Gradient Boosting,Waitlist,0.23466452673256388
2580,Waitlist,0.1627906976744185,Waitlist,0.3814009148699867,Admit,0.5156605136577184,Gradient Boosting,Admit,0.5156605136577184
2581,Admit,0.6029411764705921,Admit,0.5636967156826254,Admit,0.576253466290961,Gradient Boosting,Admit,0.576253466290961
2582,Waitlist,0.4905660377358487,Waitlist,0.4402041892917679,Waitlist,0.3152078582144937,Gradient Boosting,Waitlist,0.3152078582144937
2583,Admit,1.0,Admit,0.7508580479367521,Admit,0.7198977634120703,Gradient Boosting,Admit,0.7198977634120703
2585,Admit,0.8301886792452832,Admit,0.6054698999076029,Admit,0.5261121698307155,Gradient Boosting,Admit,0.5261121698307155
2586,Admit,1.0,Waitlist,0.49511690695179555,Admit,0.7913471421103283,Gradient Boosting,Admit,0.7913471421103283
2587,Waitlist,0.0869565217391304,Waitlist,0.3195935472667126,Waitlist,0.1476953147757277,Gradient Boosting,Waitlist,0.1476953147757277
2588,Admit,1.0,Admit,0.5221887888085645,Admit,0.5763159119383879,Gradient Boosting,Admit,0.5763159119383879
2590,Admit,1.0,Admit,0.7621182500494829,Admit,0.731578949270789,Gradient Boosting,Admit,0.731578949270789
2593,Waitlist,0.13461538461538458,Waitlist,0.3379964723106177,Waitlist,0.49686207626641066,Gradient Boosting,Waitlist,0.49686207626641066
2594,Waitlist,0.1627906976744185,Waitlist,0.44907495250446006,Waitlist,0.40783862821847733,Gradient Boosting,Waitlist,0.40783862821847733
2596,Admit,1.0,Admit,0.7464958884477516,Admit,0.7730625853085076,Gradient Boosting,Admit,0.7730625853085076
2597,Admit,0.6029411764705921,Admit,0.6077634990956373,Admit,0.7323743688449308,Gradient Boosting,Admit,0.7323743688449308
2598,Waitlist,0.4905660377358487,Waitlist,0.37709261657188653,Waitlist,0.31466246729086617,Gradient Boosting,Waitlist,0.31466246729086617
2599,Waitlist,0.4905660377358487,Waitlist,0.37153288905412435,Waitlist,0.4112408773581903,Gradient Boosting,Waitlist,0.4112408773581903
2600,Waitlist,0.4545454545454544,Waitlist,0.38829695897510175,Waitlist,0.25627595583952123,Gradient Boosting,Waitlist,0.25627595583952123
2601,Waitlist,0.0869565217391304,Waitlist,0.41150462646253666,Waitlist,0.31128282266896307,Gradient Boosting,Waitlist,0.31128282266896307
2602,Admit,1.0,Admit,0.7036232060807383,Admit,0.5676722187724412,Gradient Boosting,Admit,0.5676722187724412
2603,Waitlist,0.4905660377358487,Waitlist,0.379202241614277,Waitlist,0.300874098638095,Gradient Boosting,Waitlist,0.300874098638095
2604,Admit,1.0,Waitlist,0.3086330137008939,Waitlist,0.3954639801831756,Gradient Boosting,Waitlist,0.3954639801831756
2605,Waitlist,0.027027027027027025,Waitlist,0.43716797439398175,Waitlist,0.16824325661523937,Gradient Boosting,Waitlist,0.16824325661523937
2606,Waitlist,0.4905660377358487,Waitlist,0.34722852801281956,Waitlist,0.34281502823734217,Gradient Boosting,Waitlist,0.34281502823734217
2607,Waitlist,0.4545454545454544,Waitlist,0.3337336607022944,Waitlist,0.2908006045731026,Gradient Boosting,Waitlist,0.2908006045731026
2608,Admit,1.0,Waitlist,0.38845361332911293,Admit,0.6053298635631724,Gradient Boosting,Admit,0.6053298635631724
2610,Admit,1.0,Waitlist,0.36300046130272523,Admit,0.7050284710312394,Gradient Boosting,Admit,0.7050284710312394
2611,Admit,1.0,Waitlist,0.4858581770975883,Admit,0.5033592165618079,Gradient Boosting,Admit,0.5033592165618079
2613,Admit,0.8301886792452832,Admit,0.6641177663330123,Admit,0.6134949789996719,Gradient Boosting,Admit,0.6134949789996719
2614,Waitlist,0.4545454545454544,Waitlist,0.3601511923955607,Waitlist,0.253493642694169,Gradient Boosting,Waitlist,0.253493642694169
2615,Waitlist,0.13461538461538458,Waitlist,0.4121019767700313,Admit,0.5216316726143269,Gradient Boosting,Admit,0.5216316726143269
2616,Waitlist,0.13461538461538458,Waitlist,0.30221833161791817,Waitlist,0.3041359955384286,Gradient Boosting,Waitlist,0.3041359955384286
2617,Waitlist,0.4905660377358487,Waitlist,0.38968590184728047,Waitlist,0.3215527863834572,Gradient Boosting,Waitlist,0.3215527863834572
2618,Admit,0.6351351351351351,Admit,0.5569965242443196,Waitlist,0.43699978903086895,Gradient Boosting,Waitlist,0.43699978903086895
2620,Waitlist,0.13461538461538458,Waitlist,0.48882861884476153,Waitlist,0.40794209317733565,Gradient Boosting,Waitlist,0.40794209317733565
2621,Waitlist,0.0869565217391304,Waitlist,0.3091877768881984,Waitlist,0.1740240967872953,Gradient Boosting,Waitlist,0.1740240967872953
2623,Waitlist,0.13461538461538458,Waitlist,0.3542885865721054,Waitlist,0.31370532473366375,Gradient Boosting,Waitlist,0.31370532473366375
2624,Admit,1.0,Admit,0.6565003540835717,Admit,0.7340809448623431,Gradient Boosting,Admit,0.7340809448623431
2625,Waitlist,0.0869565217391304,Waitlist,0.28581538241807286,Waitlist,0.27976386207850623,Gradient Boosting,Waitlist,0.27976386207850623
2626,Admit,0.6351351351351351,Waitlist,0.4370194629330611,Waitlist,0.43269827385665677,Gradient Boosting,Waitlist,0.43269827385665677
2627,Waitlist,0.4905660377358487,Waitlist,0.31411988275158637,Waitlist,0.25475744397265343,Gradient Boosting,Waitlist,0.25475744397265343
2628,Waitlist,0.4905660377358487,Waitlist,0.3272877813486373,Waitlist,0.3782218530998283,Gradient Boosting,Waitlist,0.3782218530998283
2629,Waitlist,0.4905660377358487,Waitlist,0.3476645787697187,Waitlist,0.31619002223396764,Gradient Boosting,Waitlist,0.31619002223396764
2630,Waitlist,0.4905660377358487,Waitlist,0.3299894692468434,Waitlist,0.2347369586983288,Gradient Boosting,Waitlist,0.2347369586983288
2631,Waitlist,0.4905660377358487,Waitlist,0.3696926359884421,Waitlist,0.31107348189639183,Gradient Boosting,Waitlist,0.31107348189639183
2632,Waitlist,0.4545454545454544,Waitlist,0.34475245654154246,Waitlist,0.2042323242333488,Gradient Boosting,Waitlist,0.2042323242333488
2633,Waitlist,0.0869565217391304,Waitlist,0.48685069734919817,Waitlist,0.41723003293508476,Gradient Boosting,Waitlist,0.41723003293508476
2634,Waitlist,0.0869565217391304,Waitlist,0.44849614130942683,Waitlist,0.14635894979983521,Gradient Boosting,Waitlist,0.14635894979983521
2635,Waitlist,0.4545454545454544,Waitlist,0.4205322270407983,Waitlist,0.47895134773832926,Gradient Boosting,Waitlist,0.47895134773832926
2637,Admit,0.5909090909090908,Admit,0.5449765476331476,Admit,0.5451755051564474,Gradient Boosting,Admit,0.5451755051564474
2638,Waitlist,0.13461538461538458,Waitlist,0.22862461867997122,Waitlist,0.16000130889181602,Gradient Boosting,Waitlist,0.16000130889181602
2639,Admit,0.5909090909090908,Waitlist,0.4656471699867876,Admit,0.5691329669790793,Gradient Boosting,Admit,0.5691329669790793
2640,Waitlist,0.13461538461538458,Waitlist,0.3355079674611788,Waitlist,0.4670993866861424,Gradient Boosting,Waitlist,0.4670993866861424
2641,Admit,0.6029411764705921,Admit,0.7152322717266653,Admit,0.8212199601664301,Gradient Boosting,Admit,0.8212199601664301
2642,Admit,0.6029411764705921,Admit,0.6275390366992689,Admit,0.6109460261756379,Gradient Boosting,Admit,0.6109460261756379
2643,Admit,0.6351351351351351,Waitlist,0.4608449276941179,Waitlist,0.40315232787487887,Gradient Boosting,Waitlist,0.40315232787487887
2644,Waitlist,0.0869565217391304,Waitlist,0.30408779621366366,Waitlist,0.12109921773144801,Gradient Boosting,Waitlist,0.12109921773144801
2645,Waitlist,0.4545454545454544,Waitlist,0.36476745640660013,Waitlist,0.20467079604402927,Gradient Boosting,Waitlist,0.20467079604402927
2647,Waitlist,0.13461538461538458,Waitlist,0.34197037823525267,Waitlist,0.4717645635100264,Gradient Boosting,Waitlist,0.4717645635100264
2649,Waitlist,0.0869565217391304,Waitlist,0.33268805966479564,Waitlist,0.3828616702559338,Gradient Boosting,Waitlist,0.3828616702559338
2650,Admit,0.8301886792452832,Admit,0.7243788601800497,Admit,0.6297040938676167,Gradient Boosting,Admit,0.6297040938676167
2651,Waitlist,0.4905660377358487,Admit,0.5504840511745573,Admit,0.5367339685028478,Gradient Boosting,Admit,0.5367339685028478
2652,Admit,0.5909090909090908,Admit,0.5677895072243365,Waitlist,0.46046285555348526,Gradient Boosting,Waitlist,0.46046285555348526
2655,Waitlist,0.23404255319148923,Admit,0.6564683538758046,Admit,0.619862942567231,Gradient Boosting,Admit,0.619862942567231
2656,Waitlist,0.13461538461538458,Waitlist,0.31463148375827465,Waitlist,0.2557178980409161,Gradient Boosting,Waitlist,0.2557178980409161
2659,Waitlist,0.23404255319148923,Admit,0.533930543011685,Waitlist,0.3845807390986784,Gradient Boosting,Waitlist,0.3845807390986784
2660,Admit,1.0,Waitlist,0.40753201327105726,Admit,0.6731940636712632,Gradient Boosting,Admit,0.6731940636712632
2663,Waitlist,0.0869565217391304,Waitlist,0.44734142023785056,Waitlist,0.2079870017378669,Gradient Boosting,Waitlist,0.2079870017378669
2664,Admit,0.6351351351351351,Admit,0.5987160080249054,Waitlist,0.3368283973904431,Gradient Boosting,Waitlist,0.3368283973904431
2665,Waitlist,0.4905660377358487,Waitlist,0.28600989152613004,Waitlist,0.21211394938721284,Gradient Boosting,Waitlist,0.21211394938721284
2666,Waitlist,0.4905660377358487,Waitlist,0.48410863382038644,Waitlist,0.38434637093153173,Gradient Boosting,Waitlist,0.38434637093153173
2667,Waitlist,0.13461538461538458,Waitlist,0.3088689185140514,Waitlist,0.49686207626641066,Gradient Boosting,Waitlist,0.49686207626641066
2668,Waitlist,0.4545454545454544,Waitlist,0.3859026175670998,Waitlist,0.2660176524650777,Gradient Boosting,Waitlist,0.2660176524650777
2669,Admit,1.0,Waitlist,0.3589217407964007,Waitlist,0.46707692706940923,Gradient Boosting,Waitlist,0.46707692706940923
2670,Waitlist,0.13461538461538458,Waitlist,0.28630937071111245,Waitlist,0.17491092141674097,Gradient Boosting,Waitlist,0.17491092141674097
2671,Waitlist,0.4905660377358487,Waitlist,0.4613266316793472,Admit,0.5814187512402557,Gradient Boosting,Admit,0.5814187512402557
2673,Waitlist,0.0869565217391304,Waitlist,0.4380008525490728,Waitlist,0.24022213259662198,Gradient Boosting,Waitlist,0.24022213259662198
2674,Admit,0.6029411764705921,Admit,0.5621214458015011,Admit,0.6256955061837934,Gradient Boosting,Admit,0.6256955061837934
2675,Waitlist,0.13461538461538458,Waitlist,0.27826534300642647,Waitlist,0.22856192805169534,Gradient Boosting,Waitlist,0.22856192805169534
2676,Waitlist,0.4545454545454544,Waitlist,0.33189894598885405,Waitlist,0.13904352769022432,Gradient Boosting,Waitlist,0.13904352769022432
2679,Admit,0.5909090909090908,Waitlist,0.46141784368103506,Waitlist,0.439612841586823,Gradient Boosting,Waitlist,0.439612841586823
2680,Waitlist,0.4905660377358487,Waitlist,0.2753749853507306,Waitlist,0.09781818779111019,Gradient Boosting,Waitlist,0.09781818779111019
2681,Waitlist,0.4545454545454544,Waitlist,0.3616890006278327,Waitlist,0.26997588169415543,Gradient Boosting,Waitlist,0.26997588169415543
2683,Waitlist,0.0869565217391304,Waitlist,0.4521570831832297,Waitlist,0.39864389890001417,Gradient Boosting,Waitlist,0.39864389890001417
2685,Waitlist,0.027027027027027025,Waitlist,0.2855228782081698,Waitlist,0.18330185498437565,Gradient Boosting,Waitlist,0.18330185498437565
2687,Waitlist,0.4905660377358487,Waitlist,0.3971196981539467,Waitlist,0.19283092234308752,Gradient Boosting,Waitlist,0.19283092234308752
2688,Admit,1.0,Admit,0.5564624188254237,Admit,0.5041422565643449,Gradient Boosting,Admit,0.5041422565643449
2689,Admit,1.0,Admit,0.7357620560251071,Admit,0.8188576633712525,Gradient Boosting,Admit,0.8188576633712525
2691,Waitlist,0.13461538461538458,Waitlist,0.40477092907529316,Waitlist,0.3073436440631002,Gradient Boosting,Waitlist,0.3073436440631002
2692,Waitlist,0.4905660377358487,Admit,0.5347059645850181,Admit,0.6948848174086065,Gradient Boosting,Admit,0.6948848174086065
2695,Waitlist,0.1627906976744185,Waitlist,0.4179486388249148,Admit,0.5034934591850267,Gradient Boosting,Admit,0.5034934591850267
2696,Waitlist,0.4545454545454544,Waitlist,0.369322625358977,Waitlist,0.15311257329955208,Gradient Boosting,Waitlist,0.15311257329955208
2697,Admit,0.6029411764705921,Admit,0.7394956521259217,Admit,0.8227487689594106,Gradient Boosting,Admit,0.8227487689594106
2698,Waitlist,0.4545454545454544,Waitlist,0.46859466122012833,Waitlist,0.36835215463370485,Gradient Boosting,Waitlist,0.36835215463370485
2699,Admit,0.6029411764705921,Admit,0.6138767342390129,Admit,0.576253466290961,Gradient Boosting,Admit,0.576253466290961
2701,Admit,0.6029411764705921,Admit,0.5962469847830586,Admit,0.5261121698307155,Gradient Boosting,Admit,0.5261121698307155
2702,Admit,0.6029411764705921,Waitlist,0.44472636770426627,Admit,0.652233548607702,Gradient Boosting,Admit,0.652233548607702
2703,Waitlist,0.4905660377358487,Waitlist,0.47925124307819916,Admit,0.5326310828936942,Gradient Boosting,Admit,0.5326310828936942
2704,Waitlist,0.4545454545454544,Waitlist,0.3501041115811269,Waitlist,0.3770608463722321,Gradient Boosting,Waitlist,0.3770608463722321
2705,Waitlist,0.23404255319148923,Admit,0.5767743874781761,Waitlist,0.43782777921246135,Gradient Boosting,Waitlist,0.43782777921246135
2706,Waitlist,0.027027027027027025,Waitlist,0.34433059346732237,Waitlist,0.1990879728083348,Gradient Boosting,Waitlist,0.1990879728083348
2707,Admit,1.0,Waitlist,0.31211795476758164,Admit,0.6129265073225667,Gradient Boosting,Admit,0.6129265073225667
2709,Admit,1.0,Admit,0.5871854541567352,Admit,0.5261763491066554,Gradient Boosting,Admit,0.5261763491066554
2710,Admit,1.0,Admit,0.659303372812881,Admit,0.7186172697853063,Gradient Boosting,Admit,0.7186172697853063
2711,Waitlist,0.4905660377358487,Waitlist,0.40434149313497714,Waitlist,0.3435482193019731,Gradient Boosting,Waitlist,0.3435482193019731
2712,Admit,1.0,Admit,0.634525927736806,Admit,0.5483226462858107,Gradient Boosting,Admit,0.5483226462858107
2713,Waitlist,0.4905660377358487,Waitlist,0.3805480495601506,Waitlist,0.4518555424856762,Gradient Boosting,Waitlist,0.4518555424856762
2714,Waitlist,0.20588235294117635,Waitlist,0.4768553361875837,Waitlist,0.43269827385665677,Gradient Boosting,Waitlist,0.43269827385665677
2716,Waitlist,0.027027027027027025,Waitlist,0.3087696808412945,Waitlist,0.15311257329955208,Gradient Boosting,Waitlist,0.15311257329955208
2717,Admit,1.0,Waitlist,0.4725683299509809,Admit,0.5087564031495311,Gradient Boosting,Admit,0.5087564031495311
2718,Waitlist,0.23404255319148923,Waitlist,0.37773576008126075,Waitlist,0.3015827371689122,Gradient Boosting,Waitlist,0.3015827371689122
2719,Admit,0.8301886792452832,Admit,0.5476159141307742,Admit,0.6461484973641247,Gradient Boosting,Admit,0.6461484973641247
2720,Admit,1.0,Admit,0.6883396762917271,Admit,0.6965167770988552,Gradient Boosting,Admit,0.6965167770988552
2721,Waitlist,0.4545454545454544,Waitlist,0.344383616984223,Waitlist,0.1617793540039969,Gradient Boosting,Waitlist,0.1617793540039969
2722,Admit,0.8301886792452832,Admit,0.7918292863623286,Admit,0.7956949609490195,Gradient Boosting,Admit,0.7956949609490195
2723,Admit,1.0,Admit,0.6399914008414077,Admit,0.6673878533057798,Gradient Boosting,Admit,0.6673878533057798
2724,Admit,1.0,Waitlist,0.4987030137217763,Waitlist,0.47343979061377384,Gradient Boosting,Waitlist,0.47343979061377384
2726,Waitlist,0.13461538461538458,Waitlist,0.3425784591612824,Waitlist,0.39549286024224567,Gradient Boosting,Waitlist,0.39549286024224567
2727,Waitlist,0.13461538461538458,Admit,0.5259264361806255,Admit,0.7047260902524871,Gradient Boosting,Admit,0.7047260902524871
2728,Waitlist,0.0869565217391304,Waitlist,0.27885445505236073,Waitlist,0.11478851083455116,Gradient Boosting,Waitlist,0.11478851083455116
2729,Waitlist,0.1627906976744185,Waitlist,0.3168148845215408,Waitlist,0.16716428822789145,Gradient Boosting,Waitlist,0.16716428822789145
2731,Waitlist,0.4905660377358487,Waitlist,0.3184796660436254,Waitlist,0.2167828637673217,Gradient Boosting,Waitlist,0.2167828637673217
2732,Waitlist,0.23404255319148923,Waitlist,0.4396095110649181,Waitlist,0.3655438623886967,Gradient Boosting,Waitlist,0.3655438623886967
2733,Admit,1.0,Admit,0.6214021660085027,Admit,0.8036837646185072,Gradient Boosting,Admit,0.8036837646185072
2734,Waitlist,0.0869565217391304,Waitlist,0.39949210465527035,Waitlist,0.14939076058707035,Gradient Boosting,Waitlist,0.14939076058707035
2735,Admit,0.8301886792452832,Admit,0.6485404166728943,Admit,0.5837824079466465,Gradient Boosting,Admit,0.5837824079466465
2736,Admit,1.0,Waitlist,0.41027464390599166,Admit,0.6256373999861498,Gradient Boosting,Admit,0.6256373999861498
2737,Admit,1.0,Admit,0.6393082000151196,Admit,0.601039643432232,Gradient Boosting,Admit,0.601039643432232
2738,Waitlist,0.0869565217391304,Waitlist,0.23390085118244414,Waitlist,0.06007067103223446,Gradient Boosting,Waitlist,0.06007067103223446
2739,Waitlist,0.4905660377358487,Waitlist,0.30982341477361897,Waitlist,0.2678138309058335,Gradient Boosting,Waitlist,0.2678138309058335
2740,Waitlist,0.0869565217391304,Waitlist,0.23223257746585244,Waitlist,0.1972337166606134,Gradient Boosting,Waitlist,0.1972337166606134
2744,Admit,0.8301886792452832,Admit,0.5820664455546182,Admit,0.5837824079466465,Gradient Boosting,Admit,0.5837824079466465
2745,Waitlist,0.4905660377358487,Waitlist,0.40860959162355576,Waitlist,0.3465949322503351,Gradient Boosting,Waitlist,0.3465949322503351
2747,Waitlist,0.3571428571428568,Waitlist,0.3607374124700505,Waitlist,0.3269546834643608,Gradient Boosting,Waitlist,0.3269546834643608
2748,Admit,0.8301886792452832,Admit,0.6653053800668745,Admit,0.58381197105463,Gradient Boosting,Admit,0.58381197105463
2749,Waitlist,0.027027027027027025,Waitlist,0.31744582571489827,Waitlist,0.367298394564548,Gradient Boosting,Waitlist,0.367298394564548
2750,Waitlist,0.13461538461538458,Waitlist,0.33126109705188195,Waitlist,0.25903851512972054,Gradient Boosting,Waitlist,0.25903851512972054
2751,Admit,1.0,Waitlist,0.3003929915766783,Waitlist,0.347560748925671,Gradient Boosting,Waitlist,0.347560748925671
2752,Waitlist,0.027027027027027025,Waitlist,0.23406156555513571,Waitlist,0.11557393854294741,Gradient Boosting,Waitlist,0.11557393854294741
2753,Waitlist,0.13461538461538458,Waitlist,0.33008454490336236,Waitlist,0.37655148426345125,Gradient Boosting,Waitlist,0.37655148426345125
2754,Admit,1.0,Waitlist,0.2889402989145812,Waitlist,0.3730841216336865,Gradient Boosting,Waitlist,0.3730841216336865
2755,Waitlist,0.13461538461538458,Waitlist,0.3346968773375383,Waitlist,0.3400312638621142,Gradient Boosting,Waitlist,0.3400312638621142
2756,Waitlist,0.4905660377358487,Waitlist,0.42865866141282283,Waitlist,0.20163600695714023,Gradient Boosting,Waitlist,0.20163600695714023
2757,Admit,1.0,Waitlist,0.3316763604236077,Waitlist,0.44680935277134387,Gradient Boosting,Waitlist,0.44680935277134387
2758,Waitlist,0.0869565217391304,Waitlist,0.38552526252262276,Waitlist,0.192276058223584,Gradient Boosting,Waitlist,0.192276058223584
2759,Admit,0.6351351351351351,Waitlist,0.4477982902974683,Admit,0.6912450052417246,Gradient Boosting,Admit,0.6912450052417246
2760,Waitlist,0.4905660377358487,Waitlist,0.3157411363474054,Waitlist,0.22111646691078402,Gradient Boosting,Waitlist,0.22111646691078402
2761,Admit,0.6029411764705921,Admit,0.6402439269065298,Admit,0.6771109026648386,Gradient Boosting,Admit,0.6771109026648386
2762,Waitlist,0.13461538461538458,Waitlist,0.31138002960431665,Waitlist,0.26188278693625794,Gradient Boosting,Waitlist,0.26188278693625794
2763,Waitlist,0.0869565217391304,Waitlist,0.2725857675086687,Waitlist,0.14426368559161365,Gradient Boosting,Waitlist,0.14426368559161365
2765,Admit,1.0,Waitlist,0.3289183239652177,Waitlist,0.39361561269082473,Gradient Boosting,Waitlist,0.39361561269082473
2766,Waitlist,0.4905660377358487,Waitlist,0.30548695323226044,Waitlist,0.12956424027877575,Gradient Boosting,Waitlist,0.12956424027877575
2768,Admit,1.0,Admit,0.7910062589831678,Admit,0.8691648930417483,Gradient Boosting,Admit,0.8691648930417483
2769,Waitlist,0.13461538461538458,Waitlist,0.27056303568125184,Waitlist,0.21988972834674297,Gradient Boosting,Waitlist,0.21988972834674297
2770,Admit,1.0,Waitlist,0.31522005220551796,Waitlist,0.23533030760282586,Gradient Boosting,Waitlist,0.23533030760282586
2771,Waitlist,0.37931034482758613,Admit,0.7689743986179827,Admit,0.7220430930710552,Gradient Boosting,Admit,0.7220430930710552
2773,Admit,0.5909090909090908,Admit,0.7502320343238061,Admit,0.6968369354006445,Gradient Boosting,Admit,0.6968369354006445
2774,Admit,1.0,Admit,0.6476830506233335,Admit,0.7883003955397877,Gradient Boosting,Admit,0.7883003955397877
2777,Waitlist,0.4905660377358487,Waitlist,0.27828920392270806,Waitlist,0.21211394938721284,Gradient Boosting,Waitlist,0.21211394938721284
2778,Waitlist,0.13461538461538458,Waitlist,0.35816555699705294,Waitlist,0.29576489623390906,Gradient Boosting,Waitlist,0.29576489623390906
2779,Waitlist,0.027027027027027025,Waitlist,0.41249534085852685,Waitlist,0.25772264058210415,Gradient Boosting,Waitlist,0.25772264058210415
2780,Admit,0.6029411764705921,Admit,0.6976725201352912,Admit,0.6363975855468396,Gradient Boosting,Admit,0.6363975855468396
2782,Waitlist,0.027027027027027025,Waitlist,0.2575766476693894,Waitlist,0.1875065699563706,Gradient Boosting,Waitlist,0.1875065699563706
2783,Waitlist,0.4545454545454544,Waitlist,0.4636346621486567,Waitlist,0.26580445731104485,Gradient Boosting,Waitlist,0.26580445731104485
2784,Waitlist,0.4905660377358487,Waitlist,0.348448099399781,Waitlist,0.300874098638095,Gradient Boosting,Waitlist,0.300874098638095
2785,Waitlist,0.4905660377358487,Waitlist,0.2538089166548181,Waitlist,0.21472964417567342,Gradient Boosting,Waitlist,0.21472964417567342
2787,Waitlist,0.4905660377358487,Waitlist,0.33644582252431054,Waitlist,0.3782218530998283,Gradient Boosting,Waitlist,0.3782218530998283
2788,Waitlist,0.13461538461538458,Waitlist,0.3360743977465072,Waitlist,0.25767625213005035,Gradient Boosting,Waitlist,0.25767625213005035
2789,Admit,0.6029411764705921,Admit,0.6926534520139465,Admit,0.6463016505647852,Gradient Boosting,Admit,0.6463016505647852
2791,Waitlist,0.13461538461538458,Waitlist,0.44440015006472056,Waitlist,0.3518804633842575,Gradient Boosting,Waitlist,0.3518804633842575
2792,Admit,0.6351351351351351,Waitlist,0.4523526396247115,Waitlist,0.24908764316785872,Gradient Boosting,Waitlist,0.24908764316785872
2793,Waitlist,0.20588235294117635,Admit,0.5027615907315376,Waitlist,0.4042666310419559,Gradient Boosting,Waitlist,0.4042666310419559
2794,Waitlist,0.4905660377358487,Waitlist,0.3713863592828373,Waitlist,0.2618129365716705,Gradient Boosting,Waitlist,0.2618129365716705
2795,Waitlist,0.3571428571428568,Waitlist,0.4447218585176644,Admit,0.5883506769510782,Gradient Boosting,Admit,0.5883506769510782
2796,Waitlist,0.13461538461538458,Waitlist,0.3078855908881253,Waitlist,0.21281477410086966,Gradient Boosting,Waitlist,0.21281477410086966
2797,Admit,1.0,Waitlist,0.3642935262098923,Admit,0.550537025068547,Gradient Boosting,Admit,0.550537025068547
2799,Admit,1.0,Waitlist,0.3159900599784542,Waitlist,0.219820328828069,Gradient Boosting,Waitlist,0.219820328828069
2800,Admit,1.0,Waitlist,0.31356731199070303,Admit,0.5088967483328459,Gradient Boosting,Admit,0.5088967483328459
2801,Waitlist,0.027027027027027025,Waitlist,0.3831759637738506,Waitlist,0.24019281004007148,Gradient Boosting,Waitlist,0.24019281004007148
2804,Waitlist,0.0869565217391304,Waitlist,0.2335636314402977,Waitlist,0.1582015230616398,Gradient Boosting,Waitlist,0.1582015230616398
2805,Admit,0.6029411764705921,Admit,0.6270892071568475,Admit,0.6252132820057033,Gradient Boosting,Admit,0.6252132820057033
2806,Waitlist,0.4905660377358487,Waitlist,0.42254561446305616,Waitlist,0.2978968388915847,Gradient Boosting,Waitlist,0.2978968388915847
2807,Waitlist,0.4905660377358487,Waitlist,0.4327314996561874,Waitlist,0.36351421864524436,Gradient Boosting,Waitlist,0.36351421864524436
2808,Admit,1.0,Admit,0.535526086933686,Admit,0.7097176921443836,Gradient Boosting,Admit,0.7097176921443836
2809,Waitlist,0.027027027027027025,Waitlist,0.30403263674949,Waitlist,0.20075892718206742,Gradient Boosting,Waitlist,0.20075892718206742
2810,Waitlist,0.13461538461538458,Waitlist,0.4037150921617863,Waitlist,0.4071102981158957,Gradient Boosting,Waitlist,0.4071102981158957
2811,Admit,0.6351351351351351,Waitlist,0.4579510792056098,Waitlist,0.21459186836727806,Gradient Boosting,Waitlist,0.21459186836727806
2812,Waitlist,0.4905660377358487,Waitlist,0.4522142734080445,Waitlist,0.33304766581989154,Gradient Boosting,Waitlist,0.33304766581989154
2813,Waitlist,0.4905660377358487,Admit,0.5512490236416137,Admit,0.5311665214139658,Gradient Boosting,Admit,0.5311665214139658
2814,Admit,1.0,Waitlist,0.35895685924538784,Waitlist,0.2454779963841011,Gradient Boosting,Waitlist,0.2454779963841011
2815,Admit,1.0,Waitlist,0.35707350481632233,Admit,0.6478013150407997,Gradient Boosting,Admit,0.6478013150407997
2816,Admit,1.0,Waitlist,0.33903264285148266,Admit,0.5513161823031418,Gradient Boosting,Admit,0.5513161823031418
2817,Waitlist,0.4905660377358487,Waitlist,0.3578765779557055,Waitlist,0.33010341623383044,Gradient Boosting,Waitlist,0.33010341623383044
2818,Admit,0.6029411764705921,Admit,0.5608407350184582,Admit,0.5680411046513636,Gradient Boosting,Admit,0.5680411046513636
2820,Waitlist,0.13461538461538458,Waitlist,0.39693204380382197,Admit,0.5005536041614133,Gradient Boosting,Admit,0.5005536041614133
2821,Admit,0.6351351351351351,Admit,0.5662830967681077,Admit,0.774013838200034,Gradient Boosting,Admit,0.774013838200034
2822,Waitlist,0.13461538461538458,Waitlist,0.48401813354846457,Waitlist,0.47741898346715067,Gradient Boosting,Waitlist,0.47741898346715067
2823,Waitlist,0.4905660377358487,Waitlist,0.44689901972993057,Admit,0.6295025431267794,Gradient Boosting,Admit,0.6295025431267794
2824,Waitlist,0.0869565217391304,Waitlist,0.30971825250292945,Waitlist,0.09457000054052962,Gradient Boosting,Waitlist,0.09457000054052962
2825,Waitlist,0.13461538461538458,Waitlist,0.35858373763293244,Admit,0.7067349493313345,Gradient Boosting,Admit,0.7067349493313345
2826,Waitlist,0.4545454545454544,Waitlist,0.4372320541080177,Waitlist,0.2325551987468142,Gradient Boosting,Waitlist,0.2325551987468142
2828,Waitlist,0.0869565217391304,Waitlist,0.3828006820721785,Waitlist,0.16459955328796075,Gradient Boosting,Waitlist,0.16459955328796075
2829,Admit,1.0,Admit,0.6287986210834567,Admit,0.5985680300059681,Gradient Boosting,Admit,0.5985680300059681
2831,Waitlist,0.1627906976744185,Waitlist,0.3538945954768982,Waitlist,0.47617551153518667,Gradient Boosting,Waitlist,0.47617551153518667
2832,Waitlist,0.23404255319148923,Waitlist,0.47543154735554227,Waitlist,0.2719201004121482,Gradient Boosting,Waitlist,0.2719201004121482
2833,Admit,1.0,Waitlist,0.453809112393457,Admit,0.644132178886052,Gradient Boosting,Admit,0.644132178886052
2834,Waitlist,0.027027027027027025,Admit,0.5871622302221797,Waitlist,0.3899647407071055,Gradient Boosting,Waitlist,0.3899647407071055
2835,Waitlist,0.20588235294117635,Waitlist,0.44650980161810594,Waitlist,0.2956538322542466,Gradient Boosting,Waitlist,0.2956538322542466
2836,Waitlist,0.4905660377358487,Admit,0.5283773906432561,Admit,0.5084043719476035,Gradient Boosting,Admit,0.5084043719476035
2837,Waitlist,0.1627906976744185,Waitlist,0.3293946399269264,Waitlist,0.3121588584419943,Gradient Boosting,Waitlist,0.3121588584419943
2838,Admit,1.0,Waitlist,0.3700831001286734,Admit,0.5150468490183918,Gradient Boosting,Admit,0.5150468490183918
2839,Waitlist,0.13461538461538458,Waitlist,0.32229248397013815,Waitlist,0.36326356433008006,Gradient Boosting,Waitlist,0.36326356433008006
2840,Waitlist,0.20588235294117635,Admit,0.559030236400469,Waitlist,0.47172457376893173,Gradient Boosting,Waitlist,0.47172457376893173
2841,Waitlist,0.027027027027027025,Waitlist,0.43717864315035904,Waitlist,0.26101386104931745,Gradient Boosting,Waitlist,0.26101386104931745
2842,Admit,0.6351351351351351,Admit,0.6550321588909321,Admit,0.5862233463879998,Gradient Boosting,Admit,0.5862233463879998
2843,Waitlist,0.0869565217391304,Waitlist,0.22744183434092757,Waitlist,0.0801075663498152,Gradient Boosting,Waitlist,0.0801075663498152
2844,Waitlist,0.20588235294117635,Waitlist,0.41890004113889673,Waitlist,0.4095707691836463,Gradient Boosting,Waitlist,0.4095707691836463
2845,Admit,0.6351351351351351,Admit,0.6225951805560752,Admit,0.5066048057261318,Gradient Boosting,Admit,0.5066048057261318
2846,Admit,1.0,Waitlist,0.4536625338609278,Admit,0.6716207703668906,Gradient Boosting,Admit,0.6716207703668906
2847,Waitlist,0.4545454545454544,Waitlist,0.4511602257719761,Waitlist,0.19858775727365452,Gradient Boosting,Waitlist,0.19858775727365452
2848,Waitlist,0.13461538461538458,Waitlist,0.357694327773876,Waitlist,0.24509418015082357,Gradient Boosting,Waitlist,0.24509418015082357
2849,Admit,0.6351351351351351,Admit,0.6784432190326477,Admit,0.5839172651113361,Gradient Boosting,Admit,0.5839172651113361
2850,Waitlist,0.0869565217391304,Waitlist,0.21788139819672442,Waitlist,0.06620842095871499,Gradient Boosting,Waitlist,0.06620842095871499
2851,Waitlist,0.1627906976744185,Waitlist,0.3000835060752123,Waitlist,0.15577742646816317,Gradient Boosting,Waitlist,0.15577742646816317
2852,Admit,0.6029411764705921,Admit,0.5814984240416438,Admit,0.6324506812105886,Gradient Boosting,Admit,0.6324506812105886
2853,Waitlist,0.4545454545454544,Waitlist,0.4581844725061671,Waitlist,0.33225119442202056,Gradient Boosting,Waitlist,0.33225119442202056
2855,Waitlist,0.13461538461538458,Waitlist,0.34597071947929736,Waitlist,0.27126182296069845,Gradient Boosting,Waitlist,0.27126182296069845
2856,Admit,0.6029411764705921,Admit,0.5441403031716624,Waitlist,0.45283165793780467,Gradient Boosting,Waitlist,0.45283165793780467
2857,Waitlist,0.13461538461538458,Waitlist,0.38626314526582445,Waitlist,0.35768945937396757,Gradient Boosting,Waitlist,0.35768945937396757
2858,Waitlist,0.0869565217391304,Waitlist,0.29389361993692603,Waitlist,0.10073766970034821,Gradient Boosting,Waitlist,0.10073766970034821
2859,Waitlist,0.0869565217391304,Waitlist,0.2961183381194993,Waitlist,0.18435244266342318,Gradient Boosting,Waitlist,0.18435244266342318
2861,Waitlist,0.13461538461538458,Waitlist,0.35453791650825683,Waitlist,0.265552588696647,Gradient Boosting,Waitlist,0.265552588696647
2862,Waitlist,0.13461538461538458,Waitlist,0.4433418313034147,Waitlist,0.40750689575690946,Gradient Boosting,Waitlist,0.40750689575690946
2863,Admit,0.6029411764705921,Admit,0.646625096689702,Admit,0.6134949789996719,Gradient Boosting,Admit,0.6134949789996719
2864,Waitlist,0.0869565217391304,Waitlist,0.26825804969928485,Waitlist,0.14644959228721746,Gradient Boosting,Waitlist,0.14644959228721746
2865,Admit,1.0,Admit,0.7045929418906031,Admit,0.7139689950695148,Gradient Boosting,Admit,0.7139689950695148
2866,Waitlist,0.23404255319148923,Admit,0.5695291440607262,Admit,0.6018692900843039,Gradient Boosting,Admit,0.6018692900843039
2867,Waitlist,0.4905660377358487,Waitlist,0.39271847882596206,Waitlist,0.3185566073417803,Gradient Boosting,Waitlist,0.3185566073417803
2868,Waitlist,0.13461538461538458,Waitlist,0.3430729767297373,Waitlist,0.2889666092826381,Gradient Boosting,Waitlist,0.2889666092826381
2869,Waitlist,0.4545454545454544,Waitlist,0.37511074084015705,Waitlist,0.24591080307110297,Gradient Boosting,Waitlist,0.24591080307110297
2870,Waitlist,0.23404255319148923,Admit,0.6362481341570317,Admit,0.8185560001647066,Gradient Boosting,Admit,0.8185560001647066
2871,Waitlist,0.4905660377358487,Admit,0.5370730797801451,Admit,0.662785227239773,Gradient Boosting,Admit,0.662785227239773
2872,Admit,0.5909090909090908,Admit,0.5802350226963223,Admit,0.524753818606982,Gradient Boosting,Admit,0.524753818606982
2873,Admit,0.6351351351351351,Waitlist,0.48349966608533207,Waitlist,0.3558128020350528,Gradient Boosting,Waitlist,0.3558128020350528
2874,Waitlist,0.4905660377358487,Waitlist,0.40478736747388794,Waitlist,0.38944834758189756,Gradient Boosting,Waitlist,0.38944834758189756
2875,Admit,0.6029411764705921,Admit,0.7110108849075792,Admit,0.7559832687344891,Gradient Boosting,Admit,0.7559832687344891
2876,Waitlist,0.4545454545454544,Waitlist,0.44048946775585524,Waitlist,0.32583037142819243,Gradient Boosting,Waitlist,0.32583037142819243
2877,Waitlist,0.4545454545454544,Waitlist,0.32740569619495036,Waitlist,0.15658107587533804,Gradient Boosting,Waitlist,0.15658107587533804
2878,Waitlist,0.4905660377358487,Waitlist,0.4210882219506632,Waitlist,0.47969226683538857,Gradient Boosting,Waitlist,0.47969226683538857
2880,Waitlist,0.0869565217391304,Waitlist,0.3398619569004367,Waitlist,0.12400287541052503,Gradient Boosting,Waitlist,0.12400287541052503
2881,Waitlist,0.13461538461538458,Waitlist,0.35447170585602517,Waitlist,0.29576489623390906,Gradient Boosting,Waitlist,0.29576489623390906
2882,Admit,1.0,Waitlist,0.43145403030238566,Admit,0.5719654366516976,Gradient Boosting,Admit,0.5719654366516976
2883,Admit,1.0,Waitlist,0.4308075629855032,Admit,0.5014122142277385,Gradient Boosting,Admit,0.5014122142277385
2884,Admit,1.0,Admit,0.7906677771810058,Admit,0.7904792636448736,Gradient Boosting,Admit,0.7904792636448736
2885,Waitlist,0.0869565217391304,Waitlist,0.20969437272070052,Waitlist,0.13132808336907104,Gradient Boosting,Waitlist,0.13132808336907104
2886,Waitlist,0.4905660377358487,Waitlist,0.3891923779846051,Waitlist,0.3960251732245467,Gradient Boosting,Waitlist,0.3960251732245467
2887,Waitlist,0.4905660377358487,Waitlist,0.2902837824131366,Waitlist,0.2774602590543534,Gradient Boosting,Waitlist,0.2774602590543534
2889,Waitlist,0.0869565217391304,Waitlist,0.3279745944529116,Waitlist,0.07405451296002914,Gradient Boosting,Waitlist,0.07405451296002914
2890,Admit,1.0,Waitlist,0.4512445319329717,Waitlist,0.49307227538401815,Gradient Boosting,Waitlist,0.49307227538401815
2891,Waitlist,0.027027027027027025,Waitlist,0.43593726842863123,Waitlist,0.3116946587340176,Gradient Boosting,Waitlist,0.3116946587340176
2892,Waitlist,0.0869565217391304,Waitlist,0.2648345667540664,Waitlist,0.10643829909200597,Gradient Boosting,Waitlist,0.10643829909200597
2893,Admit,1.0,Admit,0.6078105198275284,Admit,0.6463499898955731,Gradient Boosting,Admit,0.6463499898955731
2894,Waitlist,0.4905660377358487,Waitlist,0.33310616017574246,Waitlist,0.4402028963497359,Gradient Boosting,Waitlist,0.4402028963497359
2895,Admit,0.6351351351351351,Waitlist,0.4637736341736938,Waitlist,0.408345842389853,Gradient Boosting,Waitlist,0.408345842389853
2896,Waitlist,0.23404255319148923,Admit,0.5560645383546168,Admit,0.5085965927322228,Gradient Boosting,Admit,0.5085965927322228
2897,Waitlist,0.4905660377358487,Waitlist,0.36876294304163765,Waitlist,0.2398202444104656,Gradient Boosting,Waitlist,0.2398202444104656
2898,Waitlist,0.027027027027027025,Waitlist,0.3652411519497381,Waitlist,0.14185105999594996,Gradient Boosting,Waitlist,0.14185105999594996
2900,Waitlist,0.1627906976744185,Waitlist,0.3287286639096701,Waitlist,0.36123203809388416,Gradient Boosting,Waitlist,0.36123203809388416
2901,Waitlist,0.13461538461538458,Waitlist,0.39505490595454046,Admit,0.5507553888869577,Gradient Boosting,Admit,0.5507553888869577
2902,Admit,0.6351351351351351,Admit,0.5604193873141537,Waitlist,0.48738252000042154,Gradient Boosting,Waitlist,0.48738252000042154
2903,Waitlist,0.4905660377358487,Waitlist,0.32759560093274426,Waitlist,0.26160812651173576,Gradient Boosting,Waitlist,0.26160812651173576
2904,Waitlist,0.13461538461538458,Waitlist,0.3781314206331666,Waitlist,0.3469012940427554,Gradient Boosting,Waitlist,0.3469012940427554
2905,Waitlist,0.0869565217391304,Waitlist,0.29942161415864016,Waitlist,0.09891266069474072,Gradient Boosting,Waitlist,0.09891266069474072
2906,Waitlist,0.4905660377358487,Waitlist,0.48210486575749484,Admit,0.6594537400209128,Gradient Boosting,Admit,0.6594537400209128
2908,Waitlist,0.37931034482758613,Admit,0.6643866602527718,Admit,0.6692746357123771,Gradient Boosting,Admit,0.6692746357123771
2909,Admit,1.0,Admit,0.7100749192477982,Admit,0.7569199767300259,Gradient Boosting,Admit,0.7569199767300259
2910,Waitlist,0.20588235294117635,Admit,0.5263828487659221,Admit,0.5066048057261318,Gradient Boosting,Admit,0.5066048057261318
2911,Waitlist,0.13461538461538458,Waitlist,0.282138958127123,Waitlist,0.20530517203577545,Gradient Boosting,Waitlist,0.20530517203577545
2912,Admit,0.6029411764705921,Admit,0.6451084712555893,Admit,0.6911896166257243,Gradient Boosting,Admit,0.6911896166257243
2913,Waitlist,0.13461538461538458,Waitlist,0.3382597962317847,Waitlist,0.23076293138063553,Gradient Boosting,Waitlist,0.23076293138063553
2915,Waitlist,0.13461538461538458,Waitlist,0.37229258248391117,Waitlist,0.31200041052662725,Gradient Boosting,Waitlist,0.31200041052662725
2916,Waitlist,0.1627906976744185,Waitlist,0.37945022068000656,Waitlist,0.28625737678607566,Gradient Boosting,Waitlist,0.28625737678607566
2917,Admit,0.6029411764705921,Admit,0.6225229462668324,Waitlist,0.47458967469221086,Gradient Boosting,Waitlist,0.47458967469221086
2918,Admit,1.0,Admit,0.7484599146071665,Admit,0.7218593614633879,Gradient Boosting,Admit,0.7218593614633879
2919,Waitlist,0.4905660377358487,Waitlist,0.36608567232452044,Waitlist,0.3165636735886363,Gradient Boosting,Waitlist,0.3165636735886363
2920,Admit,0.6351351351351351,Admit,0.5138834905400735,Waitlist,0.4138596275079777,Gradient Boosting,Waitlist,0.4138596275079777
2921,Admit,0.6029411764705921,Admit,0.6289629943790178,Admit,0.7186670202737377,Gradient Boosting,Admit,0.7186670202737377
2922,Waitlist,0.4545454545454544,Admit,0.5427747987669396,Waitlist,0.44840664937628133,Gradient Boosting,Waitlist,0.44840664937628133
2923,Waitlist,0.0869565217391304,Waitlist,0.2782019689158141,Waitlist,0.12496218534873361,Gradient Boosting,Waitlist,0.12496218534873361
2924,Admit,0.6029411764705921,Admit,0.7188807768355581,Admit,0.6387541315660232,Gradient Boosting,Admit,0.6387541315660232
2925,Admit,0.6351351351351351,Admit,0.5624433703476235,Waitlist,0.4992768937621766,Gradient Boosting,Waitlist,0.4992768937621766
2926,Admit,1.0,Admit,0.7763653065800113,Admit,0.8601065302978559,Gradient Boosting,Admit,0.8601065302978559
2927,Admit,0.6029411764705921,Admit,0.7584233768051359,Admit,0.6691366793900407,Gradient Boosting,Admit,0.6691366793900407
2928,Waitlist,0.4905660377358487,Admit,0.5514944705163086,Admit,0.50320741266319,Gradient Boosting,Admit,0.50320741266319
2929,Waitlist,0.4905660377358487,Waitlist,0.46749178746297965,Waitlist,0.42658818466806037,Gradient Boosting,Waitlist,0.42658818466806037
2930,Admit,1.0,Admit,0.6150182681723606,Waitlist,0.42975249920582886,Gradient Boosting,Waitlist,0.42975249920582886
2931,Waitlist,0.4905660377358487,Waitlist,0.362033914220511,Waitlist,0.47353291621536403,Gradient Boosting,Waitlist,0.47353291621536403
2932,Admit,1.0,Admit,0.6349804219364783,Admit,0.662286110375186,Gradient Boosting,Admit,0.662286110375186
2933,Admit,1.0,Admit,0.711489576183666,Admit,0.7269120192697422,Gradient Boosting,Admit,0.7269120192697422
2934,Waitlist,0.0869565217391304,Waitlist,0.426769803376462,Waitlist,0.20890820678163255,Gradient Boosting,Waitlist,0.20890820678163255
2935,Admit,1.0,Waitlist,0.35600752432272664,Admit,0.7351902101991746,Gradient Boosting,Admit,0.7351902101991746
2936,Admit,1.0,Waitlist,0.3819416050744856,Admit,0.5114847268647641,Gradient Boosting,Admit,0.5114847268647641
2937,Admit,0.6029411764705921,Admit,0.675386904037216,Admit,0.646464081551626,Gradient Boosting,Admit,0.646464081551626
2938,Waitlist,0.4545454545454544,Waitlist,0.3337186302803078,Waitlist,0.31015336292664847,Gradient Boosting,Waitlist,0.31015336292664847
2939,Admit,0.6029411764705921,Admit,0.6387187836982817,Admit,0.7809879216809159,Gradient Boosting,Admit,0.7809879216809159
2940,Admit,0.6351351351351351,Waitlist,0.3931492379595975,Admit,0.5655153872357244,Gradient Boosting,Admit,0.5655153872357244
2941,Waitlist,0.4905660377358487,Waitlist,0.37249130400345454,Waitlist,0.47625695085940944,Gradient Boosting,Waitlist,0.47625695085940944
2942,Waitlist,0.0869565217391304,Admit,0.5951898468174717,Admit,0.7492917347178611,Gradient Boosting,Admit,0.7492917347178611
2943,Waitlist,0.13461538461538458,Waitlist,0.31558702206163647,Admit,0.5026950041403362,Gradient Boosting,Admit,0.5026950041403362
2944,Admit,0.5909090909090908,Admit,0.5235357891629003,Admit,0.6614567647572723,Gradient Boosting,Admit,0.6614567647572723
2945,Waitlist,0.3571428571428571,Waitlist,0.42385770365894654,Waitlist,0.40249670212386773,Gradient Boosting,Waitlist,0.40249670212386773
2946,Admit,1.0,Waitlist,0.3827308918139307,Admit,0.5880107916391274,Gradient Boosting,Admit,0.5880107916391274
2947,Waitlist,0.23404255319148923,Waitlist,0.4013934587973783,Waitlist,0.39219502614274243,Gradient Boosting,Waitlist,0.39219502614274243
2948,Waitlist,0.4545454545454544,Waitlist,0.36363803580875526,Waitlist,0.14185105999594996,Gradient Boosting,Waitlist,0.14185105999594996
2949,Waitlist,0.0869565217391304,Waitlist,0.4051721301141123,Admit,0.5281111082824996,Gradient Boosting,Admit,0.5281111082824996
2950,Waitlist,0.23404255319148923,Admit,0.538360990209974,Waitlist,0.29627844116818075,Gradient Boosting,Waitlist,0.29627844116818075
2951,Waitlist,0.4905660377358487,Admit,0.5399626668228091,Waitlist,0.4589748232466889,Gradient Boosting,Waitlist,0.4589748232466889
2952,Admit,0.6029411764705921,Admit,0.8093977961144136,Admit,0.7500077901757051,Gradient Boosting,Admit,0.7500077901757051
2953,Admit,0.6029411764705921,Admit,0.7294738552810561,Admit,0.7893448600164612,Gradient Boosting,Admit,0.7893448600164612
2954,Admit,1.0,Waitlist,0.45000170949482976,Admit,0.6609965439905174,Gradient Boosting,Admit,0.6609965439905174
2955,Waitlist,0.4545454545454544,Waitlist,0.3616057559399052,Waitlist,0.1768262141770114,Gradient Boosting,Waitlist,0.1768262141770114
2956,Admit,0.6029411764705921,Admit,0.5250784766810277,Waitlist,0.4451418537522177,Gradient Boosting,Waitlist,0.4451418537522177
2957,Waitlist,0.4545454545454544,Admit,0.524063659251574,Waitlist,0.3671919707317152,Gradient Boosting,Waitlist,0.3671919707317152
2958,Admit,1.0,Waitlist,0.3198628418081876,Admit,0.5311363551392371,Gradient Boosting,Admit,0.5311363551392371
2959,Waitlist,0.13461538461538458,Waitlist,0.36791967723780317,Waitlist,0.48495978856695937,Gradient Boosting,Waitlist,0.48495978856695937
2960,Waitlist,0.4905660377358487,Waitlist,0.27295499220713076,Waitlist,0.21211394938721284,Gradient Boosting,Waitlist,0.21211394938721284
2962,Waitlist,0.0869565217391304,Waitlist,0.3231100818443146,Waitlist,0.24019281004007148,Gradient Boosting,Waitlist,0.24019281004007148
2963,Admit,1.0,Waitlist,0.320089300703849,Admit,0.5269473003306089,Gradient Boosting,Admit,0.5269473003306089
2964,Waitlist,0.0869565217391304,Waitlist,0.3429910434372508,Waitlist,0.20684308368930224,Gradient Boosting,Waitlist,0.20684308368930224
2965,Waitlist,0.0869565217391304,Waitlist,0.2400404295020572,Waitlist,0.10459983352472631,Gradient Boosting,Waitlist,0.10459983352472631
2966,Waitlist,0.13461538461538458,Waitlist,0.3401164033496018,Waitlist,0.2807909039785763,Gradient Boosting,Waitlist,0.2807909039785763
2967,Waitlist,0.1627906976744185,Waitlist,0.33354187639705457,Waitlist,0.3283606778545559,Gradient Boosting,Waitlist,0.3283606778545559
2968,Waitlist,0.13461538461538458,Waitlist,0.38378528633420206,Waitlist,0.3469012940427554,Gradient Boosting,Waitlist,0.3469012940427554
2969,Admit,0.6351351351351351,Admit,0.522307184691913,Waitlist,0.43699978903086895,Gradient Boosting,Waitlist,0.43699978903086895
2970,Waitlist,0.0869565217391304,Waitlist,0.375666342020562,Waitlist,0.32074581512569345,Gradient Boosting,Waitlist,0.32074581512569345
2971,Waitlist,0.13461538461538458,Waitlist,0.39808869056434376,Admit,0.5026950041403362,Gradient Boosting,Admit,0.5026950041403362
2972,Admit,0.6029411764705921,Admit,0.6268215536644965,Admit,0.7218069272579455,Gradient Boosting,Admit,0.7218069272579455
2973,Waitlist,0.23404255319148923,Admit,0.5270328307259003,Waitlist,0.3655438623886967,Gradient Boosting,Waitlist,0.3655438623886967
2975,Waitlist,0.027027027027027025,Waitlist,0.3329756402555817,Waitlist,0.23104726180385918,Gradient Boosting,Waitlist,0.23104726180385918
2976,Waitlist,0.23404255319148923,Admit,0.5822395644087839,Waitlist,0.4810124974546629,Gradient Boosting,Waitlist,0.4810124974546629
2977,Admit,1.0,Waitlist,0.3169426560434151,Waitlist,0.347560748925671,Gradient Boosting,Waitlist,0.347560748925671
2978,Admit,1.0,Admit,0.5649516657354184,Admit,0.5609272252103933,Gradient Boosting,Admit,0.5609272252103933
2979,Waitlist,0.14285714285714282,Waitlist,0.25331075929304625,Waitlist,0.18207748553374956,Gradient Boosting,Waitlist,0.18207748553374956
2980,Waitlist,0.0869565217391304,Waitlist,0.31790383715631054,Waitlist,0.3294599768117626,Gradient Boosting,Waitlist,0.3294599768117626
2982,Admit,0.6029411764705921,Admit,0.7149263229788974,Admit,0.7186670202737377,Gradient Boosting,Admit,0.7186670202737377
2984,Waitlist,0.4905660377358487,Waitlist,0.3193334811862834,Waitlist,0.3607071422142846,Gradient Boosting,Waitlist,0.3607071422142846
2985,Waitlist,0.0869565217391304,Waitlist,0.4649285807283282,Waitlist,0.21251250326759466,Gradient Boosting,Waitlist,0.21251250326759466
2986,Waitlist,0.4905660377358487,Waitlist,0.23530071030956715,Waitlist,0.17718712251568375,Gradient Boosting,Waitlist,0.17718712251568375
2987,Waitlist,0.4905660377358487,Waitlist,0.408283240032778,Waitlist,0.3073427865299721,Gradient Boosting,Waitlist,0.3073427865299721
2989,Admit,0.6351351351351351,Admit,0.5655292732155095,Waitlist,0.30637886212472787,Gradient Boosting,Waitlist,0.30637886212472787
2990,Waitlist,0.4545454545454544,Admit,0.5130467990272172,Waitlist,0.376511441237331,Gradient Boosting,Waitlist,0.376511441237331
2991,Waitlist,0.23404255319148923,Admit,0.509998840439824,Waitlist,0.3655438623886967,Gradient Boosting,Waitlist,0.3655438623886967
2992,Waitlist,0.4905660377358487,Waitlist,0.44404867995728203,Waitlist,0.3960251732245467,Gradient Boosting,Waitlist,0.3960251732245467
2993,Admit,1.0,Admit,0.7140966113397679,Admit,0.5948841899633308,Gradient Boosting,Admit,0.5948841899633308
2994,Admit,1.0,Waitlist,0.36608981694502035,Admit,0.8330484601702268,Gradient Boosting,Admit,0.8330484601702268
2995,Admit,0.6029411764705921,Admit,0.6890159577416756,Admit,0.7176853637416153,Gradient Boosting,Admit,0.7176853637416153
2996,Waitlist,0.3571428571428568,Waitlist,0.4252230877935365,Waitlist,0.4672732792613475,Gradient Boosting,Waitlist,0.4672732792613475
2997,Admit,0.5909090909090908,Admit,0.505033537838528,Waitlist,0.4892350993234074,Gradient Boosting,Waitlist,0.4892350993234074
2998,Waitlist,0.0869565217391304,Waitlist,0.2551966453447114,Waitlist,0.12154611703001242,Gradient Boosting,Waitlist,0.12154611703001242
2999,Waitlist,0.0869565217391304,Waitlist,0.2845226990398997,Waitlist,0.15048395438377615,Gradient Boosting,Waitlist,0.15048395438377615
3002,Admit,0.6029411764705921,Admit,0.74028701264788,Admit,0.7186670202737377,Gradient Boosting,Admit,0.7186670202737377
3003,Waitlist,0.0869565217391304,Waitlist,0.39430260605038997,Waitlist,0.2658382000067537,Gradient Boosting,Waitlist,0.2658382000067537
3004,Admit,0.6351351351351351,Waitlist,0.41751949893842394,Waitlist,0.26636096136157345,Gradient Boosting,Waitlist,0.26636096136157345
3005,Waitlist,0.0869565217391304,Waitlist,0.3866619860134199,Waitlist,0.2029663103380331,Gradient Boosting,Waitlist,0.2029663103380331
3006,Waitlist,0.027027027027027025,Waitlist,0.2898205493910858,Waitlist,0.2346269799066928,Gradient Boosting,Waitlist,0.2346269799066928
3007,Admit,0.6351351351351351,Admit,0.6870807938199064,Admit,0.6196393592293242,Gradient Boosting,Admit,0.6196393592293242
3008,Admit,0.6029411764705921,Admit,0.618222470105798,Admit,0.6097591536814656,Gradient Boosting,Admit,0.6097591536814656
3009,Waitlist,0.14285714285714282,Waitlist,0.33268638136892137,Waitlist,0.3720530504315447,Gradient Boosting,Waitlist,0.3720530504315447
3010,Waitlist,0.3571428571428568,Waitlist,0.43154802336746817,Waitlist,0.42654364257659233,Gradient Boosting,Waitlist,0.42654364257659233
3011,Admit,1.0,Waitlist,0.28863235419203015,Waitlist,0.3055999114750297,Gradient Boosting,Waitlist,0.3055999114750297
3012,Waitlist,0.3571428571428568,Waitlist,0.39942307835916907,Waitlist,0.42654364257659233,Gradient Boosting,Waitlist,0.42654364257659233
3013,Admit,1.0,Admit,0.505372518548569,Waitlist,0.4891019586382807,Gradient Boosting,Waitlist,0.4891019586382807
3014,Waitlist,0.4905660377358487,Waitlist,0.38316687287791684,Waitlist,0.47613023611107885,Gradient Boosting,Waitlist,0.47613023611107885
3016,Waitlist,0.0869565217391304,Waitlist,0.3293220827392398,Waitlist,0.3741237437455748,Gradient Boosting,Waitlist,0.3741237437455748
3017,Admit,1.0,Admit,0.6271900947016763,Admit,0.8201875783072575,Gradient Boosting,Admit,0.8201875783072575
3018,Admit,1.0,Waitlist,0.27145147259525815,Waitlist,0.49936592763798554,Gradient Boosting,Waitlist,0.49936592763798554
3019,Waitlist,0.0869565217391304,Admit,0.5071027235265642,Waitlist,0.15648896244584537,Gradient Boosting,Waitlist,0.15648896244584537
3022,Waitlist,0.4545454545454544,Waitlist,0.3100222091606986,Waitlist,0.11599480966943804,Gradient Boosting,Waitlist,0.11599480966943804
3023,Waitlist,0.3571428571428571,Waitlist,0.4383384738085445,Waitlist,0.36160145492989026,Gradient Boosting,Waitlist,0.36160145492989026
3024,Waitlist,0.14285714285714282,Waitlist,0.29345845228542616,Waitlist,0.16403505092406623,Gradient Boosting,Waitlist,0.16403505092406623
3026,Waitlist,0.1627906976744185,Waitlist,0.34219549372451685,Waitlist,0.2886441140339605,Gradient Boosting,Waitlist,0.2886441140339605
3027,Waitlist,0.4905660377358487,Waitlist,0.31306469137914955,Waitlist,0.15062612285256471,Gradient Boosting,Waitlist,0.15062612285256471
3028,Waitlist,0.4905660377358487,Waitlist,0.4826076482713128,Waitlist,0.3780498108780658,Gradient Boosting,Waitlist,0.3780498108780658
3029,Admit,0.8301886792452832,Admit,0.7263599066484617,Admit,0.8068440712387863,Gradient Boosting,Admit,0.8068440712387863
3031,Admit,0.6029411764705921,Admit,0.8270988606588071,Admit,0.8095163731690953,Gradient Boosting,Admit,0.8095163731690953
3032,Admit,0.6029411764705921,Admit,0.6072323049870001,Admit,0.6394159183734133,Gradient Boosting,Admit,0.6394159183734133
3033,Waitlist,0.23404255319148923,Waitlist,0.47816950264354074,Waitlist,0.42945569263190425,Gradient Boosting,Waitlist,0.42945569263190425
3035,Waitlist,0.1627906976744185,Waitlist,0.39097086833008926,Waitlist,0.376566711985889,Gradient Boosting,Waitlist,0.376566711985889
3038,Waitlist,0.13461538461538458,Waitlist,0.28236088857767333,Waitlist,0.25903851512972054,Gradient Boosting,Waitlist,0.25903851512972054
3039,Waitlist,0.13461538461538458,Waitlist,0.27056303568125184,Waitlist,0.21988972834674297,Gradient Boosting,Waitlist,0.21988972834674297
3040,Admit,0.5909090909090908,Admit,0.594852982867926,Admit,0.6668284673193733,Gradient Boosting,Admit,0.6668284673193733
3041,Waitlist,0.0869565217391304,Waitlist,0.24362816950103058,Waitlist,0.09218716367362202,Gradient Boosting,Waitlist,0.09218716367362202
3042,Waitlist,0.13461538461538458,Waitlist,0.3285686302216131,Waitlist,0.2869947698697448,Gradient Boosting,Waitlist,0.2869947698697448
3043,Admit,0.5909090909090908,Admit,0.5856609659280603,Admit,0.5373059628872068,Gradient Boosting,Admit,0.5373059628872068
3045,Waitlist,0.4545454545454544,Waitlist,0.3883085076712336,Waitlist,0.21578203348669367,Gradient Boosting,Waitlist,0.21578203348669367
3046,Admit,0.8301886792452832,Admit,0.5372578151064186,Admit,0.5993216509963624,Gradient Boosting,Admit,0.5993216509963624
3047,Waitlist,0.4905660377358487,Waitlist,0.2987835113005961,Waitlist,0.13802045075628463,Gradient Boosting,Waitlist,0.13802045075628463
3049,Waitlist,0.13461538461538458,Waitlist,0.38178476090308555,Waitlist,0.32659057380095924,Gradient Boosting,Waitlist,0.32659057380095924
3051,Admit,1.0,Admit,0.709585432024458,Admit,0.7369060397224931,Gradient Boosting,Admit,0.7369060397224931
3052,Waitlist,0.3571428571428568,Admit,0.6450031640464311,Admit,0.6318681369880166,Gradient Boosting,Admit,0.6318681369880166
3053,Waitlist,0.027027027027027025,Waitlist,0.2873848385910948,Waitlist,0.17763645212666132,Gradient Boosting,Waitlist,0.17763645212666132
3054,Admit,0.6029411764705921,Admit,0.7726223746183275,Admit,0.8964591830238703,Gradient Boosting,Admit,0.8964591830238703
3055,Waitlist,0.0869565217391304,Waitlist,0.1874793798491483,Waitlist,0.07180716922283335,Gradient Boosting,Waitlist,0.07180716922283335
3056,Waitlist,0.4545454545454544,Waitlist,0.39507448499768394,Waitlist,0.2756826993041732,Gradient Boosting,Waitlist,0.2756826993041732
3057,Admit,0.6029411764705921,Admit,0.6057685645220604,Admit,0.576253466290961,Gradient Boosting,Admit,0.576253466290961
3058,Admit,0.6029411764705921,Admit,0.5789105312208627,Admit,0.6097591536814656,Gradient Boosting,Admit,0.6097591536814656
3059,Waitlist,0.0869565217391304,Waitlist,0.4034014357048446,Waitlist,0.10875175108350592,Gradient Boosting,Waitlist,0.10875175108350592
3060,Waitlist,0.4905660377358487,Waitlist,0.31149813551418487,Waitlist,0.24434558946050672,Gradient Boosting,Waitlist,0.24434558946050672
3061,Admit,1.0,Admit,0.640280829626838,Admit,0.5985680300059681,Gradient Boosting,Admit,0.5985680300059681
3062,Waitlist,0.4905660377358487,Waitlist,0.28946269471934477,Waitlist,0.2053045148185389,Gradient Boosting,Waitlist,0.2053045148185389
3063,Admit,1.0,Waitlist,0.47680530224021045,Admit,0.7991345484555559,Gradient Boosting,Admit,0.7991345484555559
3065,Waitlist,0.3571428571428568,Waitlist,0.4937775501550107,Waitlist,0.40342319478401645,Gradient Boosting,Waitlist,0.40342319478401645
3066,Waitlist,0.027027027027027025,Waitlist,0.429583254201281,Waitlist,0.27449173091230056,Gradient Boosting,Waitlist,0.27449173091230056
3069,Waitlist,0.4905660377358487,Admit,0.5537477709604286,Admit,0.6906593075030499,Gradient Boosting,Admit,0.6906593075030499
3070,Admit,1.0,Admit,0.728904228272375,Admit,0.8993598571430641,Gradient Boosting,Admit,0.8993598571430641
3072,Waitlist,0.14285714285714282,Waitlist,0.4522627711763384,Waitlist,0.25031805172823013,Gradient Boosting,Waitlist,0.25031805172823013
3074,Waitlist,0.14285714285714282,Waitlist,0.25742086156702415,Waitlist,0.11557393854294741,Gradient Boosting,Waitlist,0.11557393854294741
3075,Waitlist,0.4545454545454544,Waitlist,0.31338404444961776,Waitlist,0.2711193018521316,Gradient Boosting,Waitlist,0.2711193018521316
3076,Waitlist,0.027027027027027025,Waitlist,0.3969794608321913,Waitlist,0.16192511593460868,Gradient Boosting,Waitlist,0.16192511593460868
3077,Waitlist,0.23404255319148923,Waitlist,0.4435772119821892,Waitlist,0.4256836204595846,Gradient Boosting,Waitlist,0.4256836204595846
3078,Admit,0.5909090909090908,Waitlist,0.4777385368041385,Waitlist,0.2946739643664449,Gradient Boosting,Waitlist,0.2946739643664449
3079,Waitlist,0.0869565217391304,Waitlist,0.27133335608070397,Waitlist,0.1586818678406339,Gradient Boosting,Waitlist,0.1586818678406339
3080,Waitlist,0.4905660377358487,Waitlist,0.29936272309152845,Waitlist,0.22568440276916873,Gradient Boosting,Waitlist,0.22568440276916873
3081,Admit,0.6029411764705921,Admit,0.5460099439579544,Admit,0.5431525917204916,Gradient Boosting,Admit,0.5431525917204916
3082,Waitlist,0.14285714285714282,Waitlist,0.3154583604300988,Waitlist,0.2593835234868325,Gradient Boosting,Waitlist,0.2593835234868325
3084,Waitlist,0.4545454545454544,Waitlist,0.3453798675551512,Waitlist,0.2772149459909507,Gradient Boosting,Waitlist,0.2772149459909507
3085,Admit,1.0,Waitlist,0.3331889882049252,Admit,0.5088967483328459,Gradient Boosting,Admit,0.5088967483328459
3087,Admit,0.5909090909090908,Admit,0.5287393225784317,Waitlist,0.41898836083634605,Gradient Boosting,Waitlist,0.41898836083634605
3088,Admit,0.625,Admit,0.8164603656990455,Admit,0.7757066314225068,Gradient Boosting,Admit,0.7757066314225068
3089,Admit,1.0,Admit,0.5991818885756114,Admit,0.5051664040564381,Gradient Boosting,Admit,0.5051664040564381
3090,Waitlist,0.4905660377358487,Waitlist,0.44912044156256486,Waitlist,0.36531249747630656,Gradient Boosting,Waitlist,0.36531249747630656
3092,Admit,0.6029411764705921,Admit,0.6379548605501794,Admit,0.6691366793900407,Gradient Boosting,Admit,0.6691366793900407
3093,Admit,1.0,Waitlist,0.32847703824073304,Waitlist,0.43183407358135967,Gradient Boosting,Waitlist,0.43183407358135967
3094,Waitlist,0.23404255319148923,Waitlist,0.4523264897070922,Waitlist,0.21590640433892458,Gradient Boosting,Waitlist,0.21590640433892458
3095,Admit,1.0,Admit,0.7866966032732722,Admit,0.8206107873410008,Gradient Boosting,Admit,0.8206107873410008
3096,Admit,0.6351351351351351,Admit,0.551808423718182,Waitlist,0.45391816721431477,Gradient Boosting,Waitlist,0.45391816721431477
3098,Waitlist,0.027027027027027025,Admit,0.5003749605807153,Waitlist,0.302205742083582,Gradient Boosting,Waitlist,0.302205742083582
3099,Admit,0.6029411764705921,Admit,0.6566147291222406,Admit,0.7821104451117759,Gradient Boosting,Admit,0.7821104451117759
3100,Waitlist,0.13461538461538458,Waitlist,0.26191488753310366,Waitlist,0.21988972834674297,Gradient Boosting,Waitlist,0.21988972834674297
3101,Waitlist,0.4905660377358487,Waitlist,0.4734170891961829,Waitlist,0.44921290200863934,Gradient Boosting,Waitlist,0.44921290200863934
3102,Waitlist,0.4905660377358487,Waitlist,0.40937034729168736,Waitlist,0.35013202119242925,Gradient Boosting,Waitlist,0.35013202119242925
3103,Waitlist,0.027027027027027025,Waitlist,0.38841866163569977,Waitlist,0.25396543786586934,Gradient Boosting,Waitlist,0.25396543786586934
3104,Waitlist,0.4905660377358487,Waitlist,0.4979416612963513,Admit,0.6103281040107329,Gradient Boosting,Admit,0.6103281040107329
3105,Waitlist,0.4905660377358487,Waitlist,0.4185501766709218,Waitlist,0.4352021989674009,Gradient Boosting,Waitlist,0.4352021989674009
3107,Waitlist,0.13461538461538458,Waitlist,0.297448137278408,Waitlist,0.4532837074050704,Gradient Boosting,Waitlist,0.4532837074050704
3108,Waitlist,0.14285714285714282,Waitlist,0.30636821658142477,Waitlist,0.15039862853339836,Gradient Boosting,Waitlist,0.15039862853339836
3109,Waitlist,0.0869565217391304,Waitlist,0.2546442239125964,Waitlist,0.10971462761377271,Gradient Boosting,Waitlist,0.10971462761377271
3110,Waitlist,0.1627906976744185,Admit,0.5332860330741834,Waitlist,0.4830180742849001,Gradient Boosting,Waitlist,0.4830180742849001
3111,Waitlist,0.4545454545454544,Waitlist,0.3797479357793832,Waitlist,0.1785818135602281,Gradient Boosting,Waitlist,0.1785818135602281
3112,Waitlist,0.23404255319148923,Admit,0.5157644441093046,Waitlist,0.3183991048777436,Gradient Boosting,Waitlist,0.3183991048777436
3113,Admit,0.6029411764705921,Admit,0.6459185552743911,Admit,0.6930194720175551,Gradient Boosting,Admit,0.6930194720175551
3114,Admit,1.0,Waitlist,0.46859485296329617,Admit,0.5349332478666687,Gradient Boosting,Admit,0.5349332478666687
3115,Waitlist,0.4905660377358487,Waitlist,0.3986557922632729,Waitlist,0.36943086031481787,Gradient Boosting,Waitlist,0.36943086031481787
3116,Waitlist,0.1627906976744185,Waitlist,0.3644340339928217,Waitlist,0.3137438525196084,Gradient Boosting,Waitlist,0.3137438525196084
3117,Admit,1.0,Admit,0.5229647037433357,Admit,0.8727516260894946,Gradient Boosting,Admit,0.8727516260894946
3118,Waitlist,0.027027027027027025,Waitlist,0.2969210624122992,Waitlist,0.36947706355981774,Gradient Boosting,Waitlist,0.36947706355981774
3119,Waitlist,0.4905660377358487,Waitlist,0.30426959235473916,Waitlist,0.1412713929439608,Gradient Boosting,Waitlist,0.1412713929439608
3120,Waitlist,0.13461538461538458,Waitlist,0.3130261687286839,Waitlist,0.23797124378089746,Gradient Boosting,Waitlist,0.23797124378089746
3121,Waitlist,0.4905660377358487,Waitlist,0.3606777569731357,Waitlist,0.4000251733541237,Gradient Boosting,Waitlist,0.4000251733541237
3122,Admit,1.0,Admit,0.7963418438063092,Admit,0.9301672116770734,Gradient Boosting,Admit,0.9301672116770734
3123,Waitlist,0.13461538461538458,Waitlist,0.3312728113241567,Waitlist,0.24413008704513298,Gradient Boosting,Waitlist,0.24413008704513298
3124,Waitlist,0.13461538461538458,Waitlist,0.3606767291966013,Admit,0.5507553888869577,Gradient Boosting,Admit,0.5507553888869577
3125,Admit,1.0,Admit,0.5778112340939773,Waitlist,0.37112189798123746,Gradient Boosting,Waitlist,0.37112189798123746
3126,Admit,1.0,Admit,0.6278066406639259,Admit,0.5658971439822438,Gradient Boosting,Admit,0.5658971439822438
3127,Admit,0.6351351351351351,Admit,0.6936166827263444,Admit,0.500039397478874,Gradient Boosting,Admit,0.500039397478874
3128,Waitlist,0.0869565217391304,Waitlist,0.3215289397655671,Waitlist,0.10603834614685184,Gradient Boosting,Waitlist,0.10603834614685184
3129,Waitlist,0.13461538461538458,Waitlist,0.3267834223965133,Waitlist,0.2889666092826381,Gradient Boosting,Waitlist,0.2889666092826381
3130,Waitlist,0.4905660377358487,Waitlist,0.4082473185351821,Waitlist,0.3352761175251261,Gradient Boosting,Waitlist,0.3352761175251261
3131,Waitlist,0.13461538461538458,Waitlist,0.3312297055698355,Waitlist,0.1656161807641078,Gradient Boosting,Waitlist,0.1656161807641078
3132,Admit,0.6351351351351351,Admit,0.6045721068829466,Waitlist,0.4633372606475587,Gradient Boosting,Waitlist,0.4633372606475587
3133,Waitlist,0.0869565217391304,Waitlist,0.40221744403982135,Waitlist,0.19840007327865072,Gradient Boosting,Waitlist,0.19840007327865072
3134,Waitlist,0.4545454545454544,Waitlist,0.3626036459253924,Waitlist,0.17017567113108498,Gradient Boosting,Waitlist,0.17017567113108498
3135,Admit,1.0,Waitlist,0.486928425415642,Waitlist,0.4419565432260436,Gradient Boosting,Waitlist,0.4419565432260436
3136,Admit,1.0,Admit,0.7296958492064504,Admit,0.8267983745098687,Gradient Boosting,Admit,0.8267983745098687
3137,Waitlist,0.4905660377358487,Waitlist,0.4361641615509896,Admit,0.5078315636551399,Gradient Boosting,Admit,0.5078315636551399
3138,Waitlist,0.0869565217391304,Waitlist,0.3362235395948743,Waitlist,0.20873315151518163,Gradient Boosting,Waitlist,0.20873315151518163
3139,Admit,0.6029411764705921,Admit,0.5993047601195047,Admit,0.7442992145234287,Gradient Boosting,Admit,0.7442992145234287
3140,Waitlist,0.4905660377358487,Waitlist,0.32083115588206274,Waitlist,0.38764212461697745,Gradient Boosting,Waitlist,0.38764212461697745
3141,Waitlist,0.4905660377358487,Admit,0.5559295424590334,Admit,0.6758250274366759,Gradient Boosting,Admit,0.6758250274366759
3142,Waitlist,0.4905660377358487,Waitlist,0.4772108216174618,Waitlist,0.3247875956555099,Gradient Boosting,Waitlist,0.3247875956555099
3143,Waitlist,0.13461538461538458,Waitlist,0.3311248459851754,Waitlist,0.41291298043027547,Gradient Boosting,Waitlist,0.41291298043027547
3144,Admit,0.6029411764705921,Admit,0.676704584178652,Admit,0.6461484973641247,Gradient Boosting,Admit,0.6461484973641247
3145,Admit,0.6029411764705921,Admit,0.5204601257513045,Admit,0.6433528711754339,Gradient Boosting,Admit,0.6433528711754339
3146,Admit,1.0,Admit,0.6996245177989738,Admit,0.5826043311474846,Gradient Boosting,Admit,0.5826043311474846
3147,Waitlist,0.23404255319148923,Waitlist,0.4662643522795844,Waitlist,0.22118544404547885,Gradient Boosting,Waitlist,0.22118544404547885
3148,Admit,0.6029411764705921,Admit,0.6337106587983293,Admit,0.5647694987248908,Gradient Boosting,Admit,0.5647694987248908
3149,Waitlist,0.4905660377358487,Waitlist,0.2810428077954718,Waitlist,0.20654209695260148,Gradient Boosting,Waitlist,0.20654209695260148
3150,Waitlist,0.4905660377358487,Waitlist,0.4696554615345623,Waitlist,0.41144072189382275,Gradient Boosting,Waitlist,0.41144072189382275
3151,Waitlist,0.4905660377358487,Waitlist,0.3447975155935436,Waitlist,0.31994587695208054,Gradient Boosting,Waitlist,0.31994587695208054
3152,Admit,0.6029411764705921,Admit,0.8195137045684366,Admit,0.9304828634688322,Gradient Boosting,Admit,0.9304828634688322
3154,Waitlist,0.4905660377358487,Waitlist,0.4072530578203898,Waitlist,0.36441991116838,Gradient Boosting,Waitlist,0.36441991116838
3155,Waitlist,0.0869565217391304,Waitlist,0.2843629853245248,Waitlist,0.44369855633232325,Gradient Boosting,Waitlist,0.44369855633232325
3156,Admit,0.6029411764705921,Admit,0.7250647177908284,Admit,0.8212199601664301,Gradient Boosting,Admit,0.8212199601664301
3157,Waitlist,0.0869565217391304,Waitlist,0.2502587111077862,Waitlist,0.0789412880550833,Gradient Boosting,Waitlist,0.0789412880550833
3158,Waitlist,0.4905660377358487,Waitlist,0.4833291226884753,Waitlist,0.33304766581989154,Gradient Boosting,Waitlist,0.33304766581989154
3160,Admit,0.6351351351351351,Admit,0.5620741677036784,Admit,0.5889367031814814,Gradient Boosting,Admit,0.5889367031814814
3161,Waitlist,0.23404255319148923,Waitlist,0.4863716260013473,Waitlist,0.36856959285747165,Gradient Boosting,Waitlist,0.36856959285747165
3163,Waitlist,0.13461538461538458,Waitlist,0.30624263458836265,Waitlist,0.24413008704513298,Gradient Boosting,Waitlist,0.24413008704513298
3164,Waitlist,0.4905660377358487,Admit,0.5206743550313665,Admit,0.5868941789125076,Gradient Boosting,Admit,0.5868941789125076
3165,Admit,1.0,Admit,0.5087912473165364,Admit,0.7844479823260124,Gradient Boosting,Admit,0.7844479823260124
3166,Waitlist,0.0869565217391304,Waitlist,0.3869289379844871,Waitlist,0.16459955328796075,Gradient Boosting,Waitlist,0.16459955328796075
3169,Admit,0.6029411764705921,Admit,0.6633064204485565,Admit,0.6284805752272253,Gradient Boosting,Admit,0.6284805752272253
3171,Admit,0.6351351351351351,Admit,0.656604147403467,Admit,0.5506965989360604,Gradient Boosting,Admit,0.5506965989360604
3173,Waitlist,0.027027027027027025,Waitlist,0.32976864456257693,Waitlist,0.16142647504811738,Gradient Boosting,Waitlist,0.16142647504811738
3174,Admit,1.0,Admit,0.5492200342738224,Admit,0.5621615636137779,Gradient Boosting,Admit,0.5621615636137779
3175,Waitlist,0.027027027027027025,Waitlist,0.41125932098184764,Waitlist,0.27919148754036116,Gradient Boosting,Waitlist,0.27919148754036116
3176,Waitlist,0.027027027027027025,Waitlist,0.299687605162773,Waitlist,0.2066619918032967,Gradient Boosting,Waitlist,0.2066619918032967
3178,Waitlist,0.4545454545454544,Waitlist,0.39669747124899746,Waitlist,0.13473536408836392,Gradient Boosting,Waitlist,0.13473536408836392
3179,Admit,1.0,Admit,0.726639514724129,Admit,0.7104924054269617,Gradient Boosting,Admit,0.7104924054269617
3180,Waitlist,0.4905660377358487,Waitlist,0.3636028059044517,Waitlist,0.32555158851319677,Gradient Boosting,Waitlist,0.32555158851319677
3182,Admit,0.6351351351351351,Waitlist,0.41137193207267214,Waitlist,0.22347142380286358,Gradient Boosting,Waitlist,0.22347142380286358
3183,Waitlist,0.14285714285714282,Waitlist,0.3354704592598163,Waitlist,0.18792268126063483,Gradient Boosting,Waitlist,0.18792268126063483
3186,Waitlist,0.0869565217391304,Waitlist,0.2292637769503762,Waitlist,0.09984414585531849,Gradient Boosting,Waitlist,0.09984414585531849
3187,Admit,0.6351351351351351,Admit,0.5809909924237305,Admit,0.5506965989360604,Gradient Boosting,Admit,0.5506965989360604
3188,Waitlist,0.0869565217391304,Waitlist,0.29200072379952746,Waitlist,0.1990881928853115,Gradient Boosting,Waitlist,0.1990881928853115
3189,Waitlist,0.027027027027027025,Waitlist,0.3079498809918305,Waitlist,0.1711870010497892,Gradient Boosting,Waitlist,0.1711870010497892
3190,Waitlist,0.4905660377358487,Waitlist,0.35997389700399895,Waitlist,0.46751022258864566,Gradient Boosting,Waitlist,0.46751022258864566
3191,Waitlist,0.4905660377358487,Admit,0.5049099696732863,Waitlist,0.4870364065563577,Gradient Boosting,Waitlist,0.4870364065563577
3192,Admit,1.0,Admit,0.5915297194265289,Admit,0.5763159119383879,Gradient Boosting,Admit,0.5763159119383879
3193,Waitlist,0.13461538461538458,Waitlist,0.3546197703562565,Waitlist,0.29576489623390906,Gradient Boosting,Waitlist,0.29576489623390906
3194,Waitlist,0.0869565217391304,Waitlist,0.47399328091826837,Waitlist,0.2022019517707845,Gradient Boosting,Waitlist,0.2022019517707845
3195,Waitlist,0.0869565217391304,Waitlist,0.47312278368041993,Waitlist,0.31401169096304593,Gradient Boosting,Waitlist,0.31401169096304593
3196,Waitlist,0.0869565217391304,Waitlist,0.24729959327141743,Waitlist,0.14231984710552742,Gradient Boosting,Waitlist,0.14231984710552742
3197,Waitlist,0.14285714285714282,Waitlist,0.35947074137249685,Waitlist,0.1529573821063123,Gradient Boosting,Waitlist,0.1529573821063123
3198,Admit,1.0,Waitlist,0.380434303365594,Admit,0.7573149512803928,Gradient Boosting,Admit,0.7573149512803928
3199,Waitlist,0.0869565217391304,Waitlist,0.43639352608113824,Waitlist,0.4243911572205255,Gradient Boosting,Waitlist,0.4243911572205255
3200,Waitlist,0.4545454545454544,Waitlist,0.3324786229333629,Waitlist,0.20191865843730658,Gradient Boosting,Waitlist,0.20191865843730658
3201,Admit,0.6029411764705921,Admit,0.6291516474394584,Admit,0.5315008803400588,Gradient Boosting,Admit,0.5315008803400588
3202,Admit,0.6029411764705921,Admit,0.6683491107353855,Admit,0.853617528192571,Gradient Boosting,Admit,0.853617528192571
3203,Waitlist,0.20588235294117635,Waitlist,0.48093396997957116,Waitlist,0.48738252000042154,Gradient Boosting,Waitlist,0.48738252000042154
3204,Waitlist,0.0869565217391304,Admit,0.5238238464793752,Waitlist,0.363432082103764,Gradient Boosting,Waitlist,0.363432082103764
3205,Waitlist,0.13461538461538458,Waitlist,0.4494481696776335,Admit,0.5117008550070263,Gradient Boosting,Admit,0.5117008550070263
3206,Admit,1.0,Admit,0.7251904108940236,Admit,0.8149277958116237,Gradient Boosting,Admit,0.8149277958116237
3207,Admit,0.6029411764705921,Admit,0.6984748418429464,Admit,0.6530241197930174,Gradient Boosting,Admit,0.6530241197930174
3209,Waitlist,0.0869565217391304,Waitlist,0.3016602798496681,Waitlist,0.07353295488870992,Gradient Boosting,Waitlist,0.07353295488870992
3210,Waitlist,0.4905660377358487,Waitlist,0.35182253091119414,Waitlist,0.2371149148422265,Gradient Boosting,Waitlist,0.2371149148422265
3211,Waitlist,0.13461538461538458,Waitlist,0.35489433427043743,Waitlist,0.2934432942368096,Gradient Boosting,Waitlist,0.2934432942368096
3212,Admit,0.6029411764705921,Admit,0.8463255482263943,Admit,0.8237235137824723,Gradient Boosting,Admit,0.8237235137824723
3213,Waitlist,0.13461538461538458,Waitlist,0.40765699814861667,Waitlist,0.4399383277444611,Gradient Boosting,Waitlist,0.4399383277444611
3214,Waitlist,0.0869565217391304,Waitlist,0.3480623200732982,Waitlist,0.12283708717285556,Gradient Boosting,Waitlist,0.12283708717285556
3216,Admit,0.6029411764705921,Admit,0.706635404670867,Admit,0.8563572558297552,Gradient Boosting,Admit,0.8563572558297552
3217,Waitlist,0.4545454545454544,Waitlist,0.381622923294627,Waitlist,0.18690980524438797,Gradient Boosting,Waitlist,0.18690980524438797
3218,Waitlist,0.13461538461538458,Waitlist,0.4857790886708898,Admit,0.6430381014168516,Gradient Boosting,Admit,0.6430381014168516
3220,Admit,0.6029411764705921,Admit,0.7453951073860253,Admit,0.7169490275459574,Gradient Boosting,Admit,0.7169490275459574
3221,Admit,1.0,Waitlist,0.33083347430122284,Admit,0.6081592558540788,Gradient Boosting,Admit,0.6081592558540788
3223,Waitlist,0.0869565217391304,Waitlist,0.36002410519681677,Waitlist,0.36609176699453827,Gradient Boosting,Waitlist,0.36609176699453827
3224,Admit,0.6029411764705921,Admit,0.5434368941811675,Waitlist,0.3735332477630309,Gradient Boosting,Waitlist,0.3735332477630309
3226,Waitlist,0.4905660377358487,Waitlist,0.49373931987513997,Waitlist,0.38434637093153173,Gradient Boosting,Waitlist,0.38434637093153173
3228,Admit,0.6029411764705921,Admit,0.7238016809277283,Admit,0.8327797265259328,Gradient Boosting,Admit,0.8327797265259328
3229,Admit,0.8301886792452832,Admit,0.5191695935836447,Admit,0.5006981678428574,Gradient Boosting,Admit,0.5006981678428574
3230,Waitlist,0.13461538461538458,Waitlist,0.1910459979635466,Waitlist,0.16457233963754495,Gradient Boosting,Waitlist,0.16457233963754495
3231,Admit,0.6029411764705921,Admit,0.7564140714199483,Admit,0.8017590588385344,Gradient Boosting,Admit,0.8017590588385344
3232,Admit,1.0,Admit,0.7503815142557295,Admit,0.7562225764145455,Gradient Boosting,Admit,0.7562225764145455
3233,Waitlist,0.14285714285714282,Waitlist,0.3174618283859792,Waitlist,0.12793741893342195,Gradient Boosting,Waitlist,0.12793741893342195
3234,Admit,1.0,Waitlist,0.44904721680696547,Admit,0.6516746971931338,Gradient Boosting,Admit,0.6516746971931338
3235,Waitlist,0.4905660377358487,Waitlist,0.3295803144379289,Waitlist,0.31098640581717657,Gradient Boosting,Waitlist,0.31098640581717657
3236,Admit,0.6351351351351351,Waitlist,0.4313467310821991,Admit,0.6385118905545387,Gradient Boosting,Admit,0.6385118905545387
3237,Waitlist,0.13461538461538458,Waitlist,0.35731316319112383,Waitlist,0.49686207626641066,Gradient Boosting,Waitlist,0.49686207626641066
3238,Waitlist,0.4905660377358487,Waitlist,0.44200591050380267,Waitlist,0.37817072669527774,Gradient Boosting,Waitlist,0.37817072669527774
3240,Admit,0.6351351351351351,Admit,0.5307609556639511,Waitlist,0.43699978903086895,Gradient Boosting,Waitlist,0.43699978903086895
3241,Admit,0.6351351351351351,Admit,0.6481602573988193,Waitlist,0.47466711886858676,Gradient Boosting,Waitlist,0.47466711886858676
3242,Waitlist,0.23404255319148923,Waitlist,0.44608969130755827,Waitlist,0.3649662706446768,Gradient Boosting,Waitlist,0.3649662706446768
3243,Waitlist,0.027027027027027025,Waitlist,0.3124592489915648,Waitlist,0.1323968163034191,Gradient Boosting,Waitlist,0.1323968163034191
3244,Waitlist,0.23404255319148923,Waitlist,0.39353396116895817,Waitlist,0.34436213566012536,Gradient Boosting,Waitlist,0.34436213566012536
3245,Waitlist,0.23404255319148923,Waitlist,0.43978175870500924,Waitlist,0.4808372174488892,Gradient Boosting,Waitlist,0.4808372174488892
3246,Waitlist,0.027027027027027025,Waitlist,0.2893154395581753,Waitlist,0.1900069865601674,Gradient Boosting,Waitlist,0.1900069865601674
3247,Waitlist,0.0869565217391304,Waitlist,0.3314386869270835,Waitlist,0.25842160995356456,Gradient Boosting,Waitlist,0.25842160995356456
3248,Waitlist,0.027027027027027025,Waitlist,0.3701087409244784,Waitlist,0.27569747887784896,Gradient Boosting,Waitlist,0.27569747887784896
3249,Admit,1.0,Admit,0.5608409597436826,Admit,0.8171497744290769,Gradient Boosting,Admit,0.8171497744290769
3250,Waitlist,0.23404255319148923,Admit,0.5604360378044797,Waitlist,0.3955128723316616,Gradient Boosting,Waitlist,0.3955128723316616
3251,Admit,1.0,Waitlist,0.3856187434931768,Waitlist,0.46707692706940923,Gradient Boosting,Waitlist,0.46707692706940923
3252,Admit,0.8301886792452832,Admit,0.7106376957111562,Admit,0.6072076052327825,Gradient Boosting,Admit,0.6072076052327825
3257,Waitlist,0.4545454545454544,Waitlist,0.36348266460167117,Waitlist,0.13904352769022432,Gradient Boosting,Waitlist,0.13904352769022432
3258,Admit,0.8301886792452832,Admit,0.7263227284325492,Admit,0.6391816599030988,Gradient Boosting,Admit,0.6391816599030988
3259,Waitlist,0.0869565217391304,Waitlist,0.40410192564129915,Waitlist,0.20721167926204706,Gradient Boosting,Waitlist,0.20721167926204706
3260,Admit,0.8301886792452832,Admit,0.6605089596090014,Admit,0.6160205797828152,Gradient Boosting,Admit,0.6160205797828152
3261,Waitlist,0.20588235294117635,Waitlist,0.4543069519184658,Waitlist,0.4482095058177112,Gradient Boosting,Waitlist,0.4482095058177112
3262,Waitlist,0.13461538461538458,Waitlist,0.322108984976952,Waitlist,0.29576489623390906,Gradient Boosting,Waitlist,0.29576489623390906
3263,Admit,0.6029411764705921,Admit,0.6718424675913034,Admit,0.6450387817518133,Gradient Boosting,Admit,0.6450387817518133
3264,Admit,1.0,Admit,0.7061432431183129,Admit,0.5767545645528652,Gradient Boosting,Admit,0.5767545645528652
3266,Waitlist,0.0869565217391304,Waitlist,0.24685365017194036,Waitlist,0.05342774418639921,Gradient Boosting,Waitlist,0.05342774418639921
3267,Admit,0.6029411764705921,Admit,0.7879769889871361,Admit,0.7500077901757051,Gradient Boosting,Admit,0.7500077901757051
3268,Waitlist,0.23404255319148923,Waitlist,0.44973246044722687,Waitlist,0.3759928029212943,Gradient Boosting,Waitlist,0.3759928029212943
3269,Admit,1.0,Waitlist,0.3745303552579308,Admit,0.6194485897326338,Gradient Boosting,Admit,0.6194485897326338
3270,Waitlist,0.027027027027027025,Waitlist,0.4521380338863929,Waitlist,0.27919148754036116,Gradient Boosting,Waitlist,0.27919148754036116
3271,Admit,0.6029411764705921,Admit,0.5514057551493132,Admit,0.6109460261756379,Gradient Boosting,Admit,0.6109460261756379
3272,Admit,0.6029411764705921,Admit,0.6991272956941379,Admit,0.7800174719703095,Gradient Boosting,Admit,0.7800174719703095
3273,Admit,1.0,Waitlist,0.4817214987794475,Admit,0.6155534223083201,Gradient Boosting,Admit,0.6155534223083201
3274,Waitlist,0.0869565217391304,Waitlist,0.22588331616269414,Waitlist,0.09662693456228445,Gradient Boosting,Waitlist,0.09662693456228445
3275,Waitlist,0.4905660377358487,Waitlist,0.3149583355472372,Waitlist,0.29527467886083925,Gradient Boosting,Waitlist,0.29527467886083925
3276,Waitlist,0.0869565217391304,Waitlist,0.27614019987651023,Waitlist,0.06992174153220132,Gradient Boosting,Waitlist,0.06992174153220132
3277,Waitlist,0.4905660377358487,Waitlist,0.3614438273909518,Waitlist,0.35801204215411214,Gradient Boosting,Waitlist,0.35801204215411214
3278,Admit,0.8301886792452832,Waitlist,0.4011717508332484,Waitlist,0.3912410426782827,Gradient Boosting,Waitlist,0.3912410426782827
3279,Waitlist,0.4905660377358487,Waitlist,0.2842806013408548,Waitlist,0.2170137585245863,Gradient Boosting,Waitlist,0.2170137585245863
3282,Waitlist,0.13461538461538458,Waitlist,0.31681305773405216,Waitlist,0.13928920852242746,Gradient Boosting,Waitlist,0.13928920852242746
3283,Admit,1.0,Admit,0.5222289900627051,Admit,0.7190688287755617,Gradient Boosting,Admit,0.7190688287755617
3284,Waitlist,0.13461538461538458,Waitlist,0.4198725720138459,Waitlist,0.38309965286324965,Gradient Boosting,Waitlist,0.38309965286324965
3285,Admit,0.6351351351351351,Waitlist,0.35036261193034646,Waitlist,0.2433356940592271,Gradient Boosting,Waitlist,0.2433356940592271
3286,Waitlist,0.13461538461538458,Waitlist,0.431548174906597,Waitlist,0.31619052876222803,Gradient Boosting,Waitlist,0.31619052876222803
3287,Waitlist,0.4905660377358487,Waitlist,0.3700203545350392,Waitlist,0.3055523132175385,Gradient Boosting,Waitlist,0.3055523132175385
3288,Waitlist,0.0869565217391304,Waitlist,0.4025081933414676,Waitlist,0.21609490357960182,Gradient Boosting,Waitlist,0.21609490357960182
3289,Admit,0.6351351351351351,Waitlist,0.4441578785529457,Waitlist,0.45106451241927564,Gradient Boosting,Waitlist,0.45106451241927564
3290,Waitlist,0.13461538461538458,Waitlist,0.2998488637591948,Waitlist,0.3826896171156169,Gradient Boosting,Waitlist,0.3826896171156169
3291,Admit,1.0,Waitlist,0.3253015771175877,Waitlist,0.347560748925671,Gradient Boosting,Waitlist,0.347560748925671
3292,Admit,0.6029411764705921,Admit,0.653423101305798,Admit,0.6873762773471042,Gradient Boosting,Admit,0.6873762773471042
3293,Admit,0.625,Admit,0.5213893617185577,Admit,0.7456144772182884,Gradient Boosting,Admit,0.7456144772182884
3294,Waitlist,0.027027027027027025,Waitlist,0.31654094891653245,Waitlist,0.21507329944837528,Gradient Boosting,Waitlist,0.21507329944837528
3295,Admit,1.0,Waitlist,0.41024582131452436,Admit,0.6451979620013099,Gradient Boosting,Admit,0.6451979620013099
3297,Admit,1.0,Waitlist,0.39338679280410777,Admit,0.5899570939656248,Gradient Boosting,Admit,0.5899570939656248
3298,Waitlist,0.4905660377358487,Waitlist,0.4877891798079788,Admit,0.6758250274366759,Gradient Boosting,Admit,0.6758250274366759
3299,Waitlist,0.4545454545454544,Waitlist,0.3587405010296067,Waitlist,0.15615266059970442,Gradient Boosting,Waitlist,0.15615266059970442
3301,Waitlist,0.0869565217391304,Waitlist,0.20918677015341228,Waitlist,0.14488843278029898,Gradient Boosting,Waitlist,0.14488843278029898
3302,Waitlist,0.13461538461538458,Waitlist,0.42410753068691537,Admit,0.5136430355754907,Gradient Boosting,Admit,0.5136430355754907
3303,Admit,1.0,Waitlist,0.4182923216730279,Admit,0.8047916050107887,Gradient Boosting,Admit,0.8047916050107887
3304,Waitlist,0.13461538461538458,Waitlist,0.4353160806026981,Waitlist,0.33187764699204925,Gradient Boosting,Waitlist,0.33187764699204925
3305,Admit,0.6029411764705921,Admit,0.6435061711510892,Admit,0.8041748943228498,Gradient Boosting,Admit,0.8041748943228498
3306,Admit,0.6029411764705921,Admit,0.7341733308079628,Admit,0.617409341193829,Gradient Boosting,Admit,0.617409341193829
3307,Admit,0.6029411764705921,Admit,0.5718456126041874,Admit,0.576253466290961,Gradient Boosting,Admit,0.576253466290961
3308,Admit,1.0,Waitlist,0.46778737318590324,Admit,0.5364468849396147,Gradient Boosting,Admit,0.5364468849396147
3311,Admit,0.6351351351351351,Admit,0.5047309964434402,Waitlist,0.49656422196470923,Gradient Boosting,Waitlist,0.49656422196470923
3312,Admit,0.5909090909090908,Waitlist,0.47067235292840354,Waitlist,0.4426343060733346,Gradient Boosting,Waitlist,0.4426343060733346
3313,Waitlist,0.027027027027027025,Waitlist,0.34169618131535096,Waitlist,0.25133373148825905,Gradient Boosting,Waitlist,0.25133373148825905
3314,Waitlist,0.4905660377358487,Waitlist,0.34567406367672543,Waitlist,0.39175439852480565,Gradient Boosting,Waitlist,0.39175439852480565
3315,Waitlist,0.23404255319148923,Waitlist,0.3686054490484208,Waitlist,0.37902156658717473,Gradient Boosting,Waitlist,0.37902156658717473
3316,Waitlist,0.13461538461538458,Waitlist,0.3980234907539108,Waitlist,0.3789784656950992,Gradient Boosting,Waitlist,0.3789784656950992
3317,Waitlist,0.0869565217391304,Waitlist,0.3484842482603116,Waitlist,0.14369314634801897,Gradient Boosting,Waitlist,0.14369314634801897
3318,Admit,1.0,Waitlist,0.3087936865691556,Waitlist,0.3278250852160101,Gradient Boosting,Waitlist,0.3278250852160101
3319,Waitlist,0.23404255319148923,Admit,0.5013059670213994,Waitlist,0.38871295885231666,Gradient Boosting,Waitlist,0.38871295885231666
3320,Waitlist,0.13461538461538458,Waitlist,0.45911119484988433,Waitlist,0.3518804633842575,Gradient Boosting,Waitlist,0.3518804633842575
3321,Admit,0.625,Admit,0.6321203733074308,Admit,0.5658971439822438,Gradient Boosting,Admit,0.5658971439822438
3322,Waitlist,0.0869565217391304,Waitlist,0.2565217045085401,Waitlist,0.11751755071654749,Gradient Boosting,Waitlist,0.11751755071654749
3323,Waitlist,0.4545454545454544,Waitlist,0.3393790395287299,Waitlist,0.2738836581932238,Gradient Boosting,Waitlist,0.2738836581932238
3324,Waitlist,0.37931034482758613,Admit,0.7532643834706859,Admit,0.7220430930710552,Gradient Boosting,Admit,0.7220430930710552
3325,Waitlist,0.13461538461538458,Waitlist,0.32378462690376286,Waitlist,0.35925647694670887,Gradient Boosting,Waitlist,0.35925647694670887
3326,Admit,1.0,Waitlist,0.3736376718907613,Admit,0.5719654366516976,Gradient Boosting,Admit,0.5719654366516976
3328,Waitlist,0.4905660377358487,Waitlist,0.3576438439729966,Waitlist,0.2748929483305696,Gradient Boosting,Waitlist,0.2748929483305696
3329,Waitlist,0.0869565217391304,Waitlist,0.1968190549088069,Waitlist,0.04625044205366286,Gradient Boosting,Waitlist,0.04625044205366286
3330,Waitlist,0.13461538461538458,Waitlist,0.35571181646490224,Waitlist,0.38309965286324965,Gradient Boosting,Waitlist,0.38309965286324965
3331,Waitlist,0.0869565217391304,Waitlist,0.4366472169177904,Waitlist,0.3791166634247161,Gradient Boosting,Waitlist,0.3791166634247161
3332,Waitlist,0.20588235294117635,Waitlist,0.44047026404376327,Waitlist,0.4125813320054218,Gradient Boosting,Waitlist,0.4125813320054218
3333,Admit,1.0,Waitlist,0.44348924860587696,Admit,0.7692795335325893,Gradient Boosting,Admit,0.7692795335325893
3334,Waitlist,0.0869565217391304,Waitlist,0.23878994626337682,Waitlist,0.12664578504930463,Gradient Boosting,Waitlist,0.12664578504930463
3335,Admit,0.6029411764705921,Waitlist,0.4423626054980186,Admit,0.516452126031469,Gradient Boosting,Admit,0.516452126031469
3336,Waitlist,0.4545454545454544,Waitlist,0.421116838393685,Waitlist,0.21728306402886632,Gradient Boosting,Waitlist,0.21728306402886632
3337,Waitlist,0.4905660377358487,Waitlist,0.3310447873977998,Waitlist,0.27983707434506705,Gradient Boosting,Waitlist,0.27983707434506705
3338,Waitlist,0.4905660377358487,Waitlist,0.4839189821468534,Waitlist,0.35801204215411214,Gradient Boosting,Waitlist,0.35801204215411214
3339,Waitlist,0.4905660377358487,Waitlist,0.3380944149180282,Waitlist,0.4237308875669459,Gradient Boosting,Waitlist,0.4237308875669459
3340,Waitlist,0.13461538461538458,Waitlist,0.31864906476766397,Waitlist,0.20159510539898826,Gradient Boosting,Waitlist,0.20159510539898826
3343,Admit,0.6029411764705921,Admit,0.615000042792581,Waitlist,0.48278935668478157,Gradient Boosting,Waitlist,0.48278935668478157
3344,Admit,0.6351351351351351,Waitlist,0.3656130904695905,Waitlist,0.385921345762009,Gradient Boosting,Waitlist,0.385921345762009
3346,Admit,1.0,Waitlist,0.3437202765783791,Admit,0.5604246329036429,Gradient Boosting,Admit,0.5604246329036429
3347,Waitlist,0.1627906976744185,Waitlist,0.4750229569548233,Admit,0.6163071676438366,Gradient Boosting,Admit,0.6163071676438366
3348,Waitlist,0.4905660377358487,Waitlist,0.3610441759479976,Waitlist,0.29582070124572885,Gradient Boosting,Waitlist,0.29582070124572885
3349,Admit,0.6029411764705921,Admit,0.7509864916672199,Admit,0.8528607240030003,Gradient Boosting,Admit,0.8528607240030003
3350,Waitlist,0.4905660377358487,Waitlist,0.3883982403979889,Waitlist,0.31098640581717657,Gradient Boosting,Waitlist,0.31098640581717657
3351,Waitlist,0.4905660377358487,Waitlist,0.278544630281666,Waitlist,0.21970204407766974,Gradient Boosting,Waitlist,0.21970204407766974
3352,Waitlist,0.4905660377358487,Waitlist,0.4812347013009881,Waitlist,0.45449959927100614,Gradient Boosting,Waitlist,0.45449959927100614
3353,Admit,0.6029411764705921,Admit,0.654506136146299,Admit,0.6148583524180179,Gradient Boosting,Admit,0.6148583524180179
3354,Admit,1.0,Waitlist,0.3188463521185551,Waitlist,0.4725656601653669,Gradient Boosting,Waitlist,0.4725656601653669
3355,Waitlist,0.3571428571428571,Waitlist,0.3420870595932956,Waitlist,0.39340727933634634,Gradient Boosting,Waitlist,0.39340727933634634
3356,Admit,1.0,Waitlist,0.2633291347856357,Waitlist,0.24318493608246614,Gradient Boosting,Waitlist,0.24318493608246614
3357,Admit,0.6351351351351351,Waitlist,0.3043890648552427,Waitlist,0.33511588675105675,Gradient Boosting,Waitlist,0.33511588675105675
3358,Waitlist,0.4905660377358487,Waitlist,0.40380459850427936,Waitlist,0.375655708808915,Gradient Boosting,Waitlist,0.375655708808915
3359,Admit,1.0,Waitlist,0.3692788722462241,Admit,0.6797967693293916,Gradient Boosting,Admit,0.6797967693293916
3361,Waitlist,0.4545454545454544,Waitlist,0.287337397755171,Waitlist,0.15118489727326348,Gradient Boosting,Waitlist,0.15118489727326348
3363,Waitlist,0.4905660377358487,Waitlist,0.3819689341562507,Waitlist,0.3165636735886363,Gradient Boosting,Waitlist,0.3165636735886363
3365,Waitlist,0.4545454545454544,Waitlist,0.33113625039728484,Waitlist,0.14718704672560234,Gradient Boosting,Waitlist,0.14718704672560234
3366,Admit,1.0,Waitlist,0.3802988058786763,Waitlist,0.46745263434181067,Gradient Boosting,Waitlist,0.46745263434181067
3367,Waitlist,0.4905660377358487,Waitlist,0.3030768072696302,Waitlist,0.11936965411893982,Gradient Boosting,Waitlist,0.11936965411893982
3368,Waitlist,0.0869565217391304,Waitlist,0.3108461526911215,Waitlist,0.15338524067035936,Gradient Boosting,Waitlist,0.15338524067035936
3369,Waitlist,0.4905660377358487,Waitlist,0.35312186649426697,Waitlist,0.17928833512421455,Gradient Boosting,Waitlist,0.17928833512421455
3370,Admit,1.0,Admit,0.5042762912075663,Admit,0.6656635026418674,Gradient Boosting,Admit,0.6656635026418674
3371,Waitlist,0.027027027027027025,Admit,0.5365186113472425,Waitlist,0.2587767842716918,Gradient Boosting,Waitlist,0.2587767842716918
3372,Admit,0.8301886792452832,Admit,0.6658645311304884,Admit,0.6729347517854558,Gradient Boosting,Admit,0.6729347517854558
3373,Waitlist,0.13461538461538458,Waitlist,0.4171318889793287,Waitlist,0.22466007526852225,Gradient Boosting,Waitlist,0.22466007526852225
3374,Admit,0.5909090909090908,Waitlist,0.4288153218176545,Waitlist,0.23552896222979136,Gradient Boosting,Waitlist,0.23552896222979136
3375,Waitlist,0.13461538461538458,Waitlist,0.343822396447567,Waitlist,0.3511684843906472,Gradient Boosting,Waitlist,0.3511684843906472
3376,Admit,0.6029411764705921,Admit,0.7411389486025302,Admit,0.7154553715051128,Gradient Boosting,Admit,0.7154553715051128
3377,Waitlist,0.20588235294117635,Waitlist,0.39737761528428056,Waitlist,0.365404071638008,Gradient Boosting,Waitlist,0.365404071638008
3378,Admit,0.6029411764705921,Admit,0.6164793463616932,Admit,0.5817731230562048,Gradient Boosting,Admit,0.5817731230562048
3379,Waitlist,0.37931034482758613,Admit,0.8182018525188572,Admit,0.8631456475949736,Gradient Boosting,Admit,0.8631456475949736
3381,Waitlist,0.4545454545454544,Waitlist,0.3758394704322534,Waitlist,0.30014839711392133,Gradient Boosting,Waitlist,0.30014839711392133
3382,Waitlist,0.027027027027027025,Waitlist,0.4407120509518251,Waitlist,0.2699249045247383,Gradient Boosting,Waitlist,0.2699249045247383
3383,Waitlist,0.23404255319148923,Waitlist,0.4331365607812981,Waitlist,0.2433373927641738,Gradient Boosting,Waitlist,0.2433373927641738
3384,Waitlist,0.13461538461538458,Waitlist,0.34512500845213845,Waitlist,0.4532837074050704,Gradient Boosting,Waitlist,0.4532837074050704
3385,Waitlist,0.4905660377358487,Waitlist,0.442249063529862,Waitlist,0.4151865167095542,Gradient Boosting,Waitlist,0.4151865167095542
3386,Waitlist,0.4905660377358487,Waitlist,0.43240488181058095,Waitlist,0.34270363765276063,Gradient Boosting,Waitlist,0.34270363765276063
3387,Admit,1.0,Waitlist,0.316710931299466,Waitlist,0.3710657165762804,Gradient Boosting,Waitlist,0.3710657165762804
3388,Admit,0.6029411764705921,Waitlist,0.4548664645976305,Admit,0.5104376833647591,Gradient Boosting,Admit,0.5104376833647591
3389,Waitlist,0.0869565217391304,Waitlist,0.2067963094891191,Waitlist,0.07148498128826905,Gradient Boosting,Waitlist,0.07148498128826905
3390,Waitlist,0.4545454545454544,Waitlist,0.324701972517707,Waitlist,0.18297465206514907,Gradient Boosting,Waitlist,0.18297465206514907
3391,Admit,1.0,Waitlist,0.40049293665875,Waitlist,0.41709808228234846,Gradient Boosting,Waitlist,0.41709808228234846
3392,Waitlist,0.4545454545454544,Waitlist,0.31323405144421745,Waitlist,0.17501725890631734,Gradient Boosting,Waitlist,0.17501725890631734
3393,Waitlist,0.027027027027027025,Waitlist,0.45808106819386685,Waitlist,0.32123310603808936,Gradient Boosting,Waitlist,0.32123310603808936
3395,Waitlist,0.23404255319148923,Admit,0.5983852997049841,Admit,0.5117208206715805,Gradient Boosting,Admit,0.5117208206715805
3396,Waitlist,0.13461538461538458,Waitlist,0.3860590008578723,Admit,0.5563402906372333,Gradient Boosting,Admit,0.5563402906372333
3398,Admit,1.0,Admit,0.6796253374547508,Admit,0.8115019406909673,Gradient Boosting,Admit,0.8115019406909673
3399,Waitlist,0.4905660377358487,Waitlist,0.3249584270178485,Waitlist,0.24552084578813788,Gradient Boosting,Waitlist,0.24552084578813788
3400,Waitlist,0.23404255319148923,Waitlist,0.3685543664033489,Waitlist,0.3261812452935534,Gradient Boosting,Waitlist,0.3261812452935534
3401,Admit,0.6029411764705921,Admit,0.8212443070018303,Admit,0.9275247427508964,Gradient Boosting,Admit,0.9275247427508964
3402,Admit,1.0,Waitlist,0.3603132257383962,Admit,0.6478013150407997,Gradient Boosting,Admit,0.6478013150407997
3403,Waitlist,0.0869565217391304,Waitlist,0.30698879072444174,Waitlist,0.1275282450424842,Gradient Boosting,Waitlist,0.1275282450424842
3404,Admit,0.6029411764705921,Admit,0.8064240694803008,Admit,0.8446481477893644,Gradient Boosting,Admit,0.8446481477893644
3405,Admit,0.6029411764705921,Admit,0.7251358765416402,Admit,0.8109603049810271,Gradient Boosting,Admit,0.8109603049810271
3406,Admit,1.0,Waitlist,0.48818823409781725,Admit,0.6776739569098487,Gradient Boosting,Admit,0.6776739569098487
3407,Admit,1.0,Admit,0.6850160922896336,Admit,0.7362224132911546,Gradient Boosting,Admit,0.7362224132911546
3408,Waitlist,0.13461538461538458,Waitlist,0.3141922793210812,Waitlist,0.21126825944580585,Gradient Boosting,Waitlist,0.21126825944580585
3412,Admit,1.0,Waitlist,0.29931403922956346,Waitlist,0.347560748925671,Gradient Boosting,Waitlist,0.347560748925671
3413,Waitlist,0.4905660377358487,Waitlist,0.4463508183873513,Waitlist,0.4426351936477736,Gradient Boosting,Waitlist,0.4426351936477736
3414,Waitlist,0.4905660377358487,Waitlist,0.33475576158144243,Waitlist,0.34503596203639286,Gradient Boosting,Waitlist,0.34503596203639286
3415,Admit,0.6351351351351351,Waitlist,0.44524444767245247,Admit,0.5675333309168326,Gradient Boosting,Admit,0.5675333309168326
3416,Waitlist,0.13461538461538458,Waitlist,0.2734883299798511,Waitlist,0.26645791294287846,Gradient Boosting,Waitlist,0.26645791294287846
3417,Admit,1.0,Waitlist,0.2342366894310858,Waitlist,0.39745891577587317,Gradient Boosting,Waitlist,0.39745891577587317
3418,Admit,0.6029411764705921,Admit,0.7630125452214581,Admit,0.7185064479510823,Gradient Boosting,Admit,0.7185064479510823
3419,Waitlist,0.13461538461538458,Waitlist,0.38319019068985066,Admit,0.558317027145334,Gradient Boosting,Admit,0.558317027145334
3420,Waitlist,0.1627906976744185,Waitlist,0.25355053517870196,Waitlist,0.2420794421884877,Gradient Boosting,Waitlist,0.2420794421884877
3421,Admit,0.6029411764705921,Admit,0.682049493024243,Admit,0.7086261751890024,Gradient Boosting,Admit,0.7086261751890024
3422,Admit,1.0,Admit,0.6849495296032021,Admit,0.6742369025842462,Gradient Boosting,Admit,0.6742369025842462
3423,Waitlist,0.027027027027027025,Waitlist,0.2860521647315425,Waitlist,0.22008877891143835,Gradient Boosting,Waitlist,0.22008877891143835
3424,Waitlist,0.3571428571428568,Admit,0.5949947903907038,Admit,0.5556397234990543,Gradient Boosting,Admit,0.5556397234990543
3425,Waitlist,0.027027027027027025,Waitlist,0.35342024300428593,Waitlist,0.12342893033117452,Gradient Boosting,Waitlist,0.12342893033117452
3426,Admit,0.6029411764705921,Admit,0.5989266682144554,Admit,0.568264538267818,Gradient Boosting,Admit,0.568264538267818
3427,Waitlist,0.4905660377358487,Waitlist,0.3360732245206989,Waitlist,0.32432384331835523,Gradient Boosting,Waitlist,0.32432384331835523
3428,Waitlist,0.13461538461538458,Waitlist,0.3544052921959919,Waitlist,0.3226683989694357,Gradient Boosting,Waitlist,0.3226683989694357
3429,Waitlist,0.14285714285714282,Waitlist,0.3982540558884536,Waitlist,0.4944870794398016,Gradient Boosting,Waitlist,0.4944870794398016
3430,Admit,1.0,Waitlist,0.35333979062647786,Admit,0.5660081189681311,Gradient Boosting,Admit,0.5660081189681311
3431,Admit,0.6029411764705921,Admit,0.536886203467558,Admit,0.5261121698307155,Gradient Boosting,Admit,0.5261121698307155
3432,Admit,0.6351351351351351,Admit,0.5372211386761417,Waitlist,0.47172457376893173,Gradient Boosting,Waitlist,0.47172457376893173
3433,Admit,1.0,Admit,0.6648550197644919,Admit,0.6669099119363686,Gradient Boosting,Admit,0.6669099119363686
3434,Waitlist,0.027027027027027025,Admit,0.5043894517671765,Waitlist,0.28914131329544734,Gradient Boosting,Waitlist,0.28914131329544734
3435,Admit,0.6351351351351351,Waitlist,0.4789306478927192,Admit,0.6108555121451971,Gradient Boosting,Admit,0.6108555121451971
3436,Waitlist,0.14285714285714282,Waitlist,0.3768087452060696,Waitlist,0.2826654807602268,Gradient Boosting,Waitlist,0.2826654807602268
3437,Waitlist,0.0869565217391304,Waitlist,0.2501227625544605,Waitlist,0.1875065699563706,Gradient Boosting,Waitlist,0.1875065699563706
3438,Admit,0.5909090909090908,Admit,0.5312935116300069,Waitlist,0.46570424377675657,Gradient Boosting,Waitlist,0.46570424377675657
3439,Waitlist,0.4905660377358487,Waitlist,0.38024806694840135,Waitlist,0.4842539751058248,Gradient Boosting,Waitlist,0.4842539751058248
3440,Admit,0.8301886792452832,Admit,0.6015572108326885,Admit,0.8297241287861172,Gradient Boosting,Admit,0.8297241287861172
3441,Admit,1.0,Admit,0.5096745129711171,Admit,0.725377464077164,Gradient Boosting,Admit,0.725377464077164
3442,Waitlist,0.4905660377358487,Admit,0.5396403119564138,Admit,0.7030858028604653,Gradient Boosting,Admit,0.7030858028604653
3445,Admit,1.0,Waitlist,0.39136024465545244,Admit,0.5667352712841706,Gradient Boosting,Admit,0.5667352712841706
3447,Waitlist,0.4905660377358487,Waitlist,0.28817468571281757,Waitlist,0.1881570203026743,Gradient Boosting,Waitlist,0.1881570203026743
3448,Admit,1.0,Waitlist,0.3857053437066887,Admit,0.6665418262237561,Gradient Boosting,Admit,0.6665418262237561
3449,Waitlist,0.4545454545454544,Waitlist,0.4729739425440788,Waitlist,0.35218024462032327,Gradient Boosting,Waitlist,0.35218024462032327
3451,Admit,1.0,Waitlist,0.4960063486329916,Admit,0.6516746971931338,Gradient Boosting,Admit,0.6516746971931338
3452,Admit,0.5909090909090908,Admit,0.5799635457077769,Admit,0.5196353480196887,Gradient Boosting,Admit,0.5196353480196887
3453,Waitlist,0.0869565217391304,Waitlist,0.30392905823769617,Waitlist,0.4282715280640684,Gradient Boosting,Waitlist,0.4282715280640684
3454,Admit,0.6029411764705921,Admit,0.6178818186841607,Admit,0.6160205797828152,Gradient Boosting,Admit,0.6160205797828152
3455,Admit,1.0,Waitlist,0.36483993305869294,Admit,0.5013990307164929,Gradient Boosting,Admit,0.5013990307164929
3456,Admit,1.0,Admit,0.548797998994245,Admit,0.5985680300059681,Gradient Boosting,Admit,0.5985680300059681
3457,Waitlist,0.13461538461538458,Waitlist,0.3292050139620742,Waitlist,0.26781462079128077,Gradient Boosting,Waitlist,0.26781462079128077
3459,Waitlist,0.4905660377358487,Waitlist,0.3429569503881603,Waitlist,0.47969226683538857,Gradient Boosting,Waitlist,0.47969226683538857
3460,Admit,0.6029411764705921,Admit,0.7022871158920437,Admit,0.6134949789996719,Gradient Boosting,Admit,0.6134949789996719
3461,Waitlist,0.4905660377358487,Waitlist,0.30802606481430156,Waitlist,0.2743136927629791,Gradient Boosting,Waitlist,0.2743136927629791
3462,Admit,1.0,Waitlist,0.36938232088953143,Admit,0.6349027352183836,Gradient Boosting,Admit,0.6349027352183836
3464,Waitlist,0.4905660377358487,Waitlist,0.28625866873340033,Waitlist,0.24434558946050672,Gradient Boosting,Waitlist,0.24434558946050672
3465,Admit,1.0,Waitlist,0.32115733562376414,Waitlist,0.35624744178298556,Gradient Boosting,Waitlist,0.35624744178298556
3466,Waitlist,0.1627906976744185,Waitlist,0.3401140716797132,Waitlist,0.3298326561082134,Gradient Boosting,Waitlist,0.3298326561082134
3467,Waitlist,0.0869565217391304,Waitlist,0.422595225328676,Waitlist,0.46692457336410204,Gradient Boosting,Waitlist,0.46692457336410204
3468,Waitlist,0.3571428571428568,Admit,0.5309437511729208,Waitlist,0.39797348956998135,Gradient Boosting,Waitlist,0.39797348956998135
3469,Waitlist,0.0869565217391304,Waitlist,0.4952912954273975,Waitlist,0.21251250326759466,Gradient Boosting,Waitlist,0.21251250326759466
3470,Waitlist,0.3571428571428571,Waitlist,0.43434657911913804,Waitlist,0.41738476484913567,Gradient Boosting,Waitlist,0.41738476484913567
3471,Waitlist,0.4905660377358487,Waitlist,0.49885695081565085,Admit,0.5484051610202414,Gradient Boosting,Admit,0.5484051610202414
3472,Waitlist,0.13461538461538458,Waitlist,0.37956385614125615,Waitlist,0.37750360712287184,Gradient Boosting,Waitlist,0.37750360712287184
3473,Admit,1.0,Waitlist,0.3068116944306606,Admit,0.5505079063238789,Gradient Boosting,Admit,0.5505079063238789
3474,Waitlist,0.0869565217391304,Waitlist,0.32372363944538385,Waitlist,0.07828922618064411,Gradient Boosting,Waitlist,0.07828922618064411
3475,Admit,1.0,Waitlist,0.42645472628401526,Waitlist,0.4493100908243703,Gradient Boosting,Waitlist,0.4493100908243703
3476,Waitlist,0.23404255319148923,Waitlist,0.4928971102770913,Waitlist,0.41368994747660276,Gradient Boosting,Waitlist,0.41368994747660276
3477,Waitlist,0.0869565217391304,Waitlist,0.3977933886602426,Waitlist,0.16192511593460868,Gradient Boosting,Waitlist,0.16192511593460868
3478,Waitlist,0.13461538461538458,Waitlist,0.4689072382405226,Waitlist,0.3157097221550335,Gradient Boosting,Waitlist,0.3157097221550335
3479,Waitlist,0.4905660377358487,Waitlist,0.35473813087790346,Waitlist,0.1412713929439608,Gradient Boosting,Waitlist,0.1412713929439608
3480,Admit,1.0,Waitlist,0.338216845719733,Waitlist,0.39925774266226893,Gradient Boosting,Waitlist,0.39925774266226893
3481,Waitlist,0.4545454545454544,Waitlist,0.34155548684255577,Waitlist,0.4178527766245406,Gradient Boosting,Waitlist,0.4178527766245406
3482,Admit,1.0,Waitlist,0.452498165813851,Admit,0.5032560600823315,Gradient Boosting,Admit,0.5032560600823315
3483,Admit,0.8301886792452832,Admit,0.5707309273496851,Admit,0.5594462662945126,Gradient Boosting,Admit,0.5594462662945126
3484,Admit,0.6029411764705921,Admit,0.7086003174282971,Admit,0.6167188579625803,Gradient Boosting,Admit,0.6167188579625803
3485,Waitlist,0.23404255319148923,Admit,0.5811183540143126,Admit,0.5511330741626047,Gradient Boosting,Admit,0.5511330741626047
3488,Waitlist,0.13461538461538458,Waitlist,0.32890203946252566,Waitlist,0.2608434590341857,Gradient Boosting,Waitlist,0.2608434590341857
3489,Waitlist,0.3571428571428571,Admit,0.5312481862211883,Admit,0.6563241269313712,Gradient Boosting,Admit,0.6563241269313712
3490,Waitlist,0.4905660377358487,Waitlist,0.3682768162516241,Waitlist,0.32555158851319677,Gradient Boosting,Waitlist,0.32555158851319677
3491,Waitlist,0.13461538461538458,Waitlist,0.33753490780414697,Waitlist,0.3059101589069649,Gradient Boosting,Waitlist,0.3059101589069649
3492,Admit,0.8301886792452832,Admit,0.6907704401028728,Admit,0.6729347517854558,Gradient Boosting,Admit,0.6729347517854558
3493,Waitlist,0.4545454545454544,Waitlist,0.32474324677475874,Waitlist,0.13689864690059905,Gradient Boosting,Waitlist,0.13689864690059905
3494,Admit,1.0,Admit,0.5977357644093594,Admit,0.601039643432232,Gradient Boosting,Admit,0.601039643432232
3496,Waitlist,0.0869565217391304,Waitlist,0.41653456227167485,Waitlist,0.1886442557539562,Gradient Boosting,Waitlist,0.1886442557539562
3497,Admit,1.0,Admit,0.5184796748117051,Admit,0.5140426929784011,Gradient Boosting,Admit,0.5140426929784011
3498,Waitlist,0.4905660377358487,Waitlist,0.3600137347692764,Waitlist,0.4352021989674009,Gradient Boosting,Waitlist,0.4352021989674009
3499,Waitlist,0.13461538461538458,Waitlist,0.3363334016222945,Waitlist,0.36885237143110394,Gradient Boosting,Waitlist,0.36885237143110394
3500,Admit,0.6351351351351351,Admit,0.5701979402799523,Waitlist,0.4757279308591157,Gradient Boosting,Waitlist,0.4757279308591157
3501,Admit,0.6029411764705921,Admit,0.6980620250469872,Admit,0.7478536614676973,Gradient Boosting,Admit,0.7478536614676973
3502,Waitlist,0.4905660377358487,Admit,0.5659999223244878,Admit,0.8436188746636057,Gradient Boosting,Admit,0.8436188746636057
3503,Waitlist,0.027027027027027025,Waitlist,0.37406171472254784,Waitlist,0.21529287338612543,Gradient Boosting,Waitlist,0.21529287338612543
3504,Waitlist,0.20588235294117635,Admit,0.5349483907014045,Waitlist,0.4730385496629126,Gradient Boosting,Waitlist,0.4730385496629126
3505,Waitlist,0.14285714285714282,Waitlist,0.32574132733939953,Waitlist,0.11454963935389449,Gradient Boosting,Waitlist,0.11454963935389449
3507,Admit,1.0,Waitlist,0.3953041791367419,Waitlist,0.4338401124060393,Gradient Boosting,Waitlist,0.4338401124060393
3508,Waitlist,0.3571428571428568,Admit,0.5355462234263627,Waitlist,0.38723376818327,Gradient Boosting,Waitlist,0.38723376818327
3509,Waitlist,0.23404255319148923,Admit,0.5123077687367701,Waitlist,0.3838840153926879,Gradient Boosting,Waitlist,0.3838840153926879
3510,Waitlist,0.13461538461538458,Waitlist,0.45204132219339643,Admit,0.6994788825762893,Gradient Boosting,Admit,0.6994788825762893
3511,Waitlist,0.13461538461538458,Waitlist,0.4495153732324937,Waitlist,0.4900254406491041,Gradient Boosting,Waitlist,0.4900254406491041
3512,Waitlist,0.4905660377358487,Waitlist,0.4533624243576012,Admit,0.5326310828936942,Gradient Boosting,Admit,0.5326310828936942
3513,Waitlist,0.13461538461538458,Waitlist,0.31981628388120537,Waitlist,0.2949770554989389,Gradient Boosting,Waitlist,0.2949770554989389
3514,Waitlist,0.23404255319148923,Waitlist,0.44760350737547433,Waitlist,0.3763219988360818,Gradient Boosting,Waitlist,0.3763219988360818
3515,Waitlist,0.3571428571428568,Admit,0.6031667020504857,Admit,0.6674127083580811,Gradient Boosting,Admit,0.6674127083580811
3517,Waitlist,0.0869565217391304,Waitlist,0.45508585712418304,Waitlist,0.49508844692634424,Gradient Boosting,Waitlist,0.49508844692634424
3518,Admit,0.6351351351351351,Admit,0.53668362072858,Admit,0.6514400223195677,Gradient Boosting,Admit,0.6514400223195677
3519,Waitlist,0.027027027027027025,Waitlist,0.42549056522487405,Waitlist,0.2951015170124245,Gradient Boosting,Waitlist,0.2951015170124245
3520,Admit,0.6029411764705921,Admit,0.8075545143433716,Admit,0.7636958064276129,Gradient Boosting,Admit,0.7636958064276129
3521,Waitlist,0.13461538461538458,Waitlist,0.338062043977539,Waitlist,0.2934432942368096,Gradient Boosting,Waitlist,0.2934432942368096
3522,Waitlist,0.4905660377358487,Waitlist,0.40468636888440157,Waitlist,0.4185457212671763,Gradient Boosting,Waitlist,0.4185457212671763
3523,Admit,0.6351351351351351,Admit,0.6035967383350803,Waitlist,0.3368283973904431,Gradient Boosting,Waitlist,0.3368283973904431
3524,Waitlist,0.027027027027027025,Waitlist,0.4436000947675317,Waitlist,0.2523104037250698,Gradient Boosting,Waitlist,0.2523104037250698
3525,Admit,1.0,Waitlist,0.4517927491870846,Admit,0.7844479823260124,Gradient Boosting,Admit,0.7844479823260124
3526,Waitlist,0.1627906976744185,Waitlist,0.44389909077201223,Waitlist,0.3775290137168998,Gradient Boosting,Waitlist,0.3775290137168998
3527,Waitlist,0.13461538461538458,Waitlist,0.34234335138321664,Waitlist,0.17092935651508362,Gradient Boosting,Waitlist,0.17092935651508362
3528,Waitlist,0.0869565217391304,Waitlist,0.26997331751228315,Waitlist,0.15070221811235912,Gradient Boosting,Waitlist,0.15070221811235912
3529,Waitlist,0.14285714285714282,Waitlist,0.37017920443837093,Waitlist,0.468993949212135,Gradient Boosting,Waitlist,0.468993949212135
3530,Waitlist,0.0869565217391304,Waitlist,0.38533264745787854,Waitlist,0.20777432249114963,Gradient Boosting,Waitlist,0.20777432249114963
3531,Waitlist,0.0869565217391304,Waitlist,0.2718728235588824,Waitlist,0.1296526826031493,Gradient Boosting,Waitlist,0.1296526826031493
3532,Waitlist,0.4905660377358487,Waitlist,0.3905118125512751,Waitlist,0.2748929483305696,Gradient Boosting,Waitlist,0.2748929483305696
3534,Admit,0.6351351351351351,Admit,0.5161433259011502,Waitlist,0.33437331803595577,Gradient Boosting,Waitlist,0.33437331803595577
3535,Admit,1.0,Waitlist,0.4177168784655505,Admit,0.6656635026418674,Gradient Boosting,Admit,0.6656635026418674
3536,Waitlist,0.4905660377358487,Waitlist,0.3580002580625111,Waitlist,0.18511100605701838,Gradient Boosting,Waitlist,0.18511100605701838
3537,Waitlist,0.4905660377358487,Admit,0.5811746144570296,Waitlist,0.4736562977427003,Gradient Boosting,Waitlist,0.4736562977427003
3538,Waitlist,0.4905660377358487,Waitlist,0.44446044735067547,Waitlist,0.34270363765276063,Gradient Boosting,Waitlist,0.34270363765276063
3540,Admit,0.6029411764705921,Admit,0.7956255049627592,Admit,0.6996389551069547,Gradient Boosting,Admit,0.6996389551069547
3541,Waitlist,0.13461538461538458,Waitlist,0.26191488753310366,Waitlist,0.21988972834674297,Gradient Boosting,Waitlist,0.21988972834674297
3542,Waitlist,0.4545454545454544,Waitlist,0.39695593044043503,Waitlist,0.2047545142702919,Gradient Boosting,Waitlist,0.2047545142702919
3543,Waitlist,0.0869565217391304,Waitlist,0.3073756491609097,Waitlist,0.30041119308093284,Gradient Boosting,Waitlist,0.30041119308093284
3544,Waitlist,0.4905660377358487,Admit,0.5628564128728706,Admit,0.50111000528022,Gradient Boosting,Admit,0.50111000528022
3545,Admit,1.0,Waitlist,0.3432740549393786,Waitlist,0.4740705007812423,Gradient Boosting,Waitlist,0.4740705007812423
3547,Waitlist,0.4545454545454544,Waitlist,0.2886067473836954,Waitlist,0.1370490543913392,Gradient Boosting,Waitlist,0.1370490543913392
3548,Waitlist,0.0869565217391304,Waitlist,0.22022166383058875,Waitlist,0.06112853329911076,Gradient Boosting,Waitlist,0.06112853329911076
3549,Waitlist,0.23404255319148923,Waitlist,0.4851856582877526,Waitlist,0.4718883743933477,Gradient Boosting,Waitlist,0.4718883743933477
3550,Admit,1.0,Admit,0.7023248350460709,Admit,0.5948841899633308,Gradient Boosting,Admit,0.5948841899633308
3551,Waitlist,0.23404255319148923,Admit,0.6074812576897121,Admit,0.5598206256442985,Gradient Boosting,Admit,0.5598206256442985
3553,Admit,0.8301886792452832,Admit,0.6966474411796675,Admit,0.6148583524180179,Gradient Boosting,Admit,0.6148583524180179
3554,Waitlist,0.0869565217391304,Waitlist,0.45131312958232495,Waitlist,0.23183479109447905,Gradient Boosting,Waitlist,0.23183479109447905
3555,Waitlist,0.3571428571428568,Waitlist,0.47881349358726955,Waitlist,0.4548488480948904,Gradient Boosting,Waitlist,0.4548488480948904
3556,Admit,1.0,Admit,0.7398268702994892,Admit,0.9074138922839411,Gradient Boosting,Admit,0.9074138922839411
3557,Waitlist,0.4545454545454544,Waitlist,0.36720368730954417,Waitlist,0.3070028850843713,Gradient Boosting,Waitlist,0.3070028850843713
3558,Waitlist,0.13461538461538458,Waitlist,0.39457192434935817,Admit,0.6574327434392107,Gradient Boosting,Admit,0.6574327434392107
3559,Admit,0.6029411764705921,Admit,0.7429859358324535,Admit,0.8227487689594106,Gradient Boosting,Admit,0.8227487689594106
3560,Admit,0.8301886792452832,Admit,0.6218611661396972,Admit,0.6315582099612181,Gradient Boosting,Admit,0.6315582099612181
3561,Waitlist,0.1627906976744185,Waitlist,0.28338929124483536,Waitlist,0.20823593349658917,Gradient Boosting,Waitlist,0.20823593349658917
3562,Waitlist,0.4905660377358487,Admit,0.5024094698916836,Admit,0.5990033706710594,Gradient Boosting,Admit,0.5990033706710594
3563,Waitlist,0.4545454545454544,Waitlist,0.4303425638977631,Waitlist,0.4241672470421905,Gradient Boosting,Waitlist,0.4241672470421905
3564,Waitlist,0.0869565217391304,Waitlist,0.3889413718167353,Waitlist,0.13869271985121245,Gradient Boosting,Waitlist,0.13869271985121245
3565,Waitlist,0.4905660377358487,Waitlist,0.3596793663513992,Waitlist,0.13165885556515253,Gradient Boosting,Waitlist,0.13165885556515253
3566,Waitlist,0.4905660377358487,Waitlist,0.4007727887840537,Waitlist,0.47613023611107885,Gradient Boosting,Waitlist,0.47613023611107885
3567,Admit,0.6029411764705921,Admit,0.7087741634045459,Admit,0.897444857936927,Gradient Boosting,Admit,0.897444857936927
3568,Admit,0.6029411764705921,Admit,0.6852998840125545,Admit,0.6759533462217265,Gradient Boosting,Admit,0.6759533462217265
3569,Waitlist,0.23404255319148923,Waitlist,0.49771073458577586,Admit,0.5330037567612839,Gradient Boosting,Admit,0.5330037567612839
3570,Admit,0.6029411764705921,Admit,0.7430620265671805,Admit,0.7893127324289272,Gradient Boosting,Admit,0.7893127324289272
3572,Waitlist,0.0869565217391304,Waitlist,0.446651919361109,Waitlist,0.3082420315138336,Gradient Boosting,Waitlist,0.3082420315138336
3573,Waitlist,0.027027027027027025,Waitlist,0.30041192282962564,Waitlist,0.12576899225153645,Gradient Boosting,Waitlist,0.12576899225153645
3575,Waitlist,0.23404255319148923,Admit,0.625490691548087,Waitlist,0.45215130413355115,Gradient Boosting,Waitlist,0.45215130413355115
3576,Waitlist,0.0869565217391304,Waitlist,0.27989320598189715,Waitlist,0.09036422553585176,Gradient Boosting,Waitlist,0.09036422553585176
3579,Admit,1.0,Waitlist,0.3384498571877503,Waitlist,0.4447208670333701,Gradient Boosting,Waitlist,0.4447208670333701
3580,Admit,0.6029411764705921,Admit,0.6082866808584104,Admit,0.5148852563669548,Gradient Boosting,Admit,0.5148852563669548
3581,Waitlist,0.23404255319148923,Admit,0.5034486521887088,Admit,0.5454181261717018,Gradient Boosting,Admit,0.5454181261717018
3583,Admit,0.8301886792452832,Admit,0.6641545554220543,Admit,0.6356608055793865,Gradient Boosting,Admit,0.6356608055793865
3584,Admit,1.0,Waitlist,0.345937741200892,Waitlist,0.3790271111752641,Gradient Boosting,Waitlist,0.3790271111752641
3585,Admit,1.0,Admit,0.5292125518799903,Admit,0.5212538032848456,Gradient Boosting,Admit,0.5212538032848456
3586,Admit,1.0,Admit,0.6794706050316254,Admit,0.5760976817674499,Gradient Boosting,Admit,0.5760976817674499
3587,Waitlist,0.4905660377358487,Waitlist,0.45886121007625275,Waitlist,0.3635331861451822,Gradient Boosting,Waitlist,0.3635331861451822
3588,Admit,1.0,Admit,0.7886942011891103,Admit,0.8321194458276183,Gradient Boosting,Admit,0.8321194458276183
3589,Admit,1.0,Admit,0.6270510325360572,Admit,0.6891980874618859,Gradient Boosting,Admit,0.6891980874618859
3590,Waitlist,0.13461538461538458,Waitlist,0.3542366046031839,Waitlist,0.32867263819601555,Gradient Boosting,Waitlist,0.32867263819601555
3591,Admit,1.0,Admit,0.6622469989875107,Admit,0.7778588463703681,Gradient Boosting,Admit,0.7778588463703681
3593,Admit,0.6351351351351351,Waitlist,0.4165744664059689,Waitlist,0.36836289670071787,Gradient Boosting,Waitlist,0.36836289670071787
3595,Waitlist,0.0869565217391304,Waitlist,0.43416657199766023,Waitlist,0.22010790021053067,Gradient Boosting,Waitlist,0.22010790021053067
3596,Waitlist,0.4545454545454544,Waitlist,0.42430031588841166,Waitlist,0.32074581512569345,Gradient Boosting,Waitlist,0.32074581512569345
3597,Waitlist,0.37931034482758613,Admit,0.8115184073902206,Admit,0.9173029001455478,Gradient Boosting,Admit,0.9173029001455478
3599,Admit,1.0,Waitlist,0.2904480213724962,Waitlist,0.2774967775952239,Gradient Boosting,Waitlist,0.2774967775952239
3600,Admit,1.0,Admit,0.5124505530978773,Admit,0.5212538032848456,Gradient Boosting,Admit,0.5212538032848456
3601,Admit,0.6029411764705921,Admit,0.7703090784230983,Admit,0.787397973225231,Gradient Boosting,Admit,0.787397973225231
3602,Waitlist,0.4545454545454544,Admit,0.522401071230266,Waitlist,0.35722100248721916,Gradient Boosting,Waitlist,0.35722100248721916
3603,Waitlist,0.4545454545454544,Waitlist,0.4711869157600833,Admit,0.5360481827823652,Gradient Boosting,Admit,0.5360481827823652
3604,Admit,0.5909090909090908,Admit,0.6014123236188743,Waitlist,0.49674384666915516,Gradient Boosting,Waitlist,0.49674384666915516
3605,Waitlist,0.4905660377358487,Waitlist,0.3585123679354139,Waitlist,0.24504977624038027,Gradient Boosting,Waitlist,0.24504977624038027
3606,Admit,1.0,Waitlist,0.38061605168765583,Admit,0.5880107916391274,Gradient Boosting,Admit,0.5880107916391274
3607,Admit,1.0,Waitlist,0.30243101567173436,Waitlist,0.4929386470459754,Gradient Boosting,Waitlist,0.4929386470459754
3608,Waitlist,0.027027027027027025,Waitlist,0.27899045444526765,Waitlist,0.11744036317564188,Gradient Boosting,Waitlist,0.11744036317564188
3609,Admit,0.6351351351351351,Waitlist,0.4752746784737073,Waitlist,0.34010376309715495,Gradient Boosting,Waitlist,0.34010376309715495
3610,Waitlist,0.4545454545454544,Admit,0.5078875231136073,Admit,0.7242978086620069,Gradient Boosting,Admit,0.7242978086620069
3611,Waitlist,0.0869565217391304,Waitlist,0.4529822115523767,Waitlist,0.39489929670478013,Gradient Boosting,Waitlist,0.39489929670478013
3612,Admit,0.6029411764705921,Admit,0.5816636135047605,Admit,0.5026228072679109,Gradient Boosting,Admit,0.5026228072679109
3614,Waitlist,0.4545454545454544,Waitlist,0.4492724270618198,Admit,0.544368112684208,Gradient Boosting,Admit,0.544368112684208
3615,Waitlist,0.4905660377358487,Waitlist,0.33341558413391426,Waitlist,0.1864328631295948,Gradient Boosting,Waitlist,0.1864328631295948
3617,Admit,0.6029411764705921,Admit,0.6126109679377629,Admit,0.5761453070707501,Gradient Boosting,Admit,0.5761453070707501
3618,Waitlist,0.13461538461538458,Waitlist,0.4073176498895549,Admit,0.7067349493313345,Gradient Boosting,Admit,0.7067349493313345
3619,Waitlist,0.0869565217391304,Waitlist,0.49609148880481724,Waitlist,0.363432082103764,Gradient Boosting,Waitlist,0.363432082103764
3621,Waitlist,0.4905660377358487,Waitlist,0.4201983264974397,Waitlist,0.30167074621914164,Gradient Boosting,Waitlist,0.30167074621914164
3622,Waitlist,0.4545454545454544,Waitlist,0.32780123476201867,Waitlist,0.18614472930461398,Gradient Boosting,Waitlist,0.18614472930461398
3623,Waitlist,0.4905660377358487,Waitlist,0.4626834224124696,Admit,0.5484051610202414,Gradient Boosting,Admit,0.5484051610202414
3624,Waitlist,0.0869565217391304,Waitlist,0.3839639576549363,Waitlist,0.39678577560579054,Gradient Boosting,Waitlist,0.39678577560579054
3625,Waitlist,0.027027027027027025,Waitlist,0.41935956412613395,Waitlist,0.24480300370893796,Gradient Boosting,Waitlist,0.24480300370893796
3626,Waitlist,0.0869565217391304,Waitlist,0.2716469028851168,Waitlist,0.08694493064755641,Gradient Boosting,Waitlist,0.08694493064755641
3627,Waitlist,0.027027027027027025,Waitlist,0.32554325730504935,Waitlist,0.13535041640454026,Gradient Boosting,Waitlist,0.13535041640454026
3628,Waitlist,0.027027027027027025,Waitlist,0.4653424292630563,Waitlist,0.33878629473184646,Gradient Boosting,Waitlist,0.33878629473184646
3629,Waitlist,0.4905660377358487,Waitlist,0.3487987099826259,Waitlist,0.46751022258864566,Gradient Boosting,Waitlist,0.46751022258864566
3630,Waitlist,0.4905660377358487,Waitlist,0.3262572563033186,Waitlist,0.4402028963497359,Gradient Boosting,Waitlist,0.4402028963497359
3631,Admit,1.0,Waitlist,0.4407160527673443,Admit,0.8365086007808362,Gradient Boosting,Admit,0.8365086007808362
3632,Admit,1.0,Admit,0.5915288743528043,Admit,0.5609272252103933,Gradient Boosting,Admit,0.5609272252103933
3633,Waitlist,0.4905660377358487,Waitlist,0.3081436580813957,Waitlist,0.27160300591834885,Gradient Boosting,Waitlist,0.27160300591834885
3635,Admit,1.0,Admit,0.7195998278017115,Admit,0.731578949270789,Gradient Boosting,Admit,0.731578949270789
3636,Admit,0.6351351351351351,Admit,0.5592447992384788,Waitlist,0.4730385496629126,Gradient Boosting,Waitlist,0.4730385496629126
3637,Waitlist,0.13461538461538458,Waitlist,0.4925299595918833,Waitlist,0.4627723684824577,Gradient Boosting,Waitlist,0.4627723684824577
3638,Admit,1.0,Waitlist,0.34825234501741226,Admit,0.6354157007721415,Gradient Boosting,Admit,0.6354157007721415
3639,Admit,1.0,Waitlist,0.34289914521738185,Waitlist,0.25420250401820244,Gradient Boosting,Waitlist,0.25420250401820244
3641,Waitlist,0.13461538461538458,Waitlist,0.32534048090182854,Waitlist,0.30727009791854576,Gradient Boosting,Waitlist,0.30727009791854576
3642,Waitlist,0.0869565217391304,Waitlist,0.32639236927424975,Waitlist,0.2254166534190324,Gradient Boosting,Waitlist,0.2254166534190324
3643,Waitlist,0.027027027027027025,Waitlist,0.3575456025528624,Waitlist,0.19610179118059345,Gradient Boosting,Waitlist,0.19610179118059345
3645,Waitlist,0.027027027027027025,Waitlist,0.22747628673531695,Waitlist,0.0625896488787594,Gradient Boosting,Waitlist,0.0625896488787594
3646,Admit,0.6029411764705921,Admit,0.5104050737103281,Admit,0.5169377181307393,Gradient Boosting,Admit,0.5169377181307393
3647,Waitlist,0.1627906976744185,Waitlist,0.39016605767673923,Waitlist,0.34802498890834715,Gradient Boosting,Waitlist,0.34802498890834715
3648,Admit,0.5909090909090908,Admit,0.5584314165391828,Waitlist,0.4617872639409608,Gradient Boosting,Waitlist,0.4617872639409608
3649,Admit,0.6029411764705921,Admit,0.7580518159471719,Admit,0.8883943251608726,Gradient Boosting,Admit,0.8883943251608726
3650,Waitlist,0.3571428571428571,Waitlist,0.40054447773433927,Waitlist,0.40278752393986744,Gradient Boosting,Waitlist,0.40278752393986744
3651,Waitlist,0.0869565217391304,Waitlist,0.3039769247201187,Waitlist,0.16246163358753565,Gradient Boosting,Waitlist,0.16246163358753565
3652,Admit,1.0,Waitlist,0.3239491090171504,Waitlist,0.36802366954262294,Gradient Boosting,Waitlist,0.36802366954262294
3653,Waitlist,0.0869565217391304,Waitlist,0.3237879787004665,Waitlist,0.32074581512569345,Gradient Boosting,Waitlist,0.32074581512569345
3654,Waitlist,0.13461538461538458,Waitlist,0.34512500845213845,Waitlist,0.4532837074050704,Gradient Boosting,Waitlist,0.4532837074050704
3655,Admit,1.0,Admit,0.7181826222943767,Admit,0.7218593614633879,Gradient Boosting,Admit,0.7218593614633879
3656,Waitlist,0.23404255319148923,Waitlist,0.32804087839544127,Waitlist,0.2693607904150993,Gradient Boosting,Waitlist,0.2693607904150993
3657,Admit,0.6029411764705921,Admit,0.7491405443854604,Admit,0.7302683995513756,Gradient Boosting,Admit,0.7302683995513756
3658,Waitlist,0.4905660377358487,Waitlist,0.3245645976481734,Waitlist,0.19629436006442352,Gradient Boosting,Waitlist,0.19629436006442352
3659,Waitlist,0.0869565217391304,Waitlist,0.36030561026987995,Waitlist,0.12583960750307785,Gradient Boosting,Waitlist,0.12583960750307785
3660,Waitlist,0.13461538461538458,Waitlist,0.41834620154276164,Waitlist,0.340752505497099,Gradient Boosting,Waitlist,0.340752505497099
3662,Admit,0.6029411764705921,Admit,0.8015294108935349,Admit,0.882397774481469,Gradient Boosting,Admit,0.882397774481469
3663,Waitlist,0.0869565217391304,Waitlist,0.29511625175624195,Waitlist,0.05419569606177609,Gradient Boosting,Waitlist,0.05419569606177609
3665,Admit,1.0,Waitlist,0.40737167865160556,Admit,0.5915832751765833,Gradient Boosting,Admit,0.5915832751765833
3666,Admit,1.0,Admit,0.6582526770399715,Admit,0.6669099119363686,Gradient Boosting,Admit,0.6669099119363686
3667,Admit,1.0,Waitlist,0.39896771041442913,Admit,0.8111699389337241,Gradient Boosting,Admit,0.8111699389337241
3668,Waitlist,0.3571428571428568,Waitlist,0.41524902653097573,Waitlist,0.356113176561012,Gradient Boosting,Waitlist,0.356113176561012
3669,Waitlist,0.13461538461538458,Waitlist,0.24588443154374842,Waitlist,0.2741906428158912,Gradient Boosting,Waitlist,0.2741906428158912
3670,Waitlist,0.13461538461538458,Waitlist,0.31032299168333305,Waitlist,0.17225356119840174,Gradient Boosting,Waitlist,0.17225356119840174
3671,Admit,1.0,Waitlist,0.34337766260388897,Waitlist,0.40816760847986144,Gradient Boosting,Waitlist,0.40816760847986144
3672,Waitlist,0.4905660377358487,Waitlist,0.39912283744142024,Waitlist,0.3215527863834572,Gradient Boosting,Waitlist,0.3215527863834572
3673,Admit,0.8301886792452832,Admit,0.6356522493855278,Admit,0.5873916451386847,Gradient Boosting,Admit,0.5873916451386847
3674,Admit,0.5909090909090908,Admit,0.5612994698678657,Waitlist,0.3894608627533733,Gradient Boosting,Waitlist,0.3894608627533733
3675,Admit,1.0,Waitlist,0.37582111809017876,Admit,0.6400943714642212,Gradient Boosting,Admit,0.6400943714642212
3676,Waitlist,0.0869565217391304,Waitlist,0.38738764450179186,Waitlist,0.16037473291393323,Gradient Boosting,Waitlist,0.16037473291393323
3677,Admit,0.5909090909090908,Waitlist,0.4715022106127893,Waitlist,0.3631541794211559,Gradient Boosting,Waitlist,0.3631541794211559
3678,Waitlist,0.37931034482758613,Admit,0.7939438065678462,Admit,0.7921258242947059,Gradient Boosting,Admit,0.7921258242947059
3679,Admit,1.0,Waitlist,0.4649613744510168,Waitlist,0.4891019586382807,Gradient Boosting,Waitlist,0.4891019586382807
3680,Waitlist,0.13461538461538458,Waitlist,0.4416108278895027,Waitlist,0.38309965286324965,Gradient Boosting,Waitlist,0.38309965286324965
3681,Waitlist,0.13461538461538458,Waitlist,0.3527799356749113,Waitlist,0.3185883765912801,Gradient Boosting,Waitlist,0.3185883765912801
3683,Waitlist,0.4905660377358487,Waitlist,0.3719316989844087,Waitlist,0.4402028963497359,Gradient Boosting,Waitlist,0.4402028963497359
3684,Waitlist,0.0869565217391304,Waitlist,0.28524868534757264,Waitlist,0.13689864690059905,Gradient Boosting,Waitlist,0.13689864690059905
3685,Waitlist,0.0869565217391304,Waitlist,0.26610906525722133,Waitlist,0.11047491849716387,Gradient Boosting,Waitlist,0.11047491849716387
3686,Admit,1.0,Admit,0.7425854404996244,Admit,0.8149277958116237,Gradient Boosting,Admit,0.8149277958116237
3687,Waitlist,0.13461538461538458,Waitlist,0.35032569371692207,Waitlist,0.3523205898314088,Gradient Boosting,Waitlist,0.3523205898314088
3688,Waitlist,0.4905660377358487,Waitlist,0.49671098675407516,Waitlist,0.42236969190650187,Gradient Boosting,Waitlist,0.42236969190650187
3689,Waitlist,0.0869565217391304,Waitlist,0.297784482298008,Waitlist,0.17409521241609485,Gradient Boosting,Waitlist,0.17409521241609485
3690,Waitlist,0.4905660377358487,Waitlist,0.41527354305697145,Waitlist,0.4165945164812285,Gradient Boosting,Waitlist,0.4165945164812285
3691,Admit,0.6029411764705921,Admit,0.7697992548709619,Admit,0.8327605957111772,Gradient Boosting,Admit,0.8327605957111772
3692,Waitlist,0.4905660377358487,Waitlist,0.3307696579476901,Waitlist,0.30633803510370167,Gradient Boosting,Waitlist,0.30633803510370167
3693,Admit,0.5909090909090908,Admit,0.5296960310697472,Admit,0.5234021192072467,Gradient Boosting,Admit,0.5234021192072467
3694,Admit,1.0,Admit,0.6286716779674135,Admit,0.6396139102864348,Gradient Boosting,Admit,0.6396139102864348
3695,Admit,0.6029411764705921,Admit,0.5947789625515004,Admit,0.7715289653924898,Gradient Boosting,Admit,0.7715289653924898
3696,Waitlist,0.0869565217391304,Waitlist,0.3892482309591059,Waitlist,0.1955132219225625,Gradient Boosting,Waitlist,0.1955132219225625
3697,Waitlist,0.0869565217391304,Waitlist,0.2877330154320762,Waitlist,0.10322489574657029,Gradient Boosting,Waitlist,0.10322489574657029
3698,Waitlist,0.027027027027027025,Waitlist,0.3129973060510921,Waitlist,0.17735595563909473,Gradient Boosting,Waitlist,0.17735595563909473
3699,Waitlist,0.0869565217391304,Waitlist,0.41967715122293614,Waitlist,0.28035081556934466,Gradient Boosting,Waitlist,0.28035081556934466
3700,Waitlist,0.4905660377358487,Waitlist,0.32224410613863586,Waitlist,0.1486625356314151,Gradient Boosting,Waitlist,0.1486625356314151
3701,Waitlist,0.4905660377358487,Waitlist,0.4493899902364813,Admit,0.5451484228092617,Gradient Boosting,Admit,0.5451484228092617
3702,Admit,1.0,Waitlist,0.36351707147768414,Admit,0.7080899907658033,Gradient Boosting,Admit,0.7080899907658033
3703,Waitlist,0.13461538461538458,Waitlist,0.3757101958036599,Waitlist,0.3652026650090167,Gradient Boosting,Waitlist,0.3652026650090167
3705,Waitlist,0.3571428571428568,Admit,0.5581642529042631,Waitlist,0.3478996448781073,Gradient Boosting,Waitlist,0.3478996448781073
3706,Admit,0.6029411764705921,Admit,0.687946874894425,Admit,0.6911896166257243,Gradient Boosting,Admit,0.6911896166257243
3707,Waitlist,0.0869565217391304,Waitlist,0.2351385426892046,Waitlist,0.19976825291838565,Gradient Boosting,Waitlist,0.19976825291838565
3708,Waitlist,0.4905660377358487,Admit,0.5235881098780619,Waitlist,0.4184152898012304,Gradient Boosting,Waitlist,0.4184152898012304
3709,Waitlist,0.4545454545454544,Waitlist,0.39749759623699904,Waitlist,0.18391807389730627,Gradient Boosting,Waitlist,0.18391807389730627
3710,Waitlist,0.4905660377358487,Admit,0.5237975344467674,Waitlist,0.4652072038690657,Gradient Boosting,Waitlist,0.4652072038690657
3711,Waitlist,0.0869565217391304,Waitlist,0.4337205963818874,Waitlist,0.16411610033242882,Gradient Boosting,Waitlist,0.16411610033242882
3712,Waitlist,0.23404255319148923,Waitlist,0.44936562783412026,Waitlist,0.27434025260512346,Gradient Boosting,Waitlist,0.27434025260512346
3713,Waitlist,0.4545454545454544,Waitlist,0.3291702148790051,Waitlist,0.15810829217868086,Gradient Boosting,Waitlist,0.15810829217868086
3714,Admit,0.6351351351351351,Admit,0.7096392020822269,Admit,0.6835449983671599,Gradient Boosting,Admit,0.6835449983671599
3715,Waitlist,0.027027027027027025,Waitlist,0.3295875517248822,Waitlist,0.21128919787856498,Gradient Boosting,Waitlist,0.21128919787856498
3716,Admit,0.8301886792452832,Admit,0.611101051535921,Admit,0.7242219830068717,Gradient Boosting,Admit,0.7242219830068717
3717,Waitlist,0.20588235294117635,Admit,0.5134188871523007,Waitlist,0.47172457376893173,Gradient Boosting,Waitlist,0.47172457376893173
3718,Waitlist,0.0869565217391304,Waitlist,0.38491941058416085,Waitlist,0.25643482825853947,Gradient Boosting,Waitlist,0.25643482825853947
3719,Admit,1.0,Waitlist,0.301256256430022,Waitlist,0.3887796396662239,Gradient Boosting,Waitlist,0.3887796396662239
3720,Waitlist,0.4905660377358487,Waitlist,0.4655837839697231,Waitlist,0.36943086031481787,Gradient Boosting,Waitlist,0.36943086031481787
3721,Admit,0.8301886792452832,Admit,0.6926139492593567,Admit,0.678530265097523,Gradient Boosting,Admit,0.678530265097523
3722,Admit,0.6029411764705921,Admit,0.7887251769975369,Admit,0.8762134653336441,Gradient Boosting,Admit,0.8762134653336441
3723,Waitlist,0.0869565217391304,Waitlist,0.29145850153857533,Waitlist,0.20639933707004482,Gradient Boosting,Waitlist,0.20639933707004482
3724,Waitlist,0.0869565217391304,Waitlist,0.2049640635375648,Waitlist,0.06335437727261557,Gradient Boosting,Waitlist,0.06335437727261557
3725,Waitlist,0.0869565217391304,Waitlist,0.29350838568019366,Waitlist,0.17307745835300042,Gradient Boosting,Waitlist,0.17307745835300042
3726,Admit,0.6351351351351351,Admit,0.5238401861654042,Waitlist,0.49200655683778843,Gradient Boosting,Waitlist,0.49200655683778843
3727,Waitlist,0.3571428571428571,Admit,0.5309922209350052,Admit,0.5694379115915947,Gradient Boosting,Admit,0.5694379115915947
3728,Waitlist,0.0869565217391304,Waitlist,0.27611123213363875,Waitlist,0.40207929964883504,Gradient Boosting,Waitlist,0.40207929964883504
3729,Waitlist,0.4905660377358487,Waitlist,0.47088993039974375,Waitlist,0.4442563151661682,Gradient Boosting,Waitlist,0.4442563151661682
3730,Admit,1.0,Waitlist,0.37634730031029096,Admit,0.6181633244525868,Gradient Boosting,Admit,0.6181633244525868
3731,Waitlist,0.1627906976744185,Waitlist,0.4136382486512591,Waitlist,0.3409211328256124,Gradient Boosting,Waitlist,0.3409211328256124
3732,Admit,0.8301886792452832,Admit,0.6645388863476919,Admit,0.6214270700952705,Gradient Boosting,Admit,0.6214270700952705
3733,Waitlist,0.0869565217391304,Waitlist,0.3262041267632416,Waitlist,0.20075892718206742,Gradient Boosting,Waitlist,0.20075892718206742
3734,Admit,0.625,Admit,0.6249460689246263,Admit,0.6364226253057168,Gradient Boosting,Admit,0.6364226253057168
3735,Admit,1.0,Waitlist,0.352797140356474,Admit,0.5822463221806603,Gradient Boosting,Admit,0.5822463221806603
3736,Waitlist,0.4905660377358487,Waitlist,0.3721551798687436,Waitlist,0.31466246729086617,Gradient Boosting,Waitlist,0.31466246729086617
3737,Admit,0.6029411764705921,Admit,0.7108500031564515,Admit,0.6621629197537902,Gradient Boosting,Admit,0.6621629197537902
3739,Waitlist,0.0869565217391304,Waitlist,0.44889372123229226,Waitlist,0.28542386747489634,Gradient Boosting,Waitlist,0.28542386747489634
3740,Waitlist,0.13461538461538458,Waitlist,0.38283488175724256,Waitlist,0.30278386476209657,Gradient Boosting,Waitlist,0.30278386476209657
3741,Waitlist,0.4905660377358487,Waitlist,0.47485726089017866,Waitlist,0.4499820017256865,Gradient Boosting,Waitlist,0.4499820017256865
3742,Admit,0.6029411764705921,Admit,0.7555362445175323,Admit,0.7281533881124772,Gradient Boosting,Admit,0.7281533881124772
3743,Waitlist,0.0869565217391304,Waitlist,0.3709057720979389,Waitlist,0.3720679906546729,Gradient Boosting,Waitlist,0.3720679906546729
3744,Waitlist,0.23404255319148923,Admit,0.5466015501206606,Waitlist,0.48033633848666396,Gradient Boosting,Waitlist,0.48033633848666396
3745,Waitlist,0.14285714285714282,Waitlist,0.4293826633848128,Waitlist,0.14349410550632424,Gradient Boosting,Waitlist,0.14349410550632424
3746,Admit,1.0,Admit,0.8472958258586395,Admit,0.9240758669961482,Gradient Boosting,Admit,0.9240758669961482
3748,Waitlist,0.13461538461538458,Waitlist,0.45116705526883777,Waitlist,0.3582434763879527,Gradient Boosting,Waitlist,0.3582434763879527
3750,Waitlist,0.4905660377358487,Waitlist,0.30018051818574865,Waitlist,0.15662313120511687,Gradient Boosting,Waitlist,0.15662313120511687
3751,Admit,1.0,Admit,0.6813765471178056,Admit,0.7218593614633879,Gradient Boosting,Admit,0.7218593614633879
3752,Waitlist,0.0869565217391304,Admit,0.5304264457833185,Waitlist,0.392226904892752,Gradient Boosting,Waitlist,0.392226904892752
3753,Admit,0.6029411764705921,Admit,0.518382224754183,Admit,0.5431525917204916,Gradient Boosting,Admit,0.5431525917204916
3754,Admit,1.0,Waitlist,0.32115733562376414,Waitlist,0.35624744178298556,Gradient Boosting,Waitlist,0.35624744178298556
3755,Waitlist,0.0869565217391304,Waitlist,0.23388083784123584,Waitlist,0.12317152336997246,Gradient Boosting,Waitlist,0.12317152336997246
3756,Waitlist,0.4905660377358487,Waitlist,0.4450741134510977,Waitlist,0.36943086031481787,Gradient Boosting,Waitlist,0.36943086031481787
3757,Waitlist,0.4905660377358487,Waitlist,0.33022392820426905,Waitlist,0.24552084578813788,Gradient Boosting,Waitlist,0.24552084578813788
3758,Admit,1.0,Admit,0.6633174743325408,Admit,0.646002623546149,Gradient Boosting,Admit,0.646002623546149
3759,Waitlist,0.027027027027027025,Waitlist,0.3638479095555546,Waitlist,0.1864914990143371,Gradient Boosting,Waitlist,0.1864914990143371
3761,Waitlist,0.20588235294117635,Admit,0.5658935465550291,Admit,0.5558429573586774,Gradient Boosting,Admit,0.5558429573586774
3763,Admit,0.6029411764705921,Admit,0.8233202431290694,Admit,0.9176772077622833,Gradient Boosting,Admit,0.9176772077622833
3765,Waitlist,0.4905660377358487,Waitlist,0.48838716399997073,Admit,0.5868941789125076,Gradient Boosting,Admit,0.5868941789125076
3766,Waitlist,0.027027027027027025,Waitlist,0.2798363453842957,Waitlist,0.2365234770744051,Gradient Boosting,Waitlist,0.2365234770744051
3767,Waitlist,0.4905660377358487,Waitlist,0.3379931218737553,Waitlist,0.3913875354990874,Gradient Boosting,Waitlist,0.3913875354990874
3768,Admit,0.6351351351351351,Admit,0.5809538335565007,Waitlist,0.3924626778759612,Gradient Boosting,Waitlist,0.3924626778759612
3769,Waitlist,0.027027027027027025,Waitlist,0.28248663992854617,Waitlist,0.21220791628899463,Gradient Boosting,Waitlist,0.21220791628899463
3770,Admit,0.6029411764705921,Admit,0.6441361293822493,Admit,0.5811889243583093,Gradient Boosting,Admit,0.5811889243583093
3771,Admit,1.0,Waitlist,0.3183728840550891,Waitlist,0.347560748925671,Gradient Boosting,Waitlist,0.347560748925671
3772,Waitlist,0.3571428571428568,Waitlist,0.3800858672571496,Waitlist,0.3795237036442382,Gradient Boosting,Waitlist,0.3795237036442382
3773,Waitlist,0.0869565217391304,Waitlist,0.3600129079619897,Waitlist,0.17266351557810908,Gradient Boosting,Waitlist,0.17266351557810908
3774,Waitlist,0.13461538461538458,Waitlist,0.4563154306366849,Admit,0.547099185340701,Gradient Boosting,Admit,0.547099185340701
3775,Waitlist,0.027027027027027025,Waitlist,0.24084247666212613,Waitlist,0.1452881716261029,Gradient Boosting,Waitlist,0.1452881716261029
3776,Waitlist,0.23404255319148923,Admit,0.572061210544972,Waitlist,0.4887023975841313,Gradient Boosting,Waitlist,0.4887023975841313
3778,Waitlist,0.4905660377358487,Waitlist,0.458303120458647,Waitlist,0.35681517103252997,Gradient Boosting,Waitlist,0.35681517103252997
3779,Waitlist,0.0869565217391304,Waitlist,0.2895361543459292,Waitlist,0.11047491849716387,Gradient Boosting,Waitlist,0.11047491849716387
3782,Waitlist,0.027027027027027025,Waitlist,0.23728776560034565,Waitlist,0.18511876981452347,Gradient Boosting,Waitlist,0.18511876981452347
3783,Waitlist,0.4905660377358487,Admit,0.5265311351137173,Admit,0.574181776657351,Gradient Boosting,Admit,0.574181776657351
3785,Waitlist,0.4905660377358487,Waitlist,0.27668113054409865,Waitlist,0.18398091336585834,Gradient Boosting,Waitlist,0.18398091336585834
3786,Admit,0.6351351351351351,Waitlist,0.4980124818911635,Admit,0.5056941274521014,Gradient Boosting,Admit,0.5056941274521014
3787,Waitlist,0.20588235294117635,Admit,0.5897132604382819,Admit,0.6160557312979351,Gradient Boosting,Admit,0.6160557312979351
3788,Admit,1.0,Waitlist,0.3238883553248452,Admit,0.5549660348472364,Gradient Boosting,Admit,0.5549660348472364
3789,Admit,0.6029411764705921,Admit,0.5835587687306972,Waitlist,0.48601022571265906,Gradient Boosting,Waitlist,0.48601022571265906
3790,Waitlist,0.027027027027027025,Waitlist,0.26867664562742327,Waitlist,0.1768262141770114,Gradient Boosting,Waitlist,0.1768262141770114
3791,Waitlist,0.0869565217391304,Waitlist,0.4147192771024468,Waitlist,0.26931286683659167,Gradient Boosting,Waitlist,0.26931286683659167
3793,Waitlist,0.13461538461538458,Waitlist,0.47261222133677905,Admit,0.5117008550070263,Gradient Boosting,Admit,0.5117008550070263
3794,Admit,0.6029411764705921,Admit,0.567351873540813,Admit,0.6252366009280508,Gradient Boosting,Admit,0.6252366009280508
3795,Waitlist,0.13461538461538458,Waitlist,0.42592157942417896,Waitlist,0.48311557499173335,Gradient Boosting,Waitlist,0.48311557499173335
3796,Waitlist,0.027027027027027025,Waitlist,0.3249190703197995,Waitlist,0.16246163358753565,Gradient Boosting,Waitlist,0.16246163358753565
3797,Admit,1.0,Admit,0.6155591066528012,Admit,0.5302979827085531,Gradient Boosting,Admit,0.5302979827085531
3798,Admit,0.6029411764705921,Admit,0.6933837527010681,Admit,0.6759544417726511,Gradient Boosting,Admit,0.6759544417726511
3801,Admit,1.0,Admit,0.5933290712089655,Admit,0.6669099119363686,Gradient Boosting,Admit,0.6669099119363686
3802,Waitlist,0.027027027027027025,Waitlist,0.24354802770921163,Waitlist,0.16673734727320713,Gradient Boosting,Waitlist,0.16673734727320713
3803,Admit,0.6029411764705921,Admit,0.7915845162118315,Admit,0.9117789299803216,Gradient Boosting,Admit,0.9117789299803216
3804,Admit,0.5909090909090908,Waitlist,0.46722951482632263,Waitlist,0.31381426953476715,Gradient Boosting,Waitlist,0.31381426953476715
3806,Waitlist,0.4905660377358487,Waitlist,0.3332131894400693,Waitlist,0.2951056410422317,Gradient Boosting,Waitlist,0.2951056410422317
3807,Waitlist,0.4905660377358487,Waitlist,0.35669869464152903,Waitlist,0.43257940938013156,Gradient Boosting,Waitlist,0.43257940938013156
3808,Admit,0.6029411764705921,Admit,0.7276370817780204,Admit,0.6459669246024679,Gradient Boosting,Admit,0.6459669246024679
3809,Admit,1.0,Waitlist,0.3184205195295521,Waitlist,0.36802366954262294,Gradient Boosting,Waitlist,0.36802366954262294
3810,Waitlist,0.3571428571428568,Admit,0.6706744585671459,Admit,0.5668497898459982,Gradient Boosting,Admit,0.5668497898459982
3811,Admit,1.0,Waitlist,0.31936430681656003,Waitlist,0.347560748925671,Gradient Boosting,Waitlist,0.347560748925671
3812,Admit,0.6029411764705921,Admit,0.6269620494321553,Admit,0.653695033195211,Gradient Boosting,Admit,0.653695033195211
3813,Waitlist,0.4545454545454544,Waitlist,0.363950697498637,Waitlist,0.16192511593460868,Gradient Boosting,Waitlist,0.16192511593460868
3814,Admit,0.6029411764705921,Admit,0.6597844054698798,Admit,0.6173806005268129,Gradient Boosting,Admit,0.6173806005268129
3815,Waitlist,0.23404255319148923,Waitlist,0.4502117489094915,Waitlist,0.22780767025972748,Gradient Boosting,Waitlist,0.22780767025972748
3816,Waitlist,0.027027027027027025,Waitlist,0.4317576549589481,Waitlist,0.2286851793048436,Gradient Boosting,Waitlist,0.2286851793048436
3817,Waitlist,0.0869565217391304,Waitlist,0.35915761410261726,Waitlist,0.18271708257741281,Gradient Boosting,Waitlist,0.18271708257741281
3818,Admit,1.0,Admit,0.7188863908432009,Admit,0.7517348387500357,Gradient Boosting,Admit,0.7517348387500357
3819,Waitlist,0.13461538461538458,Waitlist,0.3937484389334207,Waitlist,0.3703729674320823,Gradient Boosting,Waitlist,0.3703729674320823
3820,Admit,0.6029411764705921,Admit,0.655051079539283,Admit,0.580063257318733,Gradient Boosting,Admit,0.580063257318733
3821,Waitlist,0.4905660377358487,Waitlist,0.3436573447657715,Waitlist,0.28787892154734573,Gradient Boosting,Waitlist,0.28787892154734573
3822,Waitlist,0.4545454545454544,Waitlist,0.481558537749293,Waitlist,0.25139817538708775,Gradient Boosting,Waitlist,0.25139817538708775
3823,Admit,0.6029411764705921,Admit,0.7247625566497949,Admit,0.7786973200398393,Gradient Boosting,Admit,0.7786973200398393
3824,Waitlist,0.14285714285714282,Waitlist,0.21672270806799782,Waitlist,0.08404739928738639,Gradient Boosting,Waitlist,0.08404739928738639
3825,Waitlist,0.4905660377358487,Waitlist,0.46869246197024933,Waitlist,0.3991728596030731,Gradient Boosting,Waitlist,0.3991728596030731
3826,Waitlist,0.4905660377358487,Waitlist,0.328536685295501,Waitlist,0.1412713929439608,Gradient Boosting,Waitlist,0.1412713929439608
3827,Waitlist,0.4545454545454544,Waitlist,0.31347401679795583,Waitlist,0.2982599642968522,Gradient Boosting,Waitlist,0.2982599642968522
3828,Waitlist,0.4905660377358487,Admit,0.5434086952114076,Admit,0.5568470700544369,Gradient Boosting,Admit,0.5568470700544369
3829,Waitlist,0.13461538461538458,Waitlist,0.36042118661447275,Waitlist,0.29884978224813474,Gradient Boosting,Waitlist,0.29884978224813474
3830,Waitlist,0.4905660377358487,Waitlist,0.40314318664572907,Waitlist,0.3215527863834572,Gradient Boosting,Waitlist,0.3215527863834572
3831,Waitlist,0.4905660377358487,Waitlist,0.48838930352303456,Admit,0.5964819759665927,Gradient Boosting,Admit,0.5964819759665927
3832,Waitlist,0.14285714285714282,Waitlist,0.3879690006296012,Waitlist,0.25482229206884743,Gradient Boosting,Waitlist,0.25482229206884743
3833,Waitlist,0.0869565217391304,Waitlist,0.44662857788645366,Waitlist,0.24225880622103796,Gradient Boosting,Waitlist,0.24225880622103796
3835,Admit,1.0,Waitlist,0.455199687056012,Waitlist,0.49810211617342487,Gradient Boosting,Waitlist,0.49810211617342487
3838,Waitlist,0.3571428571428568,Waitlist,0.49377573526924834,Admit,0.5178900105658724,Gradient Boosting,Admit,0.5178900105658724
3839,Waitlist,0.027027027027027025,Waitlist,0.3732836611329249,Waitlist,0.2741603995887988,Gradient Boosting,Waitlist,0.2741603995887988
3840,Admit,1.0,Waitlist,0.3212218696446731,Waitlist,0.3887796396662239,Gradient Boosting,Waitlist,0.3887796396662239
3841,Admit,0.5909090909090908,Admit,0.5201245850802384,Admit,0.5236862549278417,Gradient Boosting,Admit,0.5236862549278417
3842,Admit,1.0,Admit,0.5847786815260303,Admit,0.5041422565643449,Gradient Boosting,Admit,0.5041422565643449
3843,Admit,1.0,Waitlist,0.3900457815525789,Admit,0.8365086007808362,Gradient Boosting,Admit,0.8365086007808362
3844,Waitlist,0.13461538461538458,Waitlist,0.36996176433072797,Waitlist,0.3014016912746567,Gradient Boosting,Waitlist,0.3014016912746567
3845,Waitlist,0.4545454545454544,Admit,0.5102375373388451,Waitlist,0.37383089908642325,Gradient Boosting,Waitlist,0.37383089908642325
3846,Admit,0.6351351351351351,Admit,0.5026241496367989,Waitlist,0.32438125446532046,Gradient Boosting,Waitlist,0.32438125446532046
3847,Admit,0.6029411764705921,Admit,0.6557253200972399,Admit,0.6148583524180179,Gradient Boosting,Admit,0.6148583524180179
3848,Waitlist,0.13461538461538458,Waitlist,0.3541115631736301,Waitlist,0.2412061792216486,Gradient Boosting,Waitlist,0.2412061792216486
3849,Waitlist,0.0869565217391304,Waitlist,0.4666508806634264,Waitlist,0.2000486550321224,Gradient Boosting,Waitlist,0.2000486550321224
3850,Admit,0.6029411764705921,Admit,0.5133548369217286,Waitlist,0.3710411456027825,Gradient Boosting,Waitlist,0.3710411456027825
3851,Waitlist,0.23404255319148923,Waitlist,0.45128955992154146,Waitlist,0.3122617585744213,Gradient Boosting,Waitlist,0.3122617585744213
3852,Admit,0.6351351351351351,Admit,0.7278086329560606,Admit,0.8132234079099593,Gradient Boosting,Admit,0.8132234079099593
3853,Waitlist,0.0869565217391304,Waitlist,0.41435815796715575,Waitlist,0.2995939881091903,Gradient Boosting,Waitlist,0.2995939881091903
3854,Waitlist,0.13461538461538458,Waitlist,0.4147943649374896,Waitlist,0.34593336017381504,Gradient Boosting,Waitlist,0.34593336017381504
3855,Waitlist,0.1627906976744185,Waitlist,0.3468115366101771,Waitlist,0.37583163614969706,Gradient Boosting,Waitlist,0.37583163614969706
3856,Admit,1.0,Waitlist,0.4394801240666472,Admit,0.6338138564254819,Gradient Boosting,Admit,0.6338138564254819
3857,Waitlist,0.4905660377358487,Waitlist,0.40071892873615916,Waitlist,0.36201498384915926,Gradient Boosting,Waitlist,0.36201498384915926
3858,Admit,0.8301886792452832,Admit,0.6353702240657596,Admit,0.6148583524180179,Gradient Boosting,Admit,0.6148583524180179
3859,Waitlist,0.1627906976744185,Waitlist,0.3019055751420817,Waitlist,0.31283115896690583,Gradient Boosting,Waitlist,0.31283115896690583
3860,Waitlist,0.027027027027027025,Waitlist,0.42839101591367484,Waitlist,0.24558313874909574,Gradient Boosting,Waitlist,0.24558313874909574
3861,Admit,0.6029411764705921,Admit,0.5261571503712427,Waitlist,0.45746071243105896,Gradient Boosting,Waitlist,0.45746071243105896
3863,Waitlist,0.0869565217391304,Waitlist,0.42757394639701185,Waitlist,0.21958389161723726,Gradient Boosting,Waitlist,0.21958389161723726
3864,Waitlist,0.23404255319148923,Admit,0.576525622715824,Admit,0.8772197064742713,Gradient Boosting,Admit,0.8772197064742713
3865,Waitlist,0.14285714285714282,Waitlist,0.3330595010639358,Waitlist,0.23971301857112767,Gradient Boosting,Waitlist,0.23971301857112767
3866,Waitlist,0.23404255319148923,Waitlist,0.48479685385632415,Waitlist,0.39024839818121765,Gradient Boosting,Waitlist,0.39024839818121765
3867,Waitlist,0.13461538461538458,Waitlist,0.3633586370219395,Waitlist,0.38309965286324965,Gradient Boosting,Waitlist,0.38309965286324965
3868,Waitlist,0.1627906976744185,Waitlist,0.333847202659094,Waitlist,0.36123203809388416,Gradient Boosting,Waitlist,0.36123203809388416
3869,Waitlist,0.4905660377358487,Waitlist,0.3945344543455191,Waitlist,0.2748929483305696,Gradient Boosting,Waitlist,0.2748929483305696
3870,Waitlist,0.23404255319148923,Admit,0.5207856661267252,Waitlist,0.4810124974546629,Gradient Boosting,Waitlist,0.4810124974546629
3871,Admit,0.6351351351351351,Admit,0.6350425679174296,Waitlist,0.40687401039294196,Gradient Boosting,Waitlist,0.40687401039294196
3872,Waitlist,0.027027027027027025,Waitlist,0.3013989226523338,Waitlist,0.17735595563909473,Gradient Boosting,Waitlist,0.17735595563909473
3873,Waitlist,0.4905660377358487,Waitlist,0.4396749784185955,Waitlist,0.39042093968834035,Gradient Boosting,Waitlist,0.39042093968834035
3874,Admit,1.0,Admit,0.7753181560833569,Admit,0.7823921877441465,Gradient Boosting,Admit,0.7823921877441465
3876,Waitlist,0.13461538461538458,Waitlist,0.35757182922226005,Waitlist,0.29576489623390906,Gradient Boosting,Waitlist,0.29576489623390906
3878,Waitlist,0.13461538461538458,Waitlist,0.3392240083715712,Waitlist,0.19525442913924004,Gradient Boosting,Waitlist,0.19525442913924004
3879,Waitlist,0.4905660377358487,Waitlist,0.3704710757182804,Waitlist,0.360818623100487,Gradient Boosting,Waitlist,0.360818623100487
3880,Waitlist,0.13461538461538458,Waitlist,0.324991041810275,Waitlist,0.2608434590341857,Gradient Boosting,Waitlist,0.2608434590341857
3882,Waitlist,0.13461538461538458,Waitlist,0.29113300543724485,Waitlist,0.17303210210043327,Gradient Boosting,Waitlist,0.17303210210043327
3884,Waitlist,0.3571428571428568,Admit,0.5655564110262836,Waitlist,0.42975249920582886,Gradient Boosting,Waitlist,0.42975249920582886
3885,Waitlist,0.20588235294117635,Waitlist,0.481584766178681,Waitlist,0.43269827385665677,Gradient Boosting,Waitlist,0.43269827385665677
3887,Waitlist,0.4905660377358487,Waitlist,0.3569594227177827,Waitlist,0.31619002223396764,Gradient Boosting,Waitlist,0.31619002223396764
3888,Admit,1.0,Admit,0.5430077758094185,Admit,0.5041422565643449,Gradient Boosting,Admit,0.5041422565643449
3889,Waitlist,0.0869565217391304,Admit,0.5176990134009488,Waitlist,0.3463975237295568,Gradient Boosting,Waitlist,0.3463975237295568
3891,Waitlist,0.13461538461538458,Waitlist,0.38227548034882247,Waitlist,0.29576489623390906,Gradient Boosting,Waitlist,0.29576489623390906
3892,Admit,1.0,Admit,0.6350193141964103,Waitlist,0.43543304218214524,Gradient Boosting,Waitlist,0.43543304218214524
3893,Admit,1.0,Admit,0.5544310907904635,Admit,0.5368849561735459,Gradient Boosting,Admit,0.5368849561735459
3894,Waitlist,0.4905660377358487,Waitlist,0.45265705979639326,Waitlist,0.3693707371489859,Gradient Boosting,Waitlist,0.3693707371489859
3895,Waitlist,0.0869565217391304,Waitlist,0.39062953247337034,Waitlist,0.12283708717285556,Gradient Boosting,Waitlist,0.12283708717285556
3896,Admit,1.0,Admit,0.5655959289524537,Admit,0.5368849561735459,Gradient Boosting,Admit,0.5368849561735459
3897,Admit,1.0,Waitlist,0.4922823425626181,Admit,0.7128091955815828,Gradient Boosting,Admit,0.7128091955815828
3898,Waitlist,0.1627906976744185,Waitlist,0.4121476786277778,Waitlist,0.40783862821847733,Gradient Boosting,Waitlist,0.40783862821847733
3899,Admit,0.6351351351351351,Waitlist,0.49794086667866005,Waitlist,0.3058642952840539,Gradient Boosting,Waitlist,0.3058642952840539
3900,Waitlist,0.3571428571428568,Waitlist,0.36588313071455547,Admit,0.5014122142277385,Gradient Boosting,Admit,0.5014122142277385
3901,Admit,0.5909090909090908,Admit,0.6784514223279714,Admit,0.5755356887896154,Gradient Boosting,Admit,0.5755356887896154
3902,Waitlist,0.37931034482758613,Admit,0.74918861898765,Admit,0.858483667075699,Gradient Boosting,Admit,0.858483667075699
3903,Admit,0.5909090909090908,Admit,0.5312566851084715,Admit,0.5457560788419654,Gradient Boosting,Admit,0.5457560788419654
3905,Waitlist,0.13461538461538458,Waitlist,0.35106847861419527,Admit,0.5005536041614133,Gradient Boosting,Admit,0.5005536041614133
3906,Waitlist,0.14285714285714282,Waitlist,0.4452817978935757,Admit,0.692408766420007,Gradient Boosting,Admit,0.692408766420007
3907,Admit,0.6029411764705921,Admit,0.7199797681958284,Admit,0.6894896386337697,Gradient Boosting,Admit,0.6894896386337697
3908,Waitlist,0.0869565217391304,Waitlist,0.29169824025360547,Waitlist,0.10073766970034821,Gradient Boosting,Waitlist,0.10073766970034821
3909,Waitlist,0.4905660377358487,Waitlist,0.4449894595780472,Waitlist,0.39291102382573234,Gradient Boosting,Waitlist,0.39291102382573234
3910,Admit,1.0,Admit,0.6222780918417312,Admit,0.5638323182445456,Gradient Boosting,Admit,0.5638323182445456
3911,Waitlist,0.13461538461538458,Waitlist,0.28834262362539853,Waitlist,0.45951135529966686,Gradient Boosting,Waitlist,0.45951135529966686
3912,Waitlist,0.4905660377358487,Waitlist,0.45315027970953253,Waitlist,0.3319307376592303,Gradient Boosting,Waitlist,0.3319307376592303
3913,Admit,1.0,Admit,0.7149449358804074,Admit,0.7486592011142662,Gradient Boosting,Admit,0.7486592011142662
3914,Waitlist,0.4545454545454544,Waitlist,0.384664882600361,Waitlist,0.3720679906546729,Gradient Boosting,Waitlist,0.3720679906546729
3915,Waitlist,0.027027027027027025,Waitlist,0.33530962071715276,Waitlist,0.4026739146281296,Gradient Boosting,Waitlist,0.4026739146281296
3916,Waitlist,0.4905660377358487,Waitlist,0.4917169619355503,Waitlist,0.43733106366950864,Gradient Boosting,Waitlist,0.43733106366950864
3917,Admit,0.6351351351351351,Waitlist,0.4523224286111037,Waitlist,0.3986782528711648,Gradient Boosting,Waitlist,0.3986782528711648
3918,Admit,0.6351351351351351,Waitlist,0.40142308402272414,Waitlist,0.31070364789101856,Gradient Boosting,Waitlist,0.31070364789101856
3919,Waitlist,0.13461538461538458,Waitlist,0.26475231156522566,Waitlist,0.1952788611004998,Gradient Boosting,Waitlist,0.1952788611004998
3920,Waitlist,0.13461538461538458,Waitlist,0.32919957573704783,Waitlist,0.22433189516951338,Gradient Boosting,Waitlist,0.22433189516951338
3921,Waitlist,0.23404255319148923,Waitlist,0.4708676114641968,Waitlist,0.2905297582679145,Gradient Boosting,Waitlist,0.2905297582679145
3922,Waitlist,0.23404255319148923,Admit,0.6519376369970348,Admit,0.7055593646382182,Gradient Boosting,Admit,0.7055593646382182
3923,Waitlist,0.4905660377358487,Waitlist,0.4777227899702161,Waitlist,0.40912388301402475,Gradient Boosting,Waitlist,0.40912388301402475
3924,Admit,0.5909090909090908,Admit,0.561091443872945,Admit,0.8259087617117693,Gradient Boosting,Admit,0.8259087617117693
3925,Admit,1.0,Admit,0.5701096139134351,Admit,0.5923366367156474,Gradient Boosting,Admit,0.5923366367156474
3926,Admit,0.6029411764705921,Admit,0.6894691171906551,Admit,0.6624315642154575,Gradient Boosting,Admit,0.6624315642154575
3927,Admit,0.6029411764705921,Admit,0.7225206753848299,Admit,0.8524292810976316,Gradient Boosting,Admit,0.8524292810976316
3928,Admit,1.0,Waitlist,0.3110677187049234,Waitlist,0.3584961255408035,Gradient Boosting,Waitlist,0.3584961255408035
3929,Waitlist,0.4905660377358487,Admit,0.5000486068221939,Waitlist,0.4307221610694893,Gradient Boosting,Waitlist,0.4307221610694893
3930,Waitlist,0.14285714285714282,Waitlist,0.2289459534270754,Waitlist,0.15151120887923303,Gradient Boosting,Waitlist,0.15151120887923303
3931,Admit,0.6351351351351351,Admit,0.593847165700784,Admit,0.5066048057261318,Gradient Boosting,Admit,0.5066048057261318
3932,Waitlist,0.13461538461538458,Waitlist,0.3341042816418094,Waitlist,0.265552588696647,Gradient Boosting,Waitlist,0.265552588696647
3933,Waitlist,0.0869565217391304,Waitlist,0.33460512094085093,Waitlist,0.2161655250071723,Gradient Boosting,Waitlist,0.2161655250071723
3934,Waitlist,0.3571428571428568,Waitlist,0.4766887965794442,Admit,0.5782031818818111,Gradient Boosting,Admit,0.5782031818818111
3936,Waitlist,0.3571428571428568,Admit,0.5996047342835205,Admit,0.5924993997101641,Gradient Boosting,Admit,0.5924993997101641
3937,Admit,0.6029411764705921,Admit,0.7520151317655099,Admit,0.6878057947220464,Gradient Boosting,Admit,0.6878057947220464
3938,Waitlist,0.4905660377358487,Waitlist,0.3110247962215986,Waitlist,0.4121454221934148,Gradient Boosting,Waitlist,0.4121454221934148
3939,Waitlist,0.4905660377358487,Waitlist,0.26267453298365684,Waitlist,0.21211394938721284,Gradient Boosting,Waitlist,0.21211394938721284
3940,Admit,0.6029411764705921,Admit,0.6446784652020809,Admit,0.6842659592329358,Gradient Boosting,Admit,0.6842659592329358
3941,Waitlist,0.0869565217391304,Waitlist,0.2688777806531554,Waitlist,0.054605372255754084,Gradient Boosting,Waitlist,0.054605372255754084
3942,Admit,0.6351351351351351,Admit,0.6426526905658473,Waitlist,0.4886997632882271,Gradient Boosting,Waitlist,0.4886997632882271
3943,Admit,0.8301886792452832,Admit,0.7177887331935603,Admit,0.6920560528735494,Gradient Boosting,Admit,0.6920560528735494
3944,Admit,0.6029411764705921,Waitlist,0.48076604587581234,Admit,0.576253466290961,Gradient Boosting,Admit,0.576253466290961
3945,Waitlist,0.0869565217391304,Waitlist,0.4036943182701613,Waitlist,0.2542235070653669,Gradient Boosting,Waitlist,0.2542235070653669
3946,Admit,1.0,Waitlist,0.30397459573834756,Waitlist,0.3368405675866698,Gradient Boosting,Waitlist,0.3368405675866698
3947,Waitlist,0.4905660377358487,Waitlist,0.29512597071659513,Waitlist,0.11524188410638285,Gradient Boosting,Waitlist,0.11524188410638285
3948,Admit,1.0,Waitlist,0.467624109229331,Admit,0.7037632075096576,Gradient Boosting,Admit,0.7037632075096576
3950,Admit,1.0,Admit,0.5817614400075929,Admit,0.5802429437952471,Gradient Boosting,Admit,0.5802429437952471
3951,Waitlist,0.13461538461538458,Waitlist,0.3432094928229055,Admit,0.5533485547040249,Gradient Boosting,Admit,0.5533485547040249
3952,Waitlist,0.13461538461538458,Waitlist,0.3476770119701858,Waitlist,0.3492580174454891,Gradient Boosting,Waitlist,0.3492580174454891
3953,Waitlist,0.0869565217391304,Admit,0.5467893988513322,Waitlist,0.47529471738571444,Gradient Boosting,Waitlist,0.47529471738571444
3954,Waitlist,0.0869565217391304,Waitlist,0.3386188495829311,Waitlist,0.16385155095022833,Gradient Boosting,Waitlist,0.16385155095022833
3956,Waitlist,0.0869565217391304,Waitlist,0.30638386833296355,Waitlist,0.14369314634801897,Gradient Boosting,Waitlist,0.14369314634801897
3959,Waitlist,0.3571428571428568,Admit,0.5863686342722305,Admit,0.7098778695275735,Gradient Boosting,Admit,0.7098778695275735
3960,Waitlist,0.0869565217391304,Waitlist,0.25758527387258023,Waitlist,0.22318754447512648,Gradient Boosting,Waitlist,0.22318754447512648
3961,Waitlist,0.13461538461538458,Waitlist,0.3425971493013677,Waitlist,0.14490553047172477,Gradient Boosting,Waitlist,0.14490553047172477
3962,Admit,1.0,Admit,0.6813580634785741,Admit,0.5985680300059681,Gradient Boosting,Admit,0.5985680300059681
3963,Admit,1.0,Admit,0.7045055811525172,Admit,0.8487931546476656,Gradient Boosting,Admit,0.8487931546476656
3965,Waitlist,0.13461538461538458,Waitlist,0.3412485113684223,Admit,0.5191316994259708,Gradient Boosting,Admit,0.5191316994259708
3966,Admit,1.0,Waitlist,0.35880318128219824,Admit,0.7790246640434443,Gradient Boosting,Admit,0.7790246640434443
3967,Admit,1.0,Waitlist,0.3873933689542918,Admit,0.7732044377647173,Gradient Boosting,Admit,0.7732044377647173
3968,Admit,1.0,Waitlist,0.4519987363741538,Admit,0.6924111411152004,Gradient Boosting,Admit,0.6924111411152004
3969,Waitlist,0.4905660377358487,Waitlist,0.41806306549297517,Waitlist,0.3203414763018653,Gradient Boosting,Waitlist,0.3203414763018653
3970,Waitlist,0.37931034482758613,Admit,0.6768230926475329,Admit,0.7480190056267411,Gradient Boosting,Admit,0.7480190056267411
3971,Admit,0.6029411764705921,Admit,0.7296518257333439,Admit,0.8987831657644706,Gradient Boosting,Admit,0.8987831657644706
3972,Waitlist,0.20588235294117635,Waitlist,0.41089677890861526,Waitlist,0.29024435222946476,Gradient Boosting,Waitlist,0.29024435222946476
3973,Admit,0.6029411764705921,Admit,0.6609317008144977,Admit,0.6485829476635462,Gradient Boosting,Admit,0.6485829476635462
3977,Waitlist,0.4905660377358487,Waitlist,0.3517080252067645,Waitlist,0.2661820764777192,Gradient Boosting,Waitlist,0.2661820764777192
3978,Waitlist,0.1627906976744185,Waitlist,0.32923161286480523,Waitlist,0.20713766570545641,Gradient Boosting,Waitlist,0.20713766570545641
3979,Waitlist,0.13461538461538458,Waitlist,0.30427091077369484,Waitlist,0.14003679356853843,Gradient Boosting,Waitlist,0.14003679356853843
3980,Admit,1.0,Waitlist,0.2853744655538159,Admit,0.5524629048573824,Gradient Boosting,Admit,0.5524629048573824
3981,Admit,1.0,Admit,0.6891637303678737,Admit,0.7369060397224931,Gradient Boosting,Admit,0.7369060397224931
3982,Waitlist,0.13461538461538458,Waitlist,0.3070976200998488,Waitlist,0.36030540205271266,Gradient Boosting,Waitlist,0.36030540205271266
3983,Waitlist,0.13461538461538458,Waitlist,0.3757446979433017,Admit,0.5480574781978761,Gradient Boosting,Admit,0.5480574781978761
3984,Waitlist,0.1627906976744185,Waitlist,0.3393813353168419,Waitlist,0.3810012982021044,Gradient Boosting,Waitlist,0.3810012982021044
3985,Waitlist,0.0869565217391304,Waitlist,0.44171742999465,Waitlist,0.12004180058767146,Gradient Boosting,Waitlist,0.12004180058767146
3987,Waitlist,0.4905660377358487,Admit,0.5191655844670666,Admit,0.7319337546159744,Gradient Boosting,Admit,0.7319337546159744
3988,Admit,1.0,Admit,0.7250935848558372,Admit,0.8324494153334224,Gradient Boosting,Admit,0.8324494153334224
3989,Admit,1.0,Admit,0.5192939721696117,Admit,0.5041422565643449,Gradient Boosting,Admit,0.5041422565643449
3990,Waitlist,0.0869565217391304,Waitlist,0.45813612629151407,Waitlist,0.28035081556934466,Gradient Boosting,Waitlist,0.28035081556934466
3991,Waitlist,0.4905660377358487,Waitlist,0.33581045126502024,Waitlist,0.31300720865607373,Gradient Boosting,Waitlist,0.31300720865607373
3992,Admit,0.6029411764705921,Admit,0.6399007928665035,Admit,0.6153708657081481,Gradient Boosting,Admit,0.6153708657081481
3993,Admit,1.0,Admit,0.641219816603576,Admit,0.7841925362778287,Gradient Boosting,Admit,0.7841925362778287
3994,Waitlist,0.13461538461538458,Waitlist,0.359089278372773,Waitlist,0.29372653165201973,Gradient Boosting,Waitlist,0.29372653165201973
3995,Waitlist,0.4905660377358487,Waitlist,0.38626515493668767,Waitlist,0.33139024922812105,Gradient Boosting,Waitlist,0.33139024922812105
3996,Admit,0.8301886792452832,Admit,0.6771047182465223,Admit,0.646464081551626,Gradient Boosting,Admit,0.646464081551626
3997,Admit,0.6351351351351351,Waitlist,0.450503233828496,Waitlist,0.20700326399557692,Gradient Boosting,Waitlist,0.20700326399557692
3999,Waitlist,0.14285714285714282,Waitlist,0.2999751145751515,Waitlist,0.21711730761913453,Gradient Boosting,Waitlist,0.21711730761913453
4000,Waitlist,0.0869565217391304,Waitlist,0.42227141777089694,Waitlist,0.18060827649022226,Gradient Boosting,Waitlist,0.18060827649022226
4001,Admit,1.0,Admit,0.6759991776458282,Admit,0.8205851695463263,Gradient Boosting,Admit,0.8205851695463263
4002,Admit,1.0,Admit,0.6592199954534164,Admit,0.7369060397224931,Gradient Boosting,Admit,0.7369060397224931
4003,Admit,1.0,Waitlist,0.3157660293655329,Waitlist,0.40941250416127645,Gradient Boosting,Waitlist,0.40941250416127645
4004,Admit,1.0,Admit,0.6739197407912978,Admit,0.7480190056267411,Gradient Boosting,Admit,0.7480190056267411
4005,Waitlist,0.4905660377358487,Waitlist,0.4912346437147904,Waitlist,0.4543324795575088,Gradient Boosting,Waitlist,0.4543324795575088
4006,Waitlist,0.13461538461538458,Waitlist,0.40868051174839576,Admit,0.5351975708187984,Gradient Boosting,Admit,0.5351975708187984
4007,Waitlist,0.0869565217391304,Waitlist,0.4960148389422861,Waitlist,0.32684419086812655,Gradient Boosting,Waitlist,0.32684419086812655
4008,Admit,1.0,Waitlist,0.3484037834638966,Admit,0.5781187556511778,Gradient Boosting,Admit,0.5781187556511778
4009,Waitlist,0.23404255319148923,Waitlist,0.43779110218320755,Waitlist,0.4148048443733966,Gradient Boosting,Waitlist,0.4148048443733966
4010,Waitlist,0.4905660377358487,Waitlist,0.3104187188626767,Waitlist,0.24552865512979918,Gradient Boosting,Waitlist,0.24552865512979918
4011,Waitlist,0.13461538461538458,Waitlist,0.31007653243435945,Waitlist,0.1952788611004998,Gradient Boosting,Waitlist,0.1952788611004998
4012,Admit,1.0,Waitlist,0.31210845904160417,Admit,0.5113578702877096,Gradient Boosting,Admit,0.5113578702877096
4013,Waitlist,0.13461538461538458,Waitlist,0.45189952381428694,Waitlist,0.38309965286324965,Gradient Boosting,Waitlist,0.38309965286324965
4014,Waitlist,0.13461538461538458,Waitlist,0.38903478769541905,Admit,0.5039053119060882,Gradient Boosting,Admit,0.5039053119060882
4015,Admit,0.6351351351351351,Admit,0.6065175659100654,Admit,0.5373399343180593,Gradient Boosting,Admit,0.5373399343180593
4016,Waitlist,0.0869565217391304,Waitlist,0.23460175057873106,Waitlist,0.30839747348303287,Gradient Boosting,Waitlist,0.30839747348303287
4017,Waitlist,0.4905660377358487,Waitlist,0.35496725020255576,Waitlist,0.2831458744811991,Gradient Boosting,Waitlist,0.2831458744811991
4019,Waitlist,0.4905660377358487,Waitlist,0.4842928348837753,Waitlist,0.41225822096012366,Gradient Boosting,Waitlist,0.41225822096012366
4020,Waitlist,0.13461538461538458,Waitlist,0.3333444330089032,Waitlist,0.46342565265334296,Gradient Boosting,Waitlist,0.46342565265334296
4021,Waitlist,0.4545454545454544,Waitlist,0.33915031465226575,Waitlist,0.1288525233079575,Gradient Boosting,Waitlist,0.1288525233079575
4022,Admit,1.0,Waitlist,0.4422603054608326,Admit,0.6268708608646308,Gradient Boosting,Admit,0.6268708608646308
4023,Waitlist,0.13461538461538458,Waitlist,0.3783411795436939,Admit,0.547099185340701,Gradient Boosting,Admit,0.547099185340701
4026,Admit,1.0,Waitlist,0.3052506806242772,Waitlist,0.18159359170086428,Gradient Boosting,Waitlist,0.18159359170086428
4027,Waitlist,0.4905660377358487,Waitlist,0.30897085095974397,Waitlist,0.2955781757697427,Gradient Boosting,Waitlist,0.2955781757697427
4028,Admit,1.0,Admit,0.7319861455446517,Admit,0.8455112815206512,Gradient Boosting,Admit,0.8455112815206512
4032,Waitlist,0.027027027027027025,Waitlist,0.36023745252485945,Waitlist,0.2614515600320476,Gradient Boosting,Waitlist,0.2614515600320476
4033,Waitlist,0.23404255319148923,Admit,0.5016993403057521,Waitlist,0.41368994747660276,Gradient Boosting,Waitlist,0.41368994747660276
4034,Waitlist,0.0869565217391304,Waitlist,0.3567648827550152,Waitlist,0.1752432605102393,Gradient Boosting,Waitlist,0.1752432605102393
4035,Waitlist,0.0869565217391304,Waitlist,0.44318346050385493,Waitlist,0.19574195323471896,Gradient Boosting,Waitlist,0.19574195323471896
4036,Waitlist,0.4545454545454544,Waitlist,0.4455529933387597,Waitlist,0.2883857213402454,Gradient Boosting,Waitlist,0.2883857213402454
4037,Admit,1.0,Admit,0.7371001643374118,Admit,0.6999036306002828,Gradient Boosting,Admit,0.6999036306002828
4038,Waitlist,0.23404255319148923,Waitlist,0.49231809006983346,Waitlist,0.4361893574789776,Gradient Boosting,Waitlist,0.4361893574789776
4039,Waitlist,0.4905660377358487,Waitlist,0.3696926359884421,Waitlist,0.31107348189639183,Gradient Boosting,Waitlist,0.31107348189639183
4040,Waitlist,0.0869565217391304,Waitlist,0.3557393903894489,Waitlist,0.18821475032169335,Gradient Boosting,Waitlist,0.18821475032169335
4041,Waitlist,0.1627906976744185,Waitlist,0.3723954861791446,Waitlist,0.39277809933328717,Gradient Boosting,Waitlist,0.39277809933328717
4042,Admit,0.5909090909090908,Admit,0.7049722525618008,Admit,0.6968369354006445,Gradient Boosting,Admit,0.6968369354006445
4043,Waitlist,0.0869565217391304,Waitlist,0.31481906225821354,Waitlist,0.3886263838761962,Gradient Boosting,Waitlist,0.3886263838761962
4044,Admit,1.0,Waitlist,0.43622315567933007,Admit,0.6065955385855618,Gradient Boosting,Admit,0.6065955385855618
4045,Waitlist,0.027027027027027025,Waitlist,0.31170490239284665,Waitlist,0.178421871755533,Gradient Boosting,Waitlist,0.178421871755533
4046,Admit,0.5909090909090908,Admit,0.6923425106210584,Admit,0.6298358505745333,Gradient Boosting,Admit,0.6298358505745333
4047,Waitlist,0.4905660377358487,Admit,0.5269512353249325,Admit,0.6752521162431602,Gradient Boosting,Admit,0.6752521162431602
4048,Waitlist,0.13461538461538458,Waitlist,0.3630508788191084,Waitlist,0.31370532473366375,Gradient Boosting,Waitlist,0.31370532473366375
4050,Admit,1.0,Admit,0.5114335138285849,Admit,0.7431119734241206,Gradient Boosting,Admit,0.7431119734241206
4051,Admit,1.0,Admit,0.7586408521042275,Admit,0.7459947675799848,Gradient Boosting,Admit,0.7459947675799848
4052,Admit,0.8301886792452832,Admit,0.6457587280758507,Admit,0.6144875690263584,Gradient Boosting,Admit,0.6144875690263584
4053,Waitlist,0.4905660377358487,Waitlist,0.46159437460008385,Waitlist,0.3391578473056791,Gradient Boosting,Waitlist,0.3391578473056791
4054,Admit,0.8301886792452832,Admit,0.6662487874763472,Admit,0.6911896166257243,Gradient Boosting,Admit,0.6911896166257243
4055,Admit,0.5909090909090908,Admit,0.6485615413842227,Admit,0.659927539125009,Gradient Boosting,Admit,0.659927539125009
4056,Admit,0.6351351351351351,Admit,0.5847802084042779,Waitlist,0.30637886212472787,Gradient Boosting,Waitlist,0.30637886212472787
4057,Admit,0.5909090909090908,Admit,0.5530232505347921,Admit,0.7536705735991973,Gradient Boosting,Admit,0.7536705735991973
4058,Waitlist,0.4545454545454544,Waitlist,0.37266767244978277,Waitlist,0.3544115808091068,Gradient Boosting,Waitlist,0.3544115808091068
4059,Waitlist,0.4905660377358487,Waitlist,0.4089596110652045,Waitlist,0.48137772316575794,Gradient Boosting,Waitlist,0.48137772316575794
4060,Waitlist,0.4905660377358487,Admit,0.503875589954418,Admit,0.5621975042487203,Gradient Boosting,Admit,0.5621975042487203
4061,Admit,0.6029411764705921,Admit,0.7471645968943038,Admit,0.8268998574416399,Gradient Boosting,Admit,0.8268998574416399
4062,Admit,1.0,Admit,0.6757011848382036,Admit,0.5985680300059681,Gradient Boosting,Admit,0.5985680300059681
4063,Waitlist,0.1627906976744185,Waitlist,0.37938755052183626,Waitlist,0.27395312088292956,Gradient Boosting,Waitlist,0.27395312088292956
4064,Admit,1.0,Waitlist,0.3065468928243003,Waitlist,0.35383985317991823,Gradient Boosting,Waitlist,0.35383985317991823
4065,Admit,1.0,Waitlist,0.3362817474063396,Admit,0.7080899907658033,Gradient Boosting,Admit,0.7080899907658033
4066,Waitlist,0.4905660377358487,Waitlist,0.4773522382221537,Admit,0.7455938905658115,Gradient Boosting,Admit,0.7455938905658115
4067,Waitlist,0.13461538461538458,Waitlist,0.34679213640966083,Waitlist,0.30727009791854576,Gradient Boosting,Waitlist,0.30727009791854576
4068,Waitlist,0.0869565217391304,Waitlist,0.4944390131800775,Waitlist,0.3376769227587393,Gradient Boosting,Waitlist,0.3376769227587393
4069,Admit,0.8301886792452832,Admit,0.6141430188776337,Admit,0.7821104451117759,Gradient Boosting,Admit,0.7821104451117759
4070,Admit,1.0,Admit,0.7415345594908611,Admit,0.6692746357123771,Gradient Boosting,Admit,0.6692746357123771
4071,Admit,0.6351351351351351,Admit,0.5438562512267311,Waitlist,0.4716045792690789,Gradient Boosting,Waitlist,0.4716045792690789
4072,Waitlist,0.4905660377358487,Waitlist,0.3486918826415543,Admit,0.5649146707138415,Gradient Boosting,Admit,0.5649146707138415
4074,Waitlist,0.1627906976744185,Waitlist,0.27322299660637345,Waitlist,0.132433199688439,Gradient Boosting,Waitlist,0.132433199688439
4075,Admit,1.0,Waitlist,0.3598350191069777,Admit,0.5088967483328459,Gradient Boosting,Admit,0.5088967483328459
4076,Waitlist,0.13461538461538458,Waitlist,0.3411872389059056,Waitlist,0.3652026650090167,Gradient Boosting,Waitlist,0.3652026650090167
4077,Waitlist,0.0869565217391304,Waitlist,0.33224428505116027,Waitlist,0.18926385054867967,Gradient Boosting,Waitlist,0.18926385054867967
4078,Admit,0.6029411764705921,Admit,0.7218739815877501,Admit,0.7020640789232184,Gradient Boosting,Admit,0.7020640789232184
4079,Waitlist,0.13461538461538458,Waitlist,0.399158311152428,Admit,0.5732938806122375,Gradient Boosting,Admit,0.5732938806122375
4080,Admit,1.0,Admit,0.6170606269525771,Admit,0.6669099119363686,Gradient Boosting,Admit,0.6669099119363686
4081,Waitlist,0.13461538461538458,Waitlist,0.26406005385485254,Waitlist,0.11105504836587374,Gradient Boosting,Waitlist,0.11105504836587374
4084,Waitlist,0.13461538461538458,Waitlist,0.38939070799108016,Waitlist,0.4461288757359128,Gradient Boosting,Waitlist,0.4461288757359128
4085,Waitlist,0.4905660377358487,Waitlist,0.4614976150368225,Waitlist,0.4265250514650221,Gradient Boosting,Waitlist,0.4265250514650221
4086,Admit,0.6351351351351351,Waitlist,0.43927705111120596,Waitlist,0.40140768434882707,Gradient Boosting,Waitlist,0.40140768434882707
4087,Admit,1.0,Waitlist,0.3763442278555937,Admit,0.5693129792073058,Gradient Boosting,Admit,0.5693129792073058
4088,Waitlist,0.0869565217391304,Waitlist,0.4425731798600802,Waitlist,0.2755380159156878,Gradient Boosting,Waitlist,0.2755380159156878
4089,Admit,0.6029411764705921,Admit,0.7014843530240547,Admit,0.6787925494644622,Gradient Boosting,Admit,0.6787925494644622
4090,Waitlist,0.4905660377358487,Waitlist,0.37565133339611045,Waitlist,0.2697978266153501,Gradient Boosting,Waitlist,0.2697978266153501
4091,Waitlist,0.0869565217391304,Waitlist,0.2758576979415322,Waitlist,0.09179214368356671,Gradient Boosting,Waitlist,0.09179214368356671
4093,Admit,0.6029411764705921,Admit,0.6674003987806834,Admit,0.7442992145234287,Gradient Boosting,Admit,0.7442992145234287
4095,Waitlist,0.4905660377358487,Admit,0.5510627806893457,Admit,0.6517284150627498,Gradient Boosting,Admit,0.6517284150627498
4096,Waitlist,0.20588235294117635,Waitlist,0.475793689500937,Waitlist,0.43269827385665677,Gradient Boosting,Waitlist,0.43269827385665677
4097,Waitlist,0.23404255319148923,Waitlist,0.36443529946719316,Waitlist,0.4361893574789776,Gradient Boosting,Waitlist,0.4361893574789776
4098,Waitlist,0.027027027027027025,Waitlist,0.47306859158583736,Waitlist,0.39864389890001417,Gradient Boosting,Waitlist,0.39864389890001417
4103,Waitlist,0.13461538461538458,Waitlist,0.3021071119149324,Waitlist,0.25280639168795255,Gradient Boosting,Waitlist,0.25280639168795255
4104,Waitlist,0.4905660377358487,Waitlist,0.4632362103595138,Waitlist,0.38549145440968574,Gradient Boosting,Waitlist,0.38549145440968574
4106,Waitlist,0.4905660377358487,Waitlist,0.49255309284332793,Waitlist,0.42217629162804027,Gradient Boosting,Waitlist,0.42217629162804027
4107,Waitlist,0.13461538461538458,Waitlist,0.4278678222039355,Admit,0.5722624568271164,Gradient Boosting,Admit,0.5722624568271164
4108,Waitlist,0.0869565217391304,Waitlist,0.3839640093162866,Waitlist,0.30683685591408,Gradient Boosting,Waitlist,0.30683685591408
4109,Admit,1.0,Admit,0.5346667203673297,Admit,0.5012110124976655,Gradient Boosting,Admit,0.5012110124976655
4110,Waitlist,0.4545454545454544,Waitlist,0.3468067719952542,Waitlist,0.2780327705208278,Gradient Boosting,Waitlist,0.2780327705208278
4111,Waitlist,0.0869565217391304,Waitlist,0.33820059845905004,Waitlist,0.1953713704376903,Gradient Boosting,Waitlist,0.1953713704376903
4112,Admit,1.0,Waitlist,0.44173685931495255,Admit,0.8365086007808362,Gradient Boosting,Admit,0.8365086007808362
4113,Waitlist,0.0869565217391304,Waitlist,0.3101715203931859,Waitlist,0.24608093722197738,Gradient Boosting,Waitlist,0.24608093722197738
4114,Admit,1.0,Admit,0.5661503532680311,Admit,0.6229370500811396,Gradient Boosting,Admit,0.6229370500811396
4115,Admit,1.0,Admit,0.6945884623794759,Admit,0.6820926384207973,Gradient Boosting,Admit,0.6820926384207973
4116,Admit,0.6351351351351351,Admit,0.7301214003698303,Admit,0.8195279713888308,Gradient Boosting,Admit,0.8195279713888308
4117,Admit,0.6029411764705921,Admit,0.7531674020712934,Admit,0.6743976430656957,Gradient Boosting,Admit,0.6743976430656957
4118,Waitlist,0.1627906976744185,Waitlist,0.4306423602257532,Admit,0.5772453810867688,Gradient Boosting,Admit,0.5772453810867688
4119,Admit,1.0,Waitlist,0.40873274044736385,Admit,0.6656635026418674,Gradient Boosting,Admit,0.6656635026418674
4120,Waitlist,0.23404255319148923,Admit,0.6439779727512397,Admit,0.5760972010309549,Gradient Boosting,Admit,0.5760972010309549
4121,Admit,0.8301886792452832,Waitlist,0.40157053413798205,Waitlist,0.45478501839326485,Gradient Boosting,Waitlist,0.45478501839326485
4122,Admit,1.0,Waitlist,0.467581646130988,Waitlist,0.4419565432260436,Gradient Boosting,Waitlist,0.4419565432260436
4123,Admit,0.6351351351351351,Admit,0.6147555707233042,Admit,0.5095550610658164,Gradient Boosting,Admit,0.5095550610658164
4124,Admit,1.0,Admit,0.6856717702798769,Admit,0.8373360031001447,Gradient Boosting,Admit,0.8373360031001447
4125,Waitlist,0.13461538461538458,Waitlist,0.4468373597764279,Admit,0.586002046122012,Gradient Boosting,Admit,0.586002046122012
4126,Waitlist,0.20588235294117635,Waitlist,0.44721920355482536,Waitlist,0.39635634113867935,Gradient Boosting,Waitlist,0.39635634113867935
4127,Admit,1.0,Waitlist,0.3827308918139307,Admit,0.5880107916391274,Gradient Boosting,Admit,0.5880107916391274
4128,Waitlist,0.0869565217391304,Waitlist,0.29735535970112764,Waitlist,0.11704843600822194,Gradient Boosting,Waitlist,0.11704843600822194
4129,Admit,0.6029411764705921,Admit,0.6370573284928017,Admit,0.7029976450818607,Gradient Boosting,Admit,0.7029976450818607
4130,Admit,1.0,Admit,0.8219814675380784,Admit,0.7966557773269587,Gradient Boosting,Admit,0.7966557773269587
4131,Waitlist,0.13461538461538458,Waitlist,0.37388663076998296,Waitlist,0.34781143895668004,Gradient Boosting,Waitlist,0.34781143895668004
4132,Admit,0.6351351351351351,Waitlist,0.42992164836412455,Waitlist,0.26636096136157345,Gradient Boosting,Waitlist,0.26636096136157345
4134,Waitlist,0.4905660377358487,Waitlist,0.37332520427746024,Waitlist,0.45086542116365735,Gradient Boosting,Waitlist,0.45086542116365735
4135,Waitlist,0.13461538461538458,Waitlist,0.29224817629320493,Waitlist,0.32386037912473586,Gradient Boosting,Waitlist,0.32386037912473586
4136,Waitlist,0.13461538461538458,Waitlist,0.319502047605687,Waitlist,0.3151788485841744,Gradient Boosting,Waitlist,0.3151788485841744
4137,Admit,1.0,Admit,0.6020943250990233,Admit,0.6540825820367693,Gradient Boosting,Admit,0.6540825820367693
4138,Waitlist,0.13461538461538458,Waitlist,0.39471465687338547,Waitlist,0.3485773884253878,Gradient Boosting,Waitlist,0.3485773884253878
4139,Waitlist,0.23404255319148923,Admit,0.5609937082019992,Waitlist,0.4021110560479815,Gradient Boosting,Waitlist,0.4021110560479815
4140,Waitlist,0.4905660377358487,Waitlist,0.4373556078262901,Waitlist,0.3635331861451822,Gradient Boosting,Waitlist,0.3635331861451822
4141,Admit,0.6029411764705921,Admit,0.5485363971858626,Waitlist,0.4371860125873679,Gradient Boosting,Waitlist,0.4371860125873679
4142,Admit,1.0,Waitlist,0.4187750795237516,Admit,0.6656635026418674,Gradient Boosting,Admit,0.6656635026418674
4143,Waitlist,0.14285714285714282,Waitlist,0.335767811553227,Waitlist,0.2860677390104724,Gradient Boosting,Waitlist,0.2860677390104724
4146,Admit,0.6351351351351351,Waitlist,0.44101683701295147,Waitlist,0.40089253893410176,Gradient Boosting,Waitlist,0.40089253893410176
4147,Waitlist,0.0869565217391304,Waitlist,0.33822119257157146,Waitlist,0.1846332522133083,Gradient Boosting,Waitlist,0.1846332522133083
4149,Waitlist,0.23404255319148923,Admit,0.5655509763054256,Waitlist,0.3725872216842512,Gradient Boosting,Waitlist,0.3725872216842512
4150,Waitlist,0.0869565217391304,Waitlist,0.405792750435906,Waitlist,0.16590613817053396,Gradient Boosting,Waitlist,0.16590613817053396
4151,Waitlist,0.14285714285714282,Waitlist,0.27180913808103907,Waitlist,0.10940564975050578,Gradient Boosting,Waitlist,0.10940564975050578
4154,Admit,1.0,Waitlist,0.4809216350471535,Admit,0.5883089473326204,Gradient Boosting,Admit,0.5883089473326204
4156,Waitlist,0.13461538461538458,Waitlist,0.4522028597737097,Waitlist,0.37550942873213417,Gradient Boosting,Waitlist,0.37550942873213417
4157,Waitlist,0.13461538461538458,Waitlist,0.3601247887328884,Waitlist,0.3435747585210849,Gradient Boosting,Waitlist,0.3435747585210849
4158,Waitlist,0.4905660377358487,Waitlist,0.44531848137660573,Waitlist,0.360818623100487,Gradient Boosting,Waitlist,0.360818623100487
4159,Waitlist,0.0869565217391304,Waitlist,0.3707411426032471,Waitlist,0.15618700176815933,Gradient Boosting,Waitlist,0.15618700176815933
4160,Waitlist,0.027027027027027025,Waitlist,0.3430236573450748,Waitlist,0.14185105999594996,Gradient Boosting,Waitlist,0.14185105999594996
4162,Admit,0.5909090909090908,Admit,0.5025675943600173,Admit,0.5197560039071714,Gradient Boosting,Admit,0.5197560039071714
4163,Admit,0.6351351351351351,Waitlist,0.39121102672698227,Waitlist,0.33768724850640064,Gradient Boosting,Waitlist,0.33768724850640064
4164,Admit,0.6029411764705921,Admit,0.6259238406917936,Admit,0.6220529377795273,Gradient Boosting,Admit,0.6220529377795273
4165,Admit,1.0,Waitlist,0.3640838308736457,Admit,0.7790246640434443,Gradient Boosting,Admit,0.7790246640434443
4166,Waitlist,0.027027027027027025,Waitlist,0.3180899942888165,Waitlist,0.1902561098810114,Gradient Boosting,Waitlist,0.1902561098810114
4167,Waitlist,0.13461538461538458,Waitlist,0.3097910318990212,Waitlist,0.17092935651508362,Gradient Boosting,Waitlist,0.17092935651508362
4168,Admit,1.0,Waitlist,0.3459655066714789,Admit,0.5781187556511778,Gradient Boosting,Admit,0.5781187556511778
4169,Waitlist,0.0869565217391304,Waitlist,0.39777664633635107,Waitlist,0.23114825148558465,Gradient Boosting,Waitlist,0.23114825148558465
4170,Waitlist,0.4545454545454544,Waitlist,0.386328025919307,Waitlist,0.21529287338612543,Gradient Boosting,Waitlist,0.21529287338612543
4172,Waitlist,0.1627906976744185,Waitlist,0.3717045828577401,Waitlist,0.3016956120662924,Gradient Boosting,Waitlist,0.3016956120662924
4173,Admit,0.8301886792452832,Admit,0.6413076809033309,Admit,0.6771109026648386,Gradient Boosting,Admit,0.6771109026648386
4174,Admit,1.0,Waitlist,0.3298365962399527,Waitlist,0.4929386470459754,Gradient Boosting,Waitlist,0.4929386470459754
4175,Waitlist,0.0869565217391304,Waitlist,0.4689887906289985,Waitlist,0.18850132501654254,Gradient Boosting,Waitlist,0.18850132501654254
4176,Waitlist,0.23404255319148923,Admit,0.5220285758313257,Waitlist,0.3655438623886967,Gradient Boosting,Waitlist,0.3655438623886967
4177,Waitlist,0.4905660377358487,Waitlist,0.37207428759265054,Waitlist,0.47353291621536403,Gradient Boosting,Waitlist,0.47353291621536403
4178,Waitlist,0.4905660377358487,Waitlist,0.394262841652814,Waitlist,0.22407843763522498,Gradient Boosting,Waitlist,0.22407843763522498
4179,Waitlist,0.13461538461538458,Waitlist,0.4151090178099055,Admit,0.5675106370243108,Gradient Boosting,Admit,0.5675106370243108
4181,Waitlist,0.13461538461538458,Waitlist,0.32678369729217177,Waitlist,0.24413008704513298,Gradient Boosting,Waitlist,0.24413008704513298
4182,Admit,1.0,Waitlist,0.32244342148852323,Admit,0.5088967483328459,Gradient Boosting,Admit,0.5088967483328459
4183,Admit,1.0,Admit,0.6893940569085811,Admit,0.7232935814979784,Gradient Boosting,Admit,0.7232935814979784
4184,Waitlist,0.4905660377358487,Waitlist,0.4180321855476158,Waitlist,0.34270363765276063,Gradient Boosting,Waitlist,0.34270363765276063
4185,Admit,0.6029411764705921,Waitlist,0.479243353372784,Waitlist,0.3206328427557638,Gradient Boosting,Waitlist,0.3206328427557638
4186,Waitlist,0.4905660377358487,Waitlist,0.42097504336367153,Waitlist,0.3633397637378404,Gradient Boosting,Waitlist,0.3633397637378404
4187,Waitlist,0.4905660377358487,Waitlist,0.36486700591864807,Waitlist,0.39002576536769507,Gradient Boosting,Waitlist,0.39002576536769507
4188,Waitlist,0.4905660377358487,Waitlist,0.48283246848838035,Admit,0.5160089161402102,Gradient Boosting,Admit,0.5160089161402102
4189,Admit,0.6029411764705921,Admit,0.5792844585152678,Admit,0.576253466290961,Gradient Boosting,Admit,0.576253466290961
4192,Waitlist,0.0869565217391304,Waitlist,0.30669672136969484,Waitlist,0.1666821346867359,Gradient Boosting,Waitlist,0.1666821346867359
4193,Waitlist,0.4545454545454544,Waitlist,0.33787102428498517,Waitlist,0.08674868561001173,Gradient Boosting,Waitlist,0.08674868561001173
4195,Waitlist,0.4905660377358487,Admit,0.5513694616990007,Waitlist,0.4870364065563577,Gradient Boosting,Waitlist,0.4870364065563577
4196,Admit,0.6029411764705921,Admit,0.7056170866197637,Admit,0.7130068258601436,Gradient Boosting,Admit,0.7130068258601436
4197,Waitlist,0.4905660377358487,Waitlist,0.30389980399855576,Waitlist,0.26003671763627556,Gradient Boosting,Waitlist,0.26003671763627556
4198,Waitlist,0.4905660377358487,Admit,0.5488095754163241,Waitlist,0.4589748232466889,Gradient Boosting,Waitlist,0.4589748232466889
4199,Waitlist,0.14285714285714282,Waitlist,0.34694551792723993,Waitlist,0.26454355708316335,Gradient Boosting,Waitlist,0.26454355708316335
4200,Waitlist,0.0869565217391304,Waitlist,0.22286541905349888,Waitlist,0.07404919181109067,Gradient Boosting,Waitlist,0.07404919181109067
4201,Admit,1.0,Waitlist,0.4901591357415784,Waitlist,0.3911061026925671,Gradient Boosting,Waitlist,0.3911061026925671
4203,Waitlist,0.0869565217391304,Waitlist,0.3136092536711205,Waitlist,0.16136801397818726,Gradient Boosting,Waitlist,0.16136801397818726
4204,Waitlist,0.027027027027027025,Admit,0.5078278335402069,Waitlist,0.31107812295881665,Gradient Boosting,Waitlist,0.31107812295881665
4205,Admit,0.5909090909090908,Admit,0.5364947885878907,Waitlist,0.4867263057244357,Gradient Boosting,Waitlist,0.4867263057244357
4206,Admit,0.6029411764705921,Admit,0.6709398271448411,Admit,0.7443206094578179,Gradient Boosting,Admit,0.7443206094578179
4207,Waitlist,0.4545454545454544,Waitlist,0.36362403045938463,Waitlist,0.1869490332742846,Gradient Boosting,Waitlist,0.1869490332742846
4208,Waitlist,0.4905660377358487,Waitlist,0.40345407969676744,Waitlist,0.32398220619310686,Gradient Boosting,Waitlist,0.32398220619310686
4209,Admit,1.0,Admit,0.5268350439840787,Admit,0.767018790119324,Gradient Boosting,Admit,0.767018790119324
4210,Waitlist,0.4545454545454544,Waitlist,0.4462365660965643,Waitlist,0.20127485111761315,Gradient Boosting,Waitlist,0.20127485111761315
4211,Waitlist,0.0869565217391304,Waitlist,0.2959395632039559,Waitlist,0.1314894273457434,Gradient Boosting,Waitlist,0.1314894273457434
4212,Waitlist,0.027027027027027025,Waitlist,0.2744339362102909,Waitlist,0.11987858084200344,Gradient Boosting,Waitlist,0.11987858084200344
4213,Admit,0.6351351351351351,Admit,0.6284504769505482,Admit,0.5222759006378089,Gradient Boosting,Admit,0.5222759006378089
4214,Waitlist,0.4905660377358487,Admit,0.5315275666793567,Waitlist,0.49761418106648647,Gradient Boosting,Waitlist,0.49761418106648647
4215,Admit,1.0,Waitlist,0.3575326048441197,Admit,0.6049499660513733,Gradient Boosting,Admit,0.6049499660513733
4217,Waitlist,0.14285714285714282,Waitlist,0.2914557821015619,Waitlist,0.16707120366159428,Gradient Boosting,Waitlist,0.16707120366159428
4218,Waitlist,0.0869565217391304,Admit,0.5239741493293728,Admit,0.5063009305522264,Gradient Boosting,Admit,0.5063009305522264
4220,Admit,0.6351351351351351,Waitlist,0.408194322365109,Waitlist,0.36836289670071787,Gradient Boosting,Waitlist,0.36836289670071787
4221,Waitlist,0.4905660377358487,Waitlist,0.27743305132284257,Waitlist,0.16255164368574412,Gradient Boosting,Waitlist,0.16255164368574412
4222,Admit,0.5909090909090908,Waitlist,0.45356758756310617,Waitlist,0.3918524639909959,Gradient Boosting,Waitlist,0.3918524639909959
4224,Waitlist,0.4905660377358487,Admit,0.5006719078080183,Admit,0.5637650464764106,Gradient Boosting,Admit,0.5637650464764106
4225,Admit,1.0,Waitlist,0.2570986953735352,Admit,0.5150468490183918,Gradient Boosting,Admit,0.5150468490183918
4226,Waitlist,0.0869565217391304,Waitlist,0.4565245692988082,Waitlist,0.3217788337114906,Gradient Boosting,Waitlist,0.3217788337114906
4228,Waitlist,0.4905660377358487,Waitlist,0.3176582145362549,Waitlist,0.32398220619310686,Gradient Boosting,Waitlist,0.32398220619310686
4230,Admit,1.0,Waitlist,0.42330161892922835,Admit,0.6169566445603142,Gradient Boosting,Admit,0.6169566445603142
4231,Waitlist,0.23404255319148923,Admit,0.5676546922214033,Waitlist,0.34045701140221885,Gradient Boosting,Waitlist,0.34045701140221885
4232,Waitlist,0.4905660377358487,Waitlist,0.31310401167457463,Waitlist,0.2743136927629791,Gradient Boosting,Waitlist,0.2743136927629791
4233,Waitlist,0.13461538461538458,Waitlist,0.28249100182880865,Waitlist,0.27126182296069845,Gradient Boosting,Waitlist,0.27126182296069845
4234,Waitlist,0.13461538461538458,Waitlist,0.31988992602509286,Waitlist,0.29498265085238495,Gradient Boosting,Waitlist,0.29498265085238495
4235,Waitlist,0.13461538461538458,Waitlist,0.35226622850584327,Waitlist,0.33672543244048864,Gradient Boosting,Waitlist,0.33672543244048864
4236,Admit,0.6029411764705921,Admit,0.7544709191745597,Admit,0.7139811143371406,Gradient Boosting,Admit,0.7139811143371406
4237,Waitlist,0.0869565217391304,Waitlist,0.2960343768440373,Waitlist,0.1250990097502208,Gradient Boosting,Waitlist,0.1250990097502208
4239,Admit,1.0,Admit,0.6165624610600078,Admit,0.6742369025842462,Gradient Boosting,Admit,0.6742369025842462
4240,Admit,1.0,Waitlist,0.3636428042994117,Admit,0.6444250110745194,Gradient Boosting,Admit,0.6444250110745194
4241,Waitlist,0.4905660377358487,Waitlist,0.3716698510807373,Waitlist,0.36943086031481787,Gradient Boosting,Waitlist,0.36943086031481787
4242,Waitlist,0.23404255319148923,Waitlist,0.499022115339547,Waitlist,0.3692044916654858,Gradient Boosting,Waitlist,0.3692044916654858
4243,Waitlist,0.4905660377358487,Waitlist,0.3555159454953462,Waitlist,0.31466246729086617,Gradient Boosting,Waitlist,0.31466246729086617
4244,Waitlist,0.4905660377358487,Waitlist,0.49787798035995695,Waitlist,0.44895849636582946,Gradient Boosting,Waitlist,0.44895849636582946
4245,Waitlist,0.4905660377358487,Waitlist,0.3941710365591961,Waitlist,0.2528755104190137,Gradient Boosting,Waitlist,0.2528755104190137
4247,Waitlist,0.4905660377358487,Waitlist,0.438413184241729,Waitlist,0.3679924495380174,Gradient Boosting,Waitlist,0.3679924495380174
4248,Admit,0.6029411764705921,Admit,0.5663859996437407,Admit,0.5695199104391091,Gradient Boosting,Admit,0.5695199104391091
4249,Waitlist,0.13461538461538458,Waitlist,0.2964050913686723,Waitlist,0.2686026079488127,Gradient Boosting,Waitlist,0.2686026079488127
4250,Waitlist,0.4545454545454544,Admit,0.547560316049433,Waitlist,0.438169258203072,Gradient Boosting,Waitlist,0.438169258203072
4251,Waitlist,0.4905660377358487,Waitlist,0.2352413023667054,Waitlist,0.17718712251568375,Gradient Boosting,Waitlist,0.17718712251568375
4253,Admit,0.6029411764705921,Admit,0.7308893559837661,Admit,0.7465269610157061,Gradient Boosting,Admit,0.7465269610157061
4255,Waitlist,0.0869565217391304,Waitlist,0.43880128286259623,Waitlist,0.4932339410002147,Gradient Boosting,Waitlist,0.4932339410002147
4256,Waitlist,0.027027027027027025,Waitlist,0.3468695438403953,Waitlist,0.2901579070798556,Gradient Boosting,Waitlist,0.2901579070798556
4257,Admit,0.6029411764705921,Admit,0.5888257495426061,Admit,0.653695033195211,Gradient Boosting,Admit,0.653695033195211
4258,Waitlist,0.4905660377358487,Waitlist,0.3830201761519961,Waitlist,0.2655691360477961,Gradient Boosting,Waitlist,0.2655691360477961
4259,Admit,0.6029411764705921,Admit,0.614312025363618,Admit,0.600925615358111,Gradient Boosting,Admit,0.600925615358111
4260,Waitlist,0.4905660377358487,Waitlist,0.34705448636785885,Waitlist,0.3073427865299721,Gradient Boosting,Waitlist,0.3073427865299721
4261,Waitlist,0.14285714285714282,Waitlist,0.25274563648787624,Waitlist,0.11557393854294741,Gradient Boosting,Waitlist,0.11557393854294741
4262,Admit,0.6351351351351351,Admit,0.5714539734683922,Admit,0.5420814844907937,Gradient Boosting,Admit,0.5420814844907937
4263,Waitlist,0.13461538461538458,Waitlist,0.3357593132195336,Waitlist,0.3041359955384286,Gradient Boosting,Waitlist,0.3041359955384286
4264,Waitlist,0.13461538461538458,Waitlist,0.4041371916750407,Waitlist,0.35680123971315403,Gradient Boosting,Waitlist,0.35680123971315403
4265,Admit,0.6029411764705921,Admit,0.6322578153610268,Admit,0.6419852027571774,Gradient Boosting,Admit,0.6419852027571774
4266,Waitlist,0.4545454545454544,Waitlist,0.35735736654323763,Waitlist,0.23873674276614554,Gradient Boosting,Waitlist,0.23873674276614554
4267,Waitlist,0.0869565217391304,Waitlist,0.3426380625177517,Waitlist,0.36889471670584584,Gradient Boosting,Waitlist,0.36889471670584584
4269,Waitlist,0.027027027027027025,Waitlist,0.29648039912956803,Waitlist,0.13404525664280298,Gradient Boosting,Waitlist,0.13404525664280298
4270,Waitlist,0.13461538461538458,Waitlist,0.3789772273414656,Waitlist,0.3074797008232904,Gradient Boosting,Waitlist,0.3074797008232904
4271,Waitlist,0.0869565217391304,Waitlist,0.3603111653362659,Waitlist,0.23398606661975505,Gradient Boosting,Waitlist,0.23398606661975505
4272,Admit,1.0,Waitlist,0.3279185493011657,Admit,0.5311363551392371,Gradient Boosting,Admit,0.5311363551392371
4273,Waitlist,0.4905660377358487,Waitlist,0.3838977246549584,Waitlist,0.2145213637340982,Gradient Boosting,Waitlist,0.2145213637340982
4274,Waitlist,0.0869565217391304,Waitlist,0.27610499611834155,Waitlist,0.13309653636004073,Gradient Boosting,Waitlist,0.13309653636004073
4276,Waitlist,0.13461538461538458,Waitlist,0.4110564887691355,Admit,0.7054481689248742,Gradient Boosting,Admit,0.7054481689248742
4277,Waitlist,0.13461538461538458,Waitlist,0.36845891574004763,Admit,0.5091729913385996,Gradient Boosting,Admit,0.5091729913385996
4279,Admit,0.8301886792452832,Admit,0.5398855579851219,Admit,0.5431525917204916,Gradient Boosting,Admit,0.5431525917204916
4280,Waitlist,0.027027027027027025,Waitlist,0.47604414602226136,Waitlist,0.39864389890001417,Gradient Boosting,Waitlist,0.39864389890001417
4281,Admit,1.0,Waitlist,0.40873274044736385,Admit,0.6656635026418674,Gradient Boosting,Admit,0.6656635026418674
4284,Admit,0.6351351351351351,Admit,0.6282566019868302,Waitlist,0.4886997632882271,Gradient Boosting,Waitlist,0.4886997632882271
4285,Waitlist,0.027027027027027025,Waitlist,0.40238163729270554,Waitlist,0.4541490833577343,Gradient Boosting,Waitlist,0.4541490833577343
4286,Admit,1.0,Waitlist,0.343555474600723,Admit,0.6771181111172035,Gradient Boosting,Admit,0.6771181111172035
4287,Admit,0.5909090909090908,Admit,0.5340902471924984,Waitlist,0.45898080800467456,Gradient Boosting,Waitlist,0.45898080800467456
4290,Admit,0.6351351351351351,Admit,0.6550776332825881,Admit,0.5862233463879998,Gradient Boosting,Admit,0.5862233463879998
4294,Waitlist,0.4905660377358487,Waitlist,0.43621570009794575,Waitlist,0.3984615058692857,Gradient Boosting,Waitlist,0.3984615058692857
4295,Waitlist,0.4905660377358487,Waitlist,0.2972722614192047,Waitlist,0.22973690829626583,Gradient Boosting,Waitlist,0.22973690829626583
4296,Admit,0.6029411764705921,Admit,0.6104728997378139,Admit,0.6100305415301578,Gradient Boosting,Admit,0.6100305415301578
4297,Waitlist,0.0869565217391304,Waitlist,0.32056978416704107,Waitlist,0.28437780632214155,Gradient Boosting,Waitlist,0.28437780632214155
4298,Admit,1.0,Waitlist,0.4748738106336159,Waitlist,0.45169211605918935,Gradient Boosting,Waitlist,0.45169211605918935
4300,Admit,0.6351351351351351,Admit,0.620063017742993,Admit,0.8295944259062682,Gradient Boosting,Admit,0.8295944259062682
4301,Waitlist,0.23404255319148923,Waitlist,0.49111736571056386,Waitlist,0.42945569263190425,Gradient Boosting,Waitlist,0.42945569263190425
4302,Waitlist,0.027027027027027025,Waitlist,0.2442425322813818,Waitlist,0.1681978756718767,Gradient Boosting,Waitlist,0.1681978756718767
4303,Waitlist,0.23404255319148923,Admit,0.5798396256950945,Admit,0.6045133703238275,Gradient Boosting,Admit,0.6045133703238275
4304,Admit,1.0,Waitlist,0.44348924860587696,Admit,0.7692795335325893,Gradient Boosting,Admit,0.7692795335325893
4305,Waitlist,0.4905660377358487,Waitlist,0.38679565182696424,Waitlist,0.3106442352022874,Gradient Boosting,Waitlist,0.3106442352022874
4306,Waitlist,0.4905660377358487,Waitlist,0.2890464750451588,Waitlist,0.11808349508089716,Gradient Boosting,Waitlist,0.11808349508089716
4307,Admit,0.6029411764705921,Admit,0.7523105629339117,Admit,0.7302683995513756,Gradient Boosting,Admit,0.7302683995513756
4309,Admit,1.0,Waitlist,0.3040008619468488,Waitlist,0.3144197505576578,Gradient Boosting,Waitlist,0.3144197505576578
4310,Waitlist,0.4905660377358487,Waitlist,0.3727590249785265,Waitlist,0.2795000624001153,Gradient Boosting,Waitlist,0.2795000624001153
4311,Admit,1.0,Admit,0.6931091501420822,Admit,0.7562225764145455,Gradient Boosting,Admit,0.7562225764145455
4312,Waitlist,0.13461538461538458,Waitlist,0.3532494509238153,Waitlist,0.3151788485841744,Gradient Boosting,Waitlist,0.3151788485841744
4313,Admit,1.0,Admit,0.5428533017931453,Admit,0.5581133274191373,Gradient Boosting,Admit,0.5581133274191373
4314,Admit,1.0,Admit,0.5090226391871098,Admit,0.8152939653208455,Gradient Boosting,Admit,0.8152939653208455
4315,Admit,0.6029411764705921,Admit,0.718755101234168,Admit,0.6855113098196116,Gradient Boosting,Admit,0.6855113098196116
4317,Admit,0.5909090909090908,Waitlist,0.42555874126272314,Admit,0.5197560039071714,Gradient Boosting,Admit,0.5197560039071714
4318,Waitlist,0.4905660377358487,Waitlist,0.3637724274749434,Waitlist,0.33961940646918237,Gradient Boosting,Waitlist,0.33961940646918237
4319,Admit,1.0,Waitlist,0.34237518263706823,Admit,0.5915832751765833,Gradient Boosting,Admit,0.5915832751765833
4320,Admit,0.6029411764705921,Admit,0.6677759279143844,Admit,0.6148583524180179,Gradient Boosting,Admit,0.6148583524180179
4321,Admit,1.0,Waitlist,0.36401177468874985,Admit,0.5800277431445,Gradient Boosting,Admit,0.5800277431445
4322,Waitlist,0.4545454545454544,Waitlist,0.4568595889499042,Waitlist,0.21293636620222317,Gradient Boosting,Waitlist,0.21293636620222317
4323,Admit,0.6029411764705921,Admit,0.7132322175216181,Admit,0.6387541315660232,Gradient Boosting,Admit,0.6387541315660232
4324,Waitlist,0.13461538461538458,Waitlist,0.366370737959835,Waitlist,0.3377359137249191,Gradient Boosting,Waitlist,0.3377359137249191
4326,Waitlist,0.13461538461538458,Waitlist,0.40894758669499987,Admit,0.629539363906886,Gradient Boosting,Admit,0.629539363906886
4327,Waitlist,0.0869565217391304,Waitlist,0.27544062211906517,Waitlist,0.1758317396730901,Gradient Boosting,Waitlist,0.1758317396730901
4328,Admit,1.0,Waitlist,0.4453292350411681,Admit,0.5014122142277385,Gradient Boosting,Admit,0.5014122142277385
4329,Admit,0.625,Admit,0.6785323998413411,Admit,0.703816074095137,Gradient Boosting,Admit,0.703816074095137
4330,Waitlist,0.4905660377358487,Waitlist,0.42615105911493084,Waitlist,0.3812414136115958,Gradient Boosting,Waitlist,0.3812414136115958
4331,Waitlist,0.13461538461538458,Waitlist,0.39028575827070516,Waitlist,0.29576489623390906,Gradient Boosting,Waitlist,0.29576489623390906
4332,Waitlist,0.0869565217391304,Waitlist,0.4863677425494842,Waitlist,0.20580807707053225,Gradient Boosting,Waitlist,0.20580807707053225
4333,Waitlist,0.13461538461538458,Waitlist,0.33428592931146894,Waitlist,0.2908428820905076,Gradient Boosting,Waitlist,0.2908428820905076
4334,Waitlist,0.13461538461538458,Waitlist,0.337798493492921,Waitlist,0.28378254416046933,Gradient Boosting,Waitlist,0.28378254416046933
4335,Waitlist,0.0869565217391304,Waitlist,0.41875524003691184,Waitlist,0.30083520492393045,Gradient Boosting,Waitlist,0.30083520492393045
4336,Admit,1.0,Waitlist,0.48775678853663396,Admit,0.7692795335325893,Gradient Boosting,Admit,0.7692795335325893
4337,Waitlist,0.3571428571428568,Admit,0.5825493942646497,Admit,0.5015016683512548,Gradient Boosting,Admit,0.5015016683512548
4338,Admit,1.0,Waitlist,0.37461318499975715,Waitlist,0.4522655390190813,Gradient Boosting,Waitlist,0.4522655390190813
4339,Waitlist,0.3571428571428568,Waitlist,0.4359570274070316,Waitlist,0.27424100538248747,Gradient Boosting,Waitlist,0.27424100538248747
4341,Waitlist,0.4905660377358487,Waitlist,0.3351130563181202,Waitlist,0.32432384331835523,Gradient Boosting,Waitlist,0.32432384331835523
4342,Waitlist,0.13461538461538458,Waitlist,0.37789188596414236,Waitlist,0.3523205898314088,Gradient Boosting,Waitlist,0.3523205898314088
4343,Waitlist,0.1627906976744185,Waitlist,0.26545118232072457,Waitlist,0.25816357707713067,Gradient Boosting,Waitlist,0.25816357707713067
4344,Waitlist,0.4905660377358487,Waitlist,0.4492006906320425,Waitlist,0.3635331861451822,Gradient Boosting,Waitlist,0.3635331861451822
4345,Admit,1.0,Admit,0.7895114220957168,Admit,0.7982218892132432,Gradient Boosting,Admit,0.7982218892132432
4346,Waitlist,0.37931034482758613,Admit,0.6995801118394889,Admit,0.7135786203954743,Gradient Boosting,Admit,0.7135786203954743
4347,Waitlist,0.4545454545454544,Waitlist,0.4320806390519118,Waitlist,0.3081393660738526,Gradient Boosting,Waitlist,0.3081393660738526
4348,Waitlist,0.3571428571428568,Waitlist,0.4788447761050179,Admit,0.5033592165618079,Gradient Boosting,Admit,0.5033592165618079
4351,Waitlist,0.3571428571428568,Admit,0.5345278813112064,Waitlist,0.4318529067968432,Gradient Boosting,Waitlist,0.4318529067968432
4352,Waitlist,0.4905660377358487,Waitlist,0.3307722719128022,Waitlist,0.31619002223396764,Gradient Boosting,Waitlist,0.31619002223396764
4353,Admit,1.0,Waitlist,0.38899478789822617,Admit,0.5566672315396753,Gradient Boosting,Admit,0.5566672315396753
4354,Admit,0.6029411764705921,Admit,0.7005679492711796,Admit,0.7059255969526723,Gradient Boosting,Admit,0.7059255969526723
4355,Waitlist,0.027027027027027025,Waitlist,0.3025095725005633,Waitlist,0.1965483058650792,Gradient Boosting,Waitlist,0.1965483058650792
4356,Waitlist,0.4905660377358487,Waitlist,0.4368078596054744,Admit,0.559071084908749,Gradient Boosting,Admit,0.559071084908749
4358,Waitlist,0.4545454545454544,Waitlist,0.39870414678841437,Waitlist,0.15615266059970442,Gradient Boosting,Waitlist,0.15615266059970442
4359,Admit,0.6029411764705921,Admit,0.6666995669265116,Admit,0.6461484973641247,Gradient Boosting,Admit,0.6461484973641247
4360,Waitlist,0.0869565217391304,Waitlist,0.40917515022696704,Waitlist,0.32293045796345443,Gradient Boosting,Waitlist,0.32293045796345443
4362,Admit,1.0,Waitlist,0.3379992488028461,Admit,0.6731940636712632,Gradient Boosting,Admit,0.6731940636712632
4363,Waitlist,0.4905660377358487,Waitlist,0.309335737628105,Waitlist,0.46751022258864566,Gradient Boosting,Waitlist,0.46751022258864566
4364,Admit,0.6029411764705921,Admit,0.7965811431926576,Admit,0.8111617661891276,Gradient Boosting,Admit,0.8111617661891276
4365,Admit,1.0,Admit,0.6825037958763797,Admit,0.6067088396545495,Gradient Boosting,Admit,0.6067088396545495
4366,Waitlist,0.4905660377358487,Waitlist,0.28649005521586823,Waitlist,0.07511141765659689,Gradient Boosting,Waitlist,0.07511141765659689
4367,Waitlist,0.37931034482758613,Admit,0.7437625512585085,Admit,0.7220430930710552,Gradient Boosting,Admit,0.7220430930710552
4368,Admit,0.8301886792452832,Admit,0.6068754745904892,Admit,0.576253466290961,Gradient Boosting,Admit,0.576253466290961
4369,Waitlist,0.13461538461538458,Waitlist,0.4157571104200235,Admit,0.5136430355754907,Gradient Boosting,Admit,0.5136430355754907
4371,Waitlist,0.027027027027027025,Waitlist,0.4408614268049589,Waitlist,0.2357550163738419,Gradient Boosting,Waitlist,0.2357550163738419
4372,Waitlist,0.4905660377358487,Waitlist,0.3729680479239683,Admit,0.5031819202629365,Gradient Boosting,Admit,0.5031819202629365
4373,Waitlist,0.4905660377358487,Waitlist,0.2830432411761537,Waitlist,0.1890592459054232,Gradient Boosting,Waitlist,0.1890592459054232
4374,Waitlist,0.4905660377358487,Waitlist,0.49550637219175653,Waitlist,0.3884655894836302,Gradient Boosting,Waitlist,0.3884655894836302
4375,Admit,0.6029411764705921,Admit,0.6428382189101355,Admit,0.6515086110670473,Gradient Boosting,Admit,0.6515086110670473
4376,Waitlist,0.14285714285714282,Waitlist,0.30225166759490285,Waitlist,0.26724002220554643,Gradient Boosting,Waitlist,0.26724002220554643
4377,Waitlist,0.3571428571428571,Waitlist,0.3202484457235697,Waitlist,0.4037933006469721,Gradient Boosting,Waitlist,0.4037933006469721
4378,Admit,0.6351351351351351,Waitlist,0.448865457610681,Waitlist,0.2908338829347648,Gradient Boosting,Waitlist,0.2908338829347648
4379,Admit,1.0,Admit,0.7065467511335519,Admit,0.785080058980323,Gradient Boosting,Admit,0.785080058980323
4380,Admit,1.0,Waitlist,0.4044060947962599,Admit,0.5936296378798585,Gradient Boosting,Admit,0.5936296378798585
4381,Waitlist,0.13461538461538458,Waitlist,0.355217837972954,Waitlist,0.265552588696647,Gradient Boosting,Waitlist,0.265552588696647
4382,Waitlist,0.13461538461538458,Waitlist,0.3344035797560481,Waitlist,0.22691178700601958,Gradient Boosting,Waitlist,0.22691178700601958
4383,Admit,0.6029411764705921,Admit,0.6177593883833562,Admit,0.6725918696084165,Gradient Boosting,Admit,0.6725918696084165
4384,Admit,0.6029411764705921,Admit,0.6033125993159775,Admit,0.576253466290961,Gradient Boosting,Admit,0.576253466290961
4385,Waitlist,0.4905660377358487,Waitlist,0.3557049594508775,Waitlist,0.25724188466249254,Gradient Boosting,Waitlist,0.25724188466249254
4387,Waitlist,0.4905660377358487,Waitlist,0.4526038442960309,Waitlist,0.38440910343728196,Gradient Boosting,Waitlist,0.38440910343728196
4388,Waitlist,0.14285714285714282,Waitlist,0.34032452637647337,Waitlist,0.23104726180385918,Gradient Boosting,Waitlist,0.23104726180385918
4389,Waitlist,0.13461538461538458,Waitlist,0.3541814537761469,Waitlist,0.3400312638621142,Gradient Boosting,Waitlist,0.3400312638621142
4390,Waitlist,0.027027027027027025,Waitlist,0.36500161686332083,Waitlist,0.13300919730031094,Gradient Boosting,Waitlist,0.13300919730031094
4392,Admit,0.6351351351351351,Waitlist,0.3526587466651906,Waitlist,0.46873293384658693,Gradient Boosting,Waitlist,0.46873293384658693
4394,Admit,0.6029411764705921,Admit,0.6264545510313001,Admit,0.5594462662945126,Gradient Boosting,Admit,0.5594462662945126
4395,Waitlist,0.3571428571428568,Admit,0.5238969027580981,Admit,0.5033592165618079,Gradient Boosting,Admit,0.5033592165618079
4396,Waitlist,0.23404255319148923,Waitlist,0.41029063913401304,Waitlist,0.3655438623886967,Gradient Boosting,Waitlist,0.3655438623886967
4397,Waitlist,0.0869565217391304,Waitlist,0.3397661195626206,Waitlist,0.1807774939398419,Gradient Boosting,Waitlist,0.1807774939398419
4399,Admit,1.0,Waitlist,0.4746779246463312,Waitlist,0.4386935952371344,Gradient Boosting,Waitlist,0.4386935952371344
4400,Waitlist,0.23404255319148923,Admit,0.5314727581240184,Waitlist,0.4169752887552899,Gradient Boosting,Waitlist,0.4169752887552899
4401,Admit,0.5909090909090908,Admit,0.6245199599970623,Admit,0.5836974347865951,Gradient Boosting,Admit,0.5836974347865951
4402,Admit,1.0,Admit,0.6566115859187163,Admit,0.6712725923531935,Gradient Boosting,Admit,0.6712725923531935
4403,Admit,1.0,Waitlist,0.4162232549985119,Admit,0.7732044377647173,Gradient Boosting,Admit,0.7732044377647173
4404,Waitlist,0.13461538461538458,Waitlist,0.32014661590194254,Waitlist,0.3400312638621142,Gradient Boosting,Waitlist,0.3400312638621142
4405,Waitlist,0.0869565217391304,Waitlist,0.23003884666581295,Waitlist,0.15048395438377615,Gradient Boosting,Waitlist,0.15048395438377615
4406,Admit,1.0,Admit,0.5007001693824106,Admit,0.6723698420499202,Gradient Boosting,Admit,0.6723698420499202
4407,Waitlist,0.14285714285714282,Waitlist,0.31435550229084186,Waitlist,0.17409521241609485,Gradient Boosting,Waitlist,0.17409521241609485
4408,Waitlist,0.14285714285714282,Waitlist,0.30809953247990657,Waitlist,0.14419758367426933,Gradient Boosting,Waitlist,0.14419758367426933
4409,Admit,1.0,Admit,0.6815473791571367,Admit,0.693518503298189,Gradient Boosting,Admit,0.693518503298189
4410,Waitlist,0.4905660377358487,Waitlist,0.2780761852307005,Waitlist,0.20239693512489107,Gradient Boosting,Waitlist,0.20239693512489107
4412,Admit,0.6351351351351351,Admit,0.5846609052583411,Admit,0.5403038001590754,Gradient Boosting,Admit,0.5403038001590754
4413,Waitlist,0.4905660377358487,Waitlist,0.39318872350520323,Waitlist,0.207531499228375,Gradient Boosting,Waitlist,0.207531499228375
4414,Waitlist,0.4905660377358487,Waitlist,0.41112228820545804,Waitlist,0.39910918605628815,Gradient Boosting,Waitlist,0.39910918605628815
4415,Admit,0.6029411764705921,Admit,0.6159121728090051,Admit,0.6485829476635462,Gradient Boosting,Admit,0.6485829476635462
4416,Waitlist,0.0869565217391304,Waitlist,0.3054863895367337,Waitlist,0.09992877344993076,Gradient Boosting,Waitlist,0.09992877344993076
4417,Waitlist,0.13461538461538458,Waitlist,0.4123743153798439,Waitlist,0.359901842228781,Gradient Boosting,Waitlist,0.359901842228781
4418,Admit,0.6029411764705921,Admit,0.5696308768054269,Admit,0.5334690601540256,Gradient Boosting,Admit,0.5334690601540256
4419,Waitlist,0.4905660377358487,Waitlist,0.30321352935536217,Waitlist,0.20654209695260148,Gradient Boosting,Waitlist,0.20654209695260148
4420,Waitlist,0.13461538461538458,Waitlist,0.4132361329805099,Admit,0.547099185340701,Gradient Boosting,Admit,0.547099185340701
4421,Admit,1.0,Waitlist,0.41109922442859137,Waitlist,0.4493100908243703,Gradient Boosting,Waitlist,0.4493100908243703
4422,Waitlist,0.0869565217391304,Waitlist,0.2329891440124268,Waitlist,0.14656984462502998,Gradient Boosting,Waitlist,0.14656984462502998
4423,Waitlist,0.13461538461538458,Waitlist,0.32644832209189245,Waitlist,0.35525538971081116,Gradient Boosting,Waitlist,0.35525538971081116
4425,Waitlist,0.13461538461538458,Waitlist,0.3525287782740167,Waitlist,0.37472966362767574,Gradient Boosting,Waitlist,0.37472966362767574
4426,Admit,1.0,Waitlist,0.33103075546562394,Admit,0.6319881152919162,Gradient Boosting,Admit,0.6319881152919162
4427,Waitlist,0.4545454545454544,Waitlist,0.4026208792975847,Waitlist,0.2890423514754021,Gradient Boosting,Waitlist,0.2890423514754021
4428,Waitlist,0.4545454545454544,Waitlist,0.39553608822308833,Waitlist,0.16142647504811738,Gradient Boosting,Waitlist,0.16142647504811738
4429,Admit,1.0,Waitlist,0.29170522423496686,Waitlist,0.2234093356033455,Gradient Boosting,Waitlist,0.2234093356033455
4430,Admit,0.6029411764705921,Admit,0.5027990912599138,Waitlist,0.45746071243105896,Gradient Boosting,Waitlist,0.45746071243105896
4431,Waitlist,0.4905660377358487,Waitlist,0.347148771556846,Waitlist,0.31619002223396764,Gradient Boosting,Waitlist,0.31619002223396764
4432,Waitlist,0.027027027027027025,Waitlist,0.3020719835637521,Waitlist,0.2777922894196885,Gradient Boosting,Waitlist,0.2777922894196885
4433,Waitlist,0.0869565217391304,Waitlist,0.35211939898416006,Waitlist,0.20525465718653924,Gradient Boosting,Waitlist,0.20525465718653924
4435,Waitlist,0.4905660377358487,Admit,0.5320497947010624,Waitlist,0.4165945164812285,Gradient Boosting,Waitlist,0.4165945164812285
4436,Admit,0.6029411764705921,Admit,0.6376471396442301,Admit,0.669241950110033,Gradient Boosting,Admit,0.669241950110033
4437,Waitlist,0.13461538461538458,Waitlist,0.44925468538390495,Admit,0.5691743182804228,Gradient Boosting,Admit,0.5691743182804228
4438,Waitlist,0.13461538461538458,Waitlist,0.34513761487516836,Waitlist,0.22677767574858246,Gradient Boosting,Waitlist,0.22677767574858246
4439,Waitlist,0.3571428571428568,Waitlist,0.39737803150923157,Admit,0.5330848899158401,Gradient Boosting,Admit,0.5330848899158401
4440,Waitlist,0.4905660377358487,Waitlist,0.2500781656678038,Waitlist,0.20654209695260148,Gradient Boosting,Waitlist,0.20654209695260148
4441,Admit,0.6029411764705921,Admit,0.667425170773352,Admit,0.6759533462217265,Gradient Boosting,Admit,0.6759533462217265
4442,Waitlist,0.1627906976744185,Waitlist,0.3458511995390276,Waitlist,0.4189847607738326,Gradient Boosting,Waitlist,0.4189847607738326
4443,Waitlist,0.027027027027027025,Waitlist,0.2798417922079177,Waitlist,0.09619881806758349,Gradient Boosting,Waitlist,0.09619881806758349
4444,Waitlist,0.0869565217391304,Waitlist,0.3339114621952888,Waitlist,0.14756076830124074,Gradient Boosting,Waitlist,0.14756076830124074
4445,Admit,0.6351351351351351,Waitlist,0.494879166630483,Waitlist,0.4716045792690789,Gradient Boosting,Waitlist,0.4716045792690789
4446,Waitlist,0.4905660377358487,Waitlist,0.28930054837042385,Waitlist,0.38472824765390323,Gradient Boosting,Waitlist,0.38472824765390323
4450,Waitlist,0.1627906976744185,Waitlist,0.27283844077401953,Waitlist,0.2735783417135315,Gradient Boosting,Waitlist,0.2735783417135315
4451,Waitlist,0.027027027027027025,Admit,0.5347145111596796,Waitlist,0.28537278385795495,Gradient Boosting,Waitlist,0.28537278385795495
4453,Waitlist,0.0869565217391304,Waitlist,0.36676619170821456,Waitlist,0.11749346225240095,Gradient Boosting,Waitlist,0.11749346225240095
4454,Waitlist,0.4545454545454544,Waitlist,0.3954082883083492,Waitlist,0.3081393660738526,Gradient Boosting,Waitlist,0.3081393660738526
4456,Admit,1.0,Admit,0.6799554650451882,Admit,0.8246386965098456,Gradient Boosting,Admit,0.8246386965098456
4457,Waitlist,0.0869565217391304,Waitlist,0.36234994028374673,Waitlist,0.31549546893088476,Gradient Boosting,Waitlist,0.31549546893088476
4458,Admit,0.6029411764705921,Admit,0.5800998598148028,Admit,0.5334690601540256,Gradient Boosting,Admit,0.5334690601540256
4459,Waitlist,0.4905660377358487,Admit,0.5218603795787596,Admit,0.5311665214139658,Gradient Boosting,Admit,0.5311665214139658
4460,Waitlist,0.4545454545454544,Waitlist,0.4113728300793948,Waitlist,0.14572703308855858,Gradient Boosting,Waitlist,0.14572703308855858
4461,Waitlist,0.027027027027027025,Waitlist,0.3247258987994956,Waitlist,0.3881911160932827,Gradient Boosting,Waitlist,0.3881911160932827
4462,Waitlist,0.3571428571428568,Waitlist,0.4778551304071287,Admit,0.5957203184989738,Gradient Boosting,Admit,0.5957203184989738
4463,Admit,0.6029411764705921,Admit,0.6459498350815644,Admit,0.6461484973641247,Gradient Boosting,Admit,0.6461484973641247
4464,Waitlist,0.13461538461538458,Waitlist,0.32048199307316927,Waitlist,0.41291298043027547,Gradient Boosting,Waitlist,0.41291298043027547
4465,Admit,1.0,Waitlist,0.34077517597312074,Admit,0.7287434302035862,Gradient Boosting,Admit,0.7287434302035862
4466,Waitlist,0.20588235294117635,Waitlist,0.4386870502218278,Admit,0.5746361805077653,Gradient Boosting,Admit,0.5746361805077653
4467,Admit,1.0,Admit,0.7622334314329331,Admit,0.8943039025485688,Gradient Boosting,Admit,0.8943039025485688
4468,Admit,1.0,Waitlist,0.48632820918754294,Waitlist,0.4817987842078534,Gradient Boosting,Waitlist,0.4817987842078534
4469,Waitlist,0.13461538461538458,Waitlist,0.3158116632148754,Waitlist,0.16803092970885705,Gradient Boosting,Waitlist,0.16803092970885705
4470,Waitlist,0.4905660377358487,Waitlist,0.30936809965209083,Waitlist,0.26378790626049253,Gradient Boosting,Waitlist,0.26378790626049253
4471,Admit,1.0,Waitlist,0.35567768076357675,Admit,0.6786692235212468,Gradient Boosting,Admit,0.6786692235212468
4472,Waitlist,0.1627906976744185,Waitlist,0.3182395393048378,Waitlist,0.2215986200732975,Gradient Boosting,Waitlist,0.2215986200732975
4473,Waitlist,0.13461538461538458,Waitlist,0.35136407263657543,Waitlist,0.35525538971081116,Gradient Boosting,Waitlist,0.35525538971081116
4475,Admit,1.0,Waitlist,0.30740479768026674,Waitlist,0.3278250852160101,Gradient Boosting,Waitlist,0.3278250852160101
4477,Admit,0.8301886792452832,Admit,0.6772270106863919,Admit,0.6569555407723552,Gradient Boosting,Admit,0.6569555407723552
4479,Waitlist,0.027027027027027025,Waitlist,0.3994909934085541,Waitlist,0.33677000900780807,Gradient Boosting,Waitlist,0.33677000900780807
4480,Waitlist,0.4905660377358487,Waitlist,0.41564760978322096,Waitlist,0.36446031749134344,Gradient Boosting,Waitlist,0.36446031749134344
4481,Waitlist,0.37931034482758613,Admit,0.764541372883946,Admit,0.9331705512636634,Gradient Boosting,Admit,0.9331705512636634
4482,Waitlist,0.3571428571428568,Waitlist,0.42218374907443984,Waitlist,0.29279295711905895,Gradient Boosting,Waitlist,0.29279295711905895
4483,Waitlist,0.0869565217391304,Waitlist,0.3194171693589307,Waitlist,0.0975320440204351,Gradient Boosting,Waitlist,0.0975320440204351
4484,Waitlist,0.0869565217391304,Waitlist,0.3283901645074129,Waitlist,0.11946662103376246,Gradient Boosting,Waitlist,0.11946662103376246
4485,Admit,0.6029411764705921,Admit,0.675481036361435,Admit,0.6998041576683738,Gradient Boosting,Admit,0.6998041576683738
4487,Admit,0.6029411764705921,Admit,0.5741090521280993,Admit,0.5903796368336922,Gradient Boosting,Admit,0.5903796368336922
4489,Admit,1.0,Waitlist,0.48629175339660613,Waitlist,0.4891019586382807,Gradient Boosting,Waitlist,0.4891019586382807
4490,Waitlist,0.4905660377358487,Waitlist,0.48960855557809696,Admit,0.5078315636551399,Gradient Boosting,Admit,0.5078315636551399
4491,Waitlist,0.13461538461538458,Waitlist,0.38163393213006946,Waitlist,0.29576489623390906,Gradient Boosting,Waitlist,0.29576489623390906
4493,Waitlist,0.0869565217391304,Waitlist,0.25995250179518703,Waitlist,0.13747275638457895,Gradient Boosting,Waitlist,0.13747275638457895
4494,Waitlist,0.4905660377358487,Waitlist,0.47891621128812734,Waitlist,0.36783265785532365,Gradient Boosting,Waitlist,0.36783265785532365
4495,Waitlist,0.4905660377358487,Admit,0.5506796859538923,Admit,0.6929773514773819,Gradient Boosting,Admit,0.6929773514773819
4496,Admit,1.0,Waitlist,0.29890489718027896,Admit,0.6354157007721415,Gradient Boosting,Admit,0.6354157007721415
4499,Waitlist,0.4905660377358487,Waitlist,0.4166390065626533,Waitlist,0.46213218213601925,Gradient Boosting,Waitlist,0.46213218213601925
4500,Admit,1.0,Waitlist,0.3869013535724944,Admit,0.6463606177983826,Gradient Boosting,Admit,0.6463606177983826
4501,Admit,0.6351351351351351,Admit,0.5884302626703163,Admit,0.5336066702020758,Gradient Boosting,Admit,0.5336066702020758
4502,Waitlist,0.027027027027027025,Waitlist,0.3232676893889683,Waitlist,0.4146704227731123,Gradient Boosting,Waitlist,0.4146704227731123
4503,Waitlist,0.14285714285714282,Waitlist,0.34318092033454317,Waitlist,0.16692000740494697,Gradient Boosting,Waitlist,0.16692000740494697
4506,Admit,0.6029411764705921,Admit,0.8041173543954532,Admit,0.7420907274091113,Gradient Boosting,Admit,0.7420907274091113
4507,Admit,1.0,Waitlist,0.36262783904185325,Admit,0.6771181111172035,Gradient Boosting,Admit,0.6771181111172035
4508,Waitlist,0.23404255319148923,Admit,0.5644238484170129,Waitlist,0.3955128723316616,Gradient Boosting,Waitlist,0.3955128723316616
4509,Waitlist,0.0869565217391304,Waitlist,0.38904138168874697,Waitlist,0.2562318127749914,Gradient Boosting,Waitlist,0.2562318127749914
4511,Admit,0.625,Admit,0.6608115950091111,Admit,0.6364226253057168,Gradient Boosting,Admit,0.6364226253057168
4512,Admit,1.0,Admit,0.7953491428891116,Admit,0.8301489525245828,Gradient Boosting,Admit,0.8301489525245828
4513,Admit,0.6351351351351351,Admit,0.6160021475733739,Waitlist,0.48738252000042154,Gradient Boosting,Waitlist,0.48738252000042154
4514,Admit,1.0,Admit,0.726093322235495,Admit,0.6607567898306101,Gradient Boosting,Admit,0.6607567898306101
4515,Admit,0.6029411764705921,Admit,0.6304305563458297,Admit,0.6148583524180179,Gradient Boosting,Admit,0.6148583524180179
4516,Admit,1.0,Admit,0.7467172724298651,Admit,0.9209182724237561,Gradient Boosting,Admit,0.9209182724237561
4517,Waitlist,0.4905660377358487,Waitlist,0.4217077983644439,Waitlist,0.24130060716112067,Gradient Boosting,Waitlist,0.24130060716112067
4518,Admit,1.0,Admit,0.832172002631768,Admit,0.7966557773269587,Gradient Boosting,Admit,0.7966557773269587
4519,Admit,0.6029411764705921,Admit,0.7434433326748909,Admit,0.7029976450818607,Gradient Boosting,Admit,0.7029976450818607
4520,Admit,1.0,Waitlist,0.33088929615449764,Admit,0.5227866190085384,Gradient Boosting,Admit,0.5227866190085384
4521,Waitlist,0.4905660377358487,Waitlist,0.32408611662984704,Waitlist,0.43047814557950653,Gradient Boosting,Waitlist,0.43047814557950653
4522,Waitlist,0.0869565217391304,Waitlist,0.21770118704553412,Waitlist,0.04863383222811108,Gradient Boosting,Waitlist,0.04863383222811108
4523,Admit,0.6351351351351351,Admit,0.5723209820620005,Waitlist,0.48363743776140256,Gradient Boosting,Waitlist,0.48363743776140256
4524,Waitlist,0.13461538461538458,Waitlist,0.23258447534717638,Waitlist,0.1262649518229837,Gradient Boosting,Waitlist,0.1262649518229837
4525,Admit,1.0,Admit,0.7725500141582639,Admit,0.7823921877441465,Gradient Boosting,Admit,0.7823921877441465
4526,Admit,0.6029411764705921,Admit,0.7242907067195224,Admit,0.7281533881124772,Gradient Boosting,Admit,0.7281533881124772
4527,Waitlist,0.23404255319148923,Admit,0.5654069963367453,Waitlist,0.3725872216842512,Gradient Boosting,Waitlist,0.3725872216842512
4528,Waitlist,0.4905660377358487,Waitlist,0.49836170229689336,Waitlist,0.49992195077832957,Gradient Boosting,Waitlist,0.49992195077832957
4529,Waitlist,0.4905660377358487,Waitlist,0.43227592606632614,Waitlist,0.420745091819589,Gradient Boosting,Waitlist,0.420745091819589
4530,Waitlist,0.4905660377358487,Waitlist,0.29336638720071057,Waitlist,0.19986615893115964,Gradient Boosting,Waitlist,0.19986615893115964
4531,Waitlist,0.4905660377358487,Waitlist,0.38677915017822306,Waitlist,0.37840651267101394,Gradient Boosting,Waitlist,0.37840651267101394
4532,Waitlist,0.4905660377358487,Admit,0.5284984235988075,Waitlist,0.354219861314426,Gradient Boosting,Waitlist,0.354219861314426
4533,Waitlist,0.14285714285714282,Waitlist,0.25759025052782686,Waitlist,0.1586818678406339,Gradient Boosting,Waitlist,0.1586818678406339
4534,Admit,0.6351351351351351,Admit,0.5050462512471477,Waitlist,0.2953815476231897,Gradient Boosting,Waitlist,0.2953815476231897
4535,Waitlist,0.027027027027027025,Waitlist,0.47378029379223296,Waitlist,0.33243931088509265,Gradient Boosting,Waitlist,0.33243931088509265
4536,Waitlist,0.14285714285714282,Waitlist,0.3395539126060854,Waitlist,0.1313670436088613,Gradient Boosting,Waitlist,0.1313670436088613
4537,Waitlist,0.4905660377358487,Waitlist,0.3650865415305367,Waitlist,0.1890996573981515,Gradient Boosting,Waitlist,0.1890996573981515
4538,Admit,1.0,Waitlist,0.4036844841466043,Admit,0.5754534960220687,Gradient Boosting,Admit,0.5754534960220687
4539,Waitlist,0.13461538461538458,Waitlist,0.26772979561186644,Waitlist,0.33633261095387795,Gradient Boosting,Waitlist,0.33633261095387795
4541,Waitlist,0.4905660377358487,Waitlist,0.4181380609124479,Waitlist,0.26599832339490265,Gradient Boosting,Waitlist,0.26599832339490265
4542,Admit,1.0,Waitlist,0.4849680425228789,Waitlist,0.4627536379325042,Gradient Boosting,Waitlist,0.4627536379325042
4543,Waitlist,0.13461538461538458,Waitlist,0.3996463764111788,Waitlist,0.3891890296270062,Gradient Boosting,Waitlist,0.3891890296270062
4544,Waitlist,0.23404255319148923,Admit,0.6113477503784881,Waitlist,0.42718248503882805,Gradient Boosting,Waitlist,0.42718248503882805
4545,Waitlist,0.027027027027027025,Waitlist,0.4313485369493159,Waitlist,0.25739208122388013,Gradient Boosting,Waitlist,0.25739208122388013
4547,Waitlist,0.4905660377358487,Waitlist,0.34217794288655823,Waitlist,0.17743643666221134,Gradient Boosting,Waitlist,0.17743643666221134
4548,Waitlist,0.4545454545454544,Waitlist,0.3057363602011404,Waitlist,0.17935768654730752,Gradient Boosting,Waitlist,0.17935768654730752
4549,Waitlist,0.4545454545454544,Waitlist,0.45218076587231015,Waitlist,0.3077915082470626,Gradient Boosting,Waitlist,0.3077915082470626
4550,Waitlist,0.4905660377358487,Waitlist,0.29262120882986586,Waitlist,0.2091353113689613,Gradient Boosting,Waitlist,0.2091353113689613
4551,Admit,0.8301886792452832,Admit,0.652271661171748,Admit,0.6485829476635462,Gradient Boosting,Admit,0.6485829476635462
4552,Waitlist,0.0869565217391304,Waitlist,0.23810768050781297,Waitlist,0.060220480101058294,Gradient Boosting,Waitlist,0.060220480101058294
4553,Waitlist,0.13461538461538458,Waitlist,0.4281868193333607,Waitlist,0.3676893042519515,Gradient Boosting,Waitlist,0.3676893042519515
4554,Waitlist,0.14285714285714282,Waitlist,0.28992007883178683,Waitlist,0.22388457867643297,Gradient Boosting,Waitlist,0.22388457867643297
4555,Waitlist,0.3571428571428568,Waitlist,0.3656156066166388,Waitlist,0.40297491724287066,Gradient Boosting,Waitlist,0.40297491724287066
4556,Waitlist,0.4905660377358487,Waitlist,0.33980826479944864,Waitlist,0.23486823681477373,Gradient Boosting,Waitlist,0.23486823681477373
4557,Admit,0.6029411764705921,Admit,0.668615530280578,Admit,0.8242396217486447,Gradient Boosting,Admit,0.8242396217486447
4558,Admit,0.6029411764705921,Admit,0.5177189018830642,Waitlist,0.4443294579721845,Gradient Boosting,Waitlist,0.4443294579721845
4560,Admit,0.6029411764705921,Admit,0.5322759259979456,Admit,0.6737479711733909,Gradient Boosting,Admit,0.6737479711733909
4561,Waitlist,0.4545454545454544,Waitlist,0.3219943508268352,Waitlist,0.14150498222272095,Gradient Boosting,Waitlist,0.14150498222272095
4563,Admit,0.5909090909090908,Admit,0.587665481994701,Admit,0.6790049628346011,Gradient Boosting,Admit,0.6790049628346011
4564,Waitlist,0.027027027027027025,Waitlist,0.3554670318062585,Waitlist,0.3081393660738526,Gradient Boosting,Waitlist,0.3081393660738526
4565,Waitlist,0.4545454545454544,Waitlist,0.4500089934514753,Waitlist,0.34767926395357956,Gradient Boosting,Waitlist,0.34767926395357956
4566,Admit,0.625,Admit,0.5577858333495793,Admit,0.5658971439822438,Gradient Boosting,Admit,0.5658971439822438
4567,Waitlist,0.4905660377358487,Waitlist,0.362979776585423,Waitlist,0.3970818348488704,Gradient Boosting,Waitlist,0.3970818348488704
4568,Admit,0.6351351351351351,Waitlist,0.3870182930346811,Waitlist,0.19167101662258618,Gradient Boosting,Waitlist,0.19167101662258618
4570,Waitlist,0.4905660377358487,Waitlist,0.27568456367179944,Waitlist,0.2053045148185389,Gradient Boosting,Waitlist,0.2053045148185389
4571,Waitlist,0.0869565217391304,Admit,0.5020996800127789,Waitlist,0.33243931088509265,Gradient Boosting,Waitlist,0.33243931088509265
4572,Admit,1.0,Waitlist,0.3184630105674002,Waitlist,0.35082962325592015,Gradient Boosting,Waitlist,0.35082962325592015
4573,Admit,1.0,Waitlist,0.3382494159725741,Admit,0.611066787446141,Gradient Boosting,Admit,0.611066787446141
4574,Admit,1.0,Waitlist,0.4505368786899166,Admit,0.8316333784126357,Gradient Boosting,Admit,0.8316333784126357
4575,Admit,1.0,Waitlist,0.37582111809017876,Admit,0.6400943714642212,Gradient Boosting,Admit,0.6400943714642212
4576,Waitlist,0.027027027027027025,Waitlist,0.28941474697818187,Waitlist,0.1681978756718767,Gradient Boosting,Waitlist,0.1681978756718767
4577,Waitlist,0.13461538461538458,Waitlist,0.4281971055592325,Admit,0.6008914546452802,Gradient Boosting,Admit,0.6008914546452802
4578,Admit,1.0,Waitlist,0.37293823040622465,Waitlist,0.43854533853537636,Gradient Boosting,Waitlist,0.43854533853537636
4579,Admit,1.0,Waitlist,0.4003356241051816,Admit,0.8149828132676138,Gradient Boosting,Admit,0.8149828132676138
4580,Waitlist,0.4905660377358487,Waitlist,0.491711745159454,Waitlist,0.41144072189382275,Gradient Boosting,Waitlist,0.41144072189382275
4581,Waitlist,0.1627906976744185,Waitlist,0.46139797096428975,Waitlist,0.40783862821847733,Gradient Boosting,Waitlist,0.40783862821847733
4582,Admit,1.0,Waitlist,0.38124846164470205,Admit,0.5599521273096372,Gradient Boosting,Admit,0.5599521273096372
4583,Waitlist,0.13461538461538458,Waitlist,0.3088088519025983,Waitlist,0.2741906428158912,Gradient Boosting,Waitlist,0.2741906428158912
4585,Waitlist,0.027027027027027025,Waitlist,0.35453053048899447,Waitlist,0.17062112673354232,Gradient Boosting,Waitlist,0.17062112673354232
4586,Waitlist,0.0869565217391304,Admit,0.544372509011409,Admit,0.5174653744915729,Gradient Boosting,Admit,0.5174653744915729
4587,Waitlist,0.0869565217391304,Waitlist,0.3569608112719789,Waitlist,0.1297589337418711,Gradient Boosting,Waitlist,0.1297589337418711
4588,Waitlist,0.13461538461538458,Waitlist,0.3208647308159314,Waitlist,0.23797124378089746,Gradient Boosting,Waitlist,0.23797124378089746
4589,Waitlist,0.4545454545454544,Waitlist,0.35836407202893816,Waitlist,0.15311257329955208,Gradient Boosting,Waitlist,0.15311257329955208
4590,Admit,0.625,Admit,0.5225359428553976,Admit,0.5658971439822438,Gradient Boosting,Admit,0.5658971439822438
4591,Waitlist,0.1627906976744185,Waitlist,0.33434141112031146,Waitlist,0.24240658617568137,Gradient Boosting,Waitlist,0.24240658617568137
4592,Admit,0.8301886792452832,Admit,0.6644280058992178,Admit,0.6630947156261943,Gradient Boosting,Admit,0.6630947156261943
4593,Waitlist,0.0869565217391304,Admit,0.5386649000910562,Waitlist,0.3277545424061306,Gradient Boosting,Waitlist,0.3277545424061306
4594,Waitlist,0.0869565217391304,Waitlist,0.2208759361625636,Waitlist,0.07148498128826905,Gradient Boosting,Waitlist,0.07148498128826905
4595,Admit,0.6351351351351351,Admit,0.6002942472731231,Admit,0.5066048057261318,Gradient Boosting,Admit,0.5066048057261318
4596,Waitlist,0.4545454545454544,Waitlist,0.3702780586224893,Waitlist,0.2737466656050129,Gradient Boosting,Waitlist,0.2737466656050129
4598,Waitlist,0.13461538461538458,Waitlist,0.31252343145282757,Waitlist,0.2707200478638561,Gradient Boosting,Waitlist,0.2707200478638561
4599,Admit,0.6029411764705921,Waitlist,0.479243353372784,Waitlist,0.3206328427557638,Gradient Boosting,Waitlist,0.3206328427557638
4600,Waitlist,0.4905660377358487,Waitlist,0.43831068937291784,Admit,0.518799767180327,Gradient Boosting,Admit,0.518799767180327
4601,Waitlist,0.0869565217391304,Waitlist,0.3125357910430642,Waitlist,0.08185583824601177,Gradient Boosting,Waitlist,0.08185583824601177
4603,Waitlist,0.0869565217391304,Waitlist,0.4127917248166165,Waitlist,0.3194307991438474,Gradient Boosting,Waitlist,0.3194307991438474
4604,Waitlist,0.13461538461538458,Waitlist,0.4828479431519715,Waitlist,0.38735744075708634,Gradient Boosting,Waitlist,0.38735744075708634
4605,Waitlist,0.0869565217391304,Waitlist,0.341305986702105,Waitlist,0.24717833256607835,Gradient Boosting,Waitlist,0.24717833256607835
4606,Waitlist,0.4905660377358487,Waitlist,0.3529153651132253,Waitlist,0.19013719970066167,Gradient Boosting,Waitlist,0.19013719970066167
4607,Waitlist,0.4545454545454544,Waitlist,0.3345720944576271,Waitlist,0.15810829217868086,Gradient Boosting,Waitlist,0.15810829217868086
4608,Waitlist,0.027027027027027025,Waitlist,0.23730666208481532,Waitlist,0.18511876981452347,Gradient Boosting,Waitlist,0.18511876981452347
4609,Waitlist,0.027027027027027025,Waitlist,0.2625789923187254,Waitlist,0.13040966315622562,Gradient Boosting,Waitlist,0.13040966315622562
4610,Waitlist,0.0869565217391304,Waitlist,0.35150614465408553,Waitlist,0.0947776349659858,Gradient Boosting,Waitlist,0.0947776349659858
4611,Admit,1.0,Waitlist,0.31007346737433844,Waitlist,0.3144106631739362,Gradient Boosting,Waitlist,0.3144106631739362
4614,Admit,1.0,Admit,0.5008620185040193,Admit,0.7844479823260124,Gradient Boosting,Admit,0.7844479823260124
4615,Waitlist,0.0869565217391304,Waitlist,0.3687602775573742,Waitlist,0.2751726047405128,Gradient Boosting,Waitlist,0.2751726047405128
4616,Waitlist,0.13461538461538458,Waitlist,0.33076704845240057,Waitlist,0.22240661125597297,Gradient Boosting,Waitlist,0.22240661125597297
4617,Waitlist,0.13461538461538458,Waitlist,0.32494045946448585,Waitlist,0.2468652011048279,Gradient Boosting,Waitlist,0.2468652011048279
4618,Admit,1.0,Waitlist,0.2841768194229321,Waitlist,0.3315432870460766,Gradient Boosting,Waitlist,0.3315432870460766
4619,Admit,0.6029411764705921,Admit,0.7961013196399588,Admit,0.7820976067051884,Gradient Boosting,Admit,0.7820976067051884
4620,Waitlist,0.4905660377358487,Waitlist,0.45163626435426,Waitlist,0.3613606399811864,Gradient Boosting,Waitlist,0.3613606399811864
4621,Admit,0.6029411764705921,Admit,0.6546474791251407,Admit,0.6484114753472631,Gradient Boosting,Admit,0.6484114753472631
4623,Waitlist,0.4905660377358487,Waitlist,0.33668945762569485,Waitlist,0.2699986748343548,Gradient Boosting,Waitlist,0.2699986748343548
4624,Admit,0.6029411764705921,Admit,0.6469372968181262,Admit,0.5113113067750502,Gradient Boosting,Admit,0.5113113067750502
4625,Waitlist,0.14285714285714282,Waitlist,0.33502348654096004,Waitlist,0.22008877891143835,Gradient Boosting,Waitlist,0.22008877891143835
4626,Waitlist,0.4905660377358487,Waitlist,0.35645053629957374,Waitlist,0.2145213637340982,Gradient Boosting,Waitlist,0.2145213637340982
4627,Waitlist,0.0869565217391304,Waitlist,0.3529184668675796,Waitlist,0.2700239272436371,Gradient Boosting,Waitlist,0.2700239272436371
4628,Waitlist,0.4545454545454544,Waitlist,0.44585316129977637,Waitlist,0.3397602118600511,Gradient Boosting,Waitlist,0.3397602118600511
4629,Admit,1.0,Waitlist,0.3257950573829725,Admit,0.5322776903921235,Gradient Boosting,Admit,0.5322776903921235
4630,Waitlist,0.13461538461538458,Waitlist,0.27535773209521053,Waitlist,0.14336951470234946,Gradient Boosting,Waitlist,0.14336951470234946
4631,Waitlist,0.4905660377358487,Waitlist,0.46974300267251473,Waitlist,0.35681517103252997,Gradient Boosting,Waitlist,0.35681517103252997
4632,Waitlist,0.4545454545454544,Waitlist,0.43208568059460173,Waitlist,0.33116480360036016,Gradient Boosting,Waitlist,0.33116480360036016
4633,Waitlist,0.027027027027027025,Waitlist,0.347532672335208,Waitlist,0.15900784789469005,Gradient Boosting,Waitlist,0.15900784789469005
4634,Admit,0.6029411764705921,Admit,0.529629555673228,Admit,0.7553118532156516,Gradient Boosting,Admit,0.7553118532156516
4635,Waitlist,0.0869565217391304,Waitlist,0.33656023874882574,Waitlist,0.23449643566623568,Gradient Boosting,Waitlist,0.23449643566623568
4636,Admit,1.0,Waitlist,0.3273038983168484,Admit,0.5088967483328459,Gradient Boosting,Admit,0.5088967483328459
4637,Waitlist,0.4905660377358487,Waitlist,0.3882503110952574,Waitlist,0.2430684661147089,Gradient Boosting,Waitlist,0.2430684661147089
4638,Admit,0.6029411764705921,Admit,0.7402418815540958,Admit,0.8460507394038106,Gradient Boosting,Admit,0.8460507394038106
4639,Admit,1.0,Admit,0.700090173094792,Admit,0.6742369025842462,Gradient Boosting,Admit,0.6742369025842462
4640,Admit,1.0,Admit,0.5042161501639293,Admit,0.8221017120177656,Gradient Boosting,Admit,0.8221017120177656
4641,Waitlist,0.027027027027027025,Waitlist,0.34657439631200987,Waitlist,0.13169497970086882,Gradient Boosting,Waitlist,0.13169497970086882
4643,Waitlist,0.13461538461538458,Waitlist,0.2866099840863082,Waitlist,0.28378254416046933,Gradient Boosting,Waitlist,0.28378254416046933
4644,Admit,1.0,Waitlist,0.3820879574693076,Waitlist,0.32880664428975787,Gradient Boosting,Waitlist,0.32880664428975787
4645,Admit,0.6029411764705921,Admit,0.749772935004502,Admit,0.8212199601664301,Gradient Boosting,Admit,0.8212199601664301
4646,Admit,1.0,Waitlist,0.4559532668487833,Admit,0.5486642284293458,Gradient Boosting,Admit,0.5486642284293458
4647,Admit,1.0,Admit,0.5629602253615681,Admit,0.6092505406017367,Gradient Boosting,Admit,0.6092505406017367
4648,Waitlist,0.0869565217391304,Waitlist,0.43899308837983453,Waitlist,0.14635894979983521,Gradient Boosting,Waitlist,0.14635894979983521
4649,Waitlist,0.4905660377358487,Waitlist,0.3000012335008557,Waitlist,0.13459267326054855,Gradient Boosting,Waitlist,0.13459267326054855
4650,Admit,1.0,Waitlist,0.3499616727432712,Admit,0.5549660348472364,Gradient Boosting,Admit,0.5549660348472364
4651,Admit,1.0,Waitlist,0.30740479768026674,Waitlist,0.3278250852160101,Gradient Boosting,Waitlist,0.3278250852160101
4652,Waitlist,0.4545454545454544,Waitlist,0.4180701618123645,Waitlist,0.18513787742382115,Gradient Boosting,Waitlist,0.18513787742382115
4653,Admit,0.6351351351351351,Waitlist,0.3838008200647384,Waitlist,0.45106451241927564,Gradient Boosting,Waitlist,0.45106451241927564
4654,Admit,0.6029411764705921,Admit,0.6086051052422156,Admit,0.5907727864954703,Gradient Boosting,Admit,0.5907727864954703
4656,Admit,0.8301886792452832,Admit,0.663943015924222,Admit,0.5811889243583093,Gradient Boosting,Admit,0.5811889243583093
4657,Waitlist,0.23404255319148923,Admit,0.5568756370168558,Waitlist,0.34666345046284736,Gradient Boosting,Waitlist,0.34666345046284736
4660,Waitlist,0.4905660377358487,Waitlist,0.42790120583463526,Waitlist,0.2993039680511404,Gradient Boosting,Waitlist,0.2993039680511404
4661,Waitlist,0.4905660377358487,Waitlist,0.3112197083116808,Waitlist,0.2743136927629791,Gradient Boosting,Waitlist,0.2743136927629791
4662,Admit,1.0,Admit,0.535468201372247,Admit,0.8727516260894946,Gradient Boosting,Admit,0.8727516260894946
4663,Waitlist,0.0869565217391304,Waitlist,0.2672210351437856,Waitlist,0.08396786933851431,Gradient Boosting,Waitlist,0.08396786933851431
4664,Waitlist,0.1627906976744185,Waitlist,0.36691267901625596,Waitlist,0.396863260596733,Gradient Boosting,Waitlist,0.396863260596733
4665,Waitlist,0.13461538461538458,Waitlist,0.3622567640285526,Admit,0.519469568893007,Gradient Boosting,Admit,0.519469568893007
4666,Waitlist,0.4545454545454544,Waitlist,0.3334783203056912,Waitlist,0.2503257108304191,Gradient Boosting,Waitlist,0.2503257108304191
4667,Waitlist,0.14285714285714282,Waitlist,0.32918355327066784,Waitlist,0.14151069275450007,Gradient Boosting,Waitlist,0.14151069275450007
4668,Admit,0.6351351351351351,Waitlist,0.4322503472708532,Waitlist,0.3454265901043987,Gradient Boosting,Waitlist,0.3454265901043987
4669,Waitlist,0.13461538461538458,Waitlist,0.36752634518381666,Waitlist,0.3833057881843977,Gradient Boosting,Waitlist,0.3833057881843977
4671,Waitlist,0.4905660377358487,Admit,0.5011937919389229,Admit,0.5637650464764106,Gradient Boosting,Admit,0.5637650464764106
4672,Waitlist,0.4905660377358487,Waitlist,0.42950797041358424,Admit,0.5605303116579229,Gradient Boosting,Admit,0.5605303116579229
4673,Admit,1.0,Waitlist,0.3835622010940593,Admit,0.7089556369565868,Gradient Boosting,Admit,0.7089556369565868
4674,Waitlist,0.3571428571428568,Waitlist,0.4027894177838318,Waitlist,0.4057115110556197,Gradient Boosting,Waitlist,0.4057115110556197
4675,Admit,0.5909090909090908,Admit,0.6065394008418135,Waitlist,0.48974431408893415,Gradient Boosting,Waitlist,0.48974431408893415
4676,Waitlist,0.13461538461538458,Waitlist,0.35382798726510534,Waitlist,0.30727009791854576,Gradient Boosting,Waitlist,0.30727009791854576
4677,Admit,1.0,Waitlist,0.2637074925069001,Waitlist,0.12399923096637037,Gradient Boosting,Waitlist,0.12399923096637037
4678,Admit,0.6029411764705921,Admit,0.6430455001309495,Admit,0.6173806005268129,Gradient Boosting,Admit,0.6173806005268129
4679,Admit,1.0,Waitlist,0.4107546843660961,Admit,0.5004796056406686,Gradient Boosting,Admit,0.5004796056406686
4681,Admit,0.6029411764705921,Admit,0.7427747871520116,Admit,0.7931792340996812,Gradient Boosting,Admit,0.7931792340996812
4682,Admit,0.6029411764705921,Admit,0.6162255402935574,Admit,0.5183765843060416,Gradient Boosting,Admit,0.5183765843060416
4683,Waitlist,0.14285714285714282,Waitlist,0.32489044433338815,Waitlist,0.25243450065045425,Gradient Boosting,Waitlist,0.25243450065045425
4684,Admit,1.0,Waitlist,0.4732454069252163,Admit,0.5194235647673966,Gradient Boosting,Admit,0.5194235647673966
4685,Waitlist,0.23404255319148923,Waitlist,0.4756740041375143,Waitlist,0.421757495496223,Gradient Boosting,Waitlist,0.421757495496223
4686,Waitlist,0.4905660377358487,Waitlist,0.3975491823371888,Waitlist,0.38944834758189756,Gradient Boosting,Waitlist,0.38944834758189756
4687,Waitlist,0.0869565217391304,Waitlist,0.3317697984845881,Waitlist,0.17333864889165576,Gradient Boosting,Waitlist,0.17333864889165576
4688,Waitlist,0.4905660377358487,Waitlist,0.43921458941374936,Waitlist,0.35505625708689187,Gradient Boosting,Waitlist,0.35505625708689187
4689,Admit,1.0,Admit,0.7226665038778932,Admit,0.7965932165125826,Gradient Boosting,Admit,0.7965932165125826
4690,Admit,1.0,Admit,0.7289519186394321,Admit,0.7104924054269617,Gradient Boosting,Admit,0.7104924054269617
4691,Waitlist,0.1627906976744185,Waitlist,0.3445987418236829,Waitlist,0.35498896212085645,Gradient Boosting,Waitlist,0.35498896212085645
4692,Admit,1.0,Waitlist,0.3386760381675541,Admit,0.6319881152919162,Gradient Boosting,Admit,0.6319881152919162
4693,Admit,1.0,Waitlist,0.3505594773351839,Admit,0.7351902101991746,Gradient Boosting,Admit,0.7351902101991746
4694,Waitlist,0.3571428571428571,Waitlist,0.45543836411657584,Waitlist,0.376566711985889,Gradient Boosting,Waitlist,0.376566711985889
4695,Waitlist,0.0869565217391304,Waitlist,0.2824367308189739,Waitlist,0.1504543836975248,Gradient Boosting,Waitlist,0.1504543836975248
4697,Waitlist,0.23404255319148923,Admit,0.6283806682158428,Admit,0.6915612717712,Gradient Boosting,Admit,0.6915612717712
4698,Admit,0.6029411764705921,Admit,0.5995846634110212,Admit,0.6104596058930126,Gradient Boosting,Admit,0.6104596058930126
4700,Waitlist,0.4545454545454544,Waitlist,0.43625752793492506,Waitlist,0.307232784380305,Gradient Boosting,Waitlist,0.307232784380305
4701,Admit,0.6351351351351351,Admit,0.5891561924888584,Admit,0.5066048057261318,Gradient Boosting,Admit,0.5066048057261318
4702,Waitlist,0.20588235294117635,Waitlist,0.39738911625375095,Waitlist,0.4014956229826546,Gradient Boosting,Waitlist,0.4014956229826546
4703,Admit,0.5909090909090908,Admit,0.5656673234495334,Waitlist,0.3845941128321477,Gradient Boosting,Waitlist,0.3845941128321477
4704,Waitlist,0.4905660377358487,Waitlist,0.4534220907123328,Waitlist,0.3215527863834572,Gradient Boosting,Waitlist,0.3215527863834572
4705,Admit,0.6351351351351351,Admit,0.5134950938670833,Waitlist,0.4125813320054218,Gradient Boosting,Waitlist,0.4125813320054218
4706,Waitlist,0.0869565217391304,Waitlist,0.3640355126926973,Waitlist,0.2953523026335689,Gradient Boosting,Waitlist,0.2953523026335689
4707,Waitlist,0.20588235294117635,Waitlist,0.49315858679355595,Waitlist,0.47119786549122294,Gradient Boosting,Waitlist,0.47119786549122294
4708,Admit,1.0,Admit,0.6772116022520427,Admit,0.5342818594223014,Gradient Boosting,Admit,0.5342818594223014
4709,Admit,1.0,Waitlist,0.4405138118183307,Admit,0.5570201318797182,Gradient Boosting,Admit,0.5570201318797182
4710,Admit,1.0,Waitlist,0.38567623625445663,Admit,0.5925952832486937,Gradient Boosting,Admit,0.5925952832486937
4711,Admit,0.6029411764705921,Admit,0.5478879551098722,Admit,0.5131022478850559,Gradient Boosting,Admit,0.5131022478850559
4712,Admit,0.5909090909090908,Admit,0.5927722089682995,Waitlist,0.39955027639137786,Gradient Boosting,Waitlist,0.39955027639137786
4713,Waitlist,0.13461538461538458,Waitlist,0.4837866018670901,Admit,0.6594940410694712,Gradient Boosting,Admit,0.6594940410694712
4714,Waitlist,0.4905660377358487,Waitlist,0.3636266473746152,Waitlist,0.23241883965409163,Gradient Boosting,Waitlist,0.23241883965409163
4715,Waitlist,0.027027027027027025,Waitlist,0.24216973988413323,Waitlist,0.09984414585531849,Gradient Boosting,Waitlist,0.09984414585531849
4716,Waitlist,0.13461538461538458,Waitlist,0.2947845074777203,Waitlist,0.3178510691718842,Gradient Boosting,Waitlist,0.3178510691718842
4717,Waitlist,0.4905660377358487,Waitlist,0.4046881819920146,Waitlist,0.3463238283178164,Gradient Boosting,Waitlist,0.3463238283178164
4719,Waitlist,0.13461538461538458,Waitlist,0.35867510995854734,Admit,0.5091729913385996,Gradient Boosting,Admit,0.5091729913385996
4720,Admit,1.0,Waitlist,0.34487716471988394,Admit,0.7050284710312394,Gradient Boosting,Admit,0.7050284710312394
4721,Admit,1.0,Waitlist,0.47373632041130387,Admit,0.7844479823260124,Gradient Boosting,Admit,0.7844479823260124
4722,Waitlist,0.0869565217391304,Waitlist,0.32408213210789394,Waitlist,0.07371446165311417,Gradient Boosting,Waitlist,0.07371446165311417
4723,Waitlist,0.0869565217391304,Waitlist,0.25331105970001727,Waitlist,0.054605372255754084,Gradient Boosting,Waitlist,0.054605372255754084
4724,Admit,0.6029411764705921,Admit,0.8116731905929433,Admit,0.7530459685348205,Gradient Boosting,Admit,0.7530459685348205
4725,Admit,0.6351351351351351,Waitlist,0.420706411374531,Waitlist,0.4014956229826546,Gradient Boosting,Waitlist,0.4014956229826546
4726,Admit,1.0,Waitlist,0.4578184137798839,Admit,0.6559652475779709,Gradient Boosting,Admit,0.6559652475779709
4727,Waitlist,0.23404255319148923,Waitlist,0.48668164096919514,Waitlist,0.41368994747660276,Gradient Boosting,Waitlist,0.41368994747660276
4728,Waitlist,0.0869565217391304,Waitlist,0.33304723427900124,Waitlist,0.17363364224986336,Gradient Boosting,Waitlist,0.17363364224986336
4729,Admit,0.6029411764705921,Admit,0.6973753559837537,Admit,0.610253001995988,Gradient Boosting,Admit,0.610253001995988
4730,Admit,0.6029411764705921,Admit,0.673445119097324,Admit,0.6160205797828152,Gradient Boosting,Admit,0.6160205797828152
4731,Waitlist,0.027027027027027025,Waitlist,0.4028030359244149,Waitlist,0.21116675596880802,Gradient Boosting,Waitlist,0.21116675596880802
4732,Waitlist,0.1627906976744185,Waitlist,0.37430540695665515,Waitlist,0.37583163614969706,Gradient Boosting,Waitlist,0.37583163614969706
4733,Waitlist,0.4905660377358487,Waitlist,0.3094691931677553,Waitlist,0.2842815528354077,Gradient Boosting,Waitlist,0.2842815528354077
4735,Admit,1.0,Admit,0.5607554052929263,Admit,0.5648892043691337,Gradient Boosting,Admit,0.5648892043691337
4736,Waitlist,0.027027027027027025,Admit,0.5106994597198491,Admit,0.6778972922596099,Gradient Boosting,Admit,0.6778972922596099
4738,Waitlist,0.4905660377358487,Waitlist,0.41565003849726784,Waitlist,0.31934698700861464,Gradient Boosting,Waitlist,0.31934698700861464
4739,Waitlist,0.4545454545454544,Waitlist,0.46371647662687193,Waitlist,0.4316295433676527,Gradient Boosting,Waitlist,0.4316295433676527
4740,Waitlist,0.4545454545454544,Waitlist,0.32557171016903197,Waitlist,0.13904352769022432,Gradient Boosting,Waitlist,0.13904352769022432
4741,Admit,1.0,Waitlist,0.3245742535215427,Waitlist,0.3887796396662239,Gradient Boosting,Waitlist,0.3887796396662239
4742,Waitlist,0.027027027027027025,Waitlist,0.28088323988338987,Waitlist,0.13641363323259617,Gradient Boosting,Waitlist,0.13641363323259617
4745,Waitlist,0.0869565217391304,Waitlist,0.36025829040953744,Waitlist,0.3544115808091068,Gradient Boosting,Waitlist,0.3544115808091068
4746,Admit,0.8301886792452832,Admit,0.6288957881536437,Admit,0.67144621553334,Gradient Boosting,Admit,0.67144621553334
4747,Admit,0.6351351351351351,Admit,0.6222413427511685,Admit,0.9037797719164865,Gradient Boosting,Admit,0.9037797719164865
4748,Waitlist,0.4905660377358487,Waitlist,0.4635733968101498,Admit,0.5835019293682845,Gradient Boosting,Admit,0.5835019293682845
4750,Waitlist,0.0869565217391304,Waitlist,0.3809221416766208,Waitlist,0.0947776349659858,Gradient Boosting,Waitlist,0.0947776349659858
4751,Waitlist,0.4905660377358487,Waitlist,0.31215920590559015,Waitlist,0.2743136927629791,Gradient Boosting,Waitlist,0.2743136927629791
4752,Waitlist,0.4905660377358487,Waitlist,0.3235122149218004,Waitlist,0.2382184487702018,Gradient Boosting,Waitlist,0.2382184487702018
4754,Admit,0.6029411764705921,Admit,0.8365134825228184,Admit,0.8203116925777798,Gradient Boosting,Admit,0.8203116925777798
4755,Waitlist,0.4905660377358487,Waitlist,0.4777309128683438,Waitlist,0.38434637093153173,Gradient Boosting,Waitlist,0.38434637093153173
4757,Admit,0.6029411764705921,Admit,0.5606552798744724,Waitlist,0.40293454113419097,Gradient Boosting,Waitlist,0.40293454113419097
4758,Waitlist,0.027027027027027025,Waitlist,0.35506796020684395,Waitlist,0.18105936484966717,Gradient Boosting,Waitlist,0.18105936484966717
4759,Waitlist,0.4905660377358487,Waitlist,0.4666694199606503,Waitlist,0.41346681489264664,Gradient Boosting,Waitlist,0.41346681489264664
4760,Waitlist,0.4905660377358487,Waitlist,0.37012583077776784,Waitlist,0.3111836940114508,Gradient Boosting,Waitlist,0.3111836940114508
4761,Admit,0.6029411764705921,Admit,0.5434165150747916,Waitlist,0.47885883417332425,Gradient Boosting,Waitlist,0.47885883417332425
4762,Waitlist,0.13461538461538458,Waitlist,0.3498716062734633,Waitlist,0.35790916604353346,Gradient Boosting,Waitlist,0.35790916604353346
4763,Admit,1.0,Waitlist,0.35862753826872845,Admit,0.7258146457267622,Gradient Boosting,Admit,0.7258146457267622
4764,Waitlist,0.027027027027027025,Waitlist,0.4199926419513553,Waitlist,0.1754484759970115,Gradient Boosting,Waitlist,0.1754484759970115
4765,Waitlist,0.4905660377358487,Waitlist,0.4649433833109285,Admit,0.5326310828936942,Gradient Boosting,Admit,0.5326310828936942
4766,Admit,0.6029411764705921,Admit,0.5601810627330338,Admit,0.5932612998792455,Gradient Boosting,Admit,0.5932612998792455
4767,Admit,1.0,Admit,0.7878984161264594,Admit,0.8196899382347441,Gradient Boosting,Admit,0.8196899382347441
4769,Waitlist,0.0869565217391304,Waitlist,0.389579960426526,Waitlist,0.0947776349659858,Gradient Boosting,Waitlist,0.0947776349659858
4771,Admit,1.0,Admit,0.6173813268288656,Admit,0.5939215040779837,Gradient Boosting,Admit,0.5939215040779837
4772,Waitlist,0.0869565217391304,Waitlist,0.31951772675665957,Waitlist,0.13179850915292887,Gradient Boosting,Waitlist,0.13179850915292887
4773,Waitlist,0.0869565217391304,Waitlist,0.24377930768474254,Waitlist,0.09218716367362202,Gradient Boosting,Waitlist,0.09218716367362202
4774,Admit,0.6029411764705921,Admit,0.6305113199849991,Admit,0.5766942806464391,Gradient Boosting,Admit,0.5766942806464391
4775,Admit,0.6029411764705921,Admit,0.8119514428429807,Admit,0.7500077901757051,Gradient Boosting,Admit,0.7500077901757051
4777,Waitlist,0.4905660377358487,Waitlist,0.35862241095177716,Waitlist,0.28787892154734573,Gradient Boosting,Waitlist,0.28787892154734573
4778,Waitlist,0.0869565217391304,Waitlist,0.34821519373781507,Waitlist,0.31942074571530166,Gradient Boosting,Waitlist,0.31942074571530166
4779,Waitlist,0.4905660377358487,Waitlist,0.31898276223853994,Waitlist,0.40942935818596904,Gradient Boosting,Waitlist,0.40942935818596904
4780,Waitlist,0.4905660377358487,Waitlist,0.3603858956931215,Waitlist,0.2529764857417154,Gradient Boosting,Waitlist,0.2529764857417154
4781,Waitlist,0.4545454545454544,Waitlist,0.38312112937144954,Waitlist,0.16135687788200428,Gradient Boosting,Waitlist,0.16135687788200428
4782,Waitlist,0.0869565217391304,Waitlist,0.411593546617157,Waitlist,0.11357065658537165,Gradient Boosting,Waitlist,0.11357065658537165
4783,Waitlist,0.0869565217391304,Admit,0.5232077833365582,Waitlist,0.392226904892752,Gradient Boosting,Waitlist,0.392226904892752
4784,Waitlist,0.0869565217391304,Waitlist,0.24444968347089305,Waitlist,0.14284750813122546,Gradient Boosting,Waitlist,0.14284750813122546
4786,Admit,0.6029411764705921,Admit,0.7730536486150521,Admit,0.7420907274091113,Gradient Boosting,Admit,0.7420907274091113
4787,Admit,0.6029411764705921,Admit,0.7741774868687451,Admit,0.8065733118503027,Gradient Boosting,Admit,0.8065733118503027
4788,Waitlist,0.4905660377358487,Waitlist,0.49378593483840527,Waitlist,0.37121999700697483,Gradient Boosting,Waitlist,0.37121999700697483
4789,Admit,0.6029411764705921,Admit,0.7165319561792564,Admit,0.7678002672401937,Gradient Boosting,Admit,0.7678002672401937
4790,Waitlist,0.3571428571428568,Waitlist,0.4503248037566392,Waitlist,0.3015474154771183,Gradient Boosting,Waitlist,0.3015474154771183
4792,Admit,0.6029411764705921,Admit,0.6577006939356012,Waitlist,0.4772495327259325,Gradient Boosting,Waitlist,0.4772495327259325
4793,Waitlist,0.37931034482758613,Admit,0.7416241677691556,Admit,0.8240289171709883,Gradient Boosting,Admit,0.8240289171709883
4794,Admit,0.8301886792452832,Admit,0.6253222465794969,Admit,0.5710062232759927,Gradient Boosting,Admit,0.5710062232759927
4795,Waitlist,0.4905660377358487,Waitlist,0.4010645731536987,Waitlist,0.375655708808915,Gradient Boosting,Waitlist,0.375655708808915
4796,Waitlist,0.4545454545454544,Admit,0.5157700969100765,Waitlist,0.31589303577972394,Gradient Boosting,Waitlist,0.31589303577972394
4797,Waitlist,0.0869565217391304,Waitlist,0.27072814309608806,Waitlist,0.10821008004091376,Gradient Boosting,Waitlist,0.10821008004091376
4798,Waitlist,0.13461538461538458,Waitlist,0.4277253061257817,Admit,0.5758285092103526,Gradient Boosting,Admit,0.5758285092103526
4799,Admit,1.0,Admit,0.6081592633023033,Waitlist,0.4244873891159268,Gradient Boosting,Waitlist,0.4244873891159268
4800,Waitlist,0.13461538461538458,Waitlist,0.4193628229888196,Admit,0.5153896982969491,Gradient Boosting,Admit,0.5153896982969491
4801,Waitlist,0.1627906976744185,Waitlist,0.3195257356287678,Waitlist,0.3663187390524612,Gradient Boosting,Waitlist,0.3663187390524612
4802,Waitlist,0.4905660377358487,Waitlist,0.4157664777789336,Waitlist,0.3465949322503351,Gradient Boosting,Waitlist,0.3465949322503351
4803,Waitlist,0.4905660377358487,Waitlist,0.37184975595817754,Waitlist,0.433427388167253,Gradient Boosting,Waitlist,0.433427388167253
4804,Admit,1.0,Waitlist,0.39165431803034173,Waitlist,0.3844301184569286,Gradient Boosting,Waitlist,0.3844301184569286
4805,Admit,1.0,Admit,0.7044674716082013,Admit,0.6212351599229817,Gradient Boosting,Admit,0.6212351599229817
4806,Waitlist,0.4905660377358487,Waitlist,0.29952444662927075,Waitlist,0.28422543008924855,Gradient Boosting,Waitlist,0.28422543008924855
4807,Waitlist,0.13461538461538458,Waitlist,0.3790383941642964,Waitlist,0.34781143895668004,Gradient Boosting,Waitlist,0.34781143895668004
4808,Waitlist,0.0869565217391304,Waitlist,0.41485771988521264,Waitlist,0.21004991558107453,Gradient Boosting,Waitlist,0.21004991558107453
4810,Admit,0.6029411764705921,Admit,0.6960231768197113,Admit,0.7403332527506291,Gradient Boosting,Admit,0.7403332527506291
4811,Waitlist,0.027027027027027025,Waitlist,0.378478680754687,Waitlist,0.1554584058078182,Gradient Boosting,Waitlist,0.1554584058078182
4813,Waitlist,0.027027027027027025,Waitlist,0.28535475619038647,Waitlist,0.11567044346910119,Gradient Boosting,Waitlist,0.11567044346910119
4814,Waitlist,0.4905660377358487,Admit,0.5391353805306288,Admit,0.7192440491583831,Gradient Boosting,Admit,0.7192440491583831
4815,Waitlist,0.13461538461538458,Waitlist,0.3697322352250259,Waitlist,0.374039939274856,Gradient Boosting,Waitlist,0.374039939274856
4816,Waitlist,0.0869565217391304,Waitlist,0.41296160387058584,Waitlist,0.2017688745611846,Gradient Boosting,Waitlist,0.2017688745611846
4817,Admit,1.0,Admit,0.5064273470723942,Waitlist,0.4876762970569172,Gradient Boosting,Waitlist,0.4876762970569172
4818,Admit,1.0,Waitlist,0.3484100854738014,Admit,0.5915832751765833,Gradient Boosting,Admit,0.5915832751765833
4819,Admit,0.6351351351351351,Admit,0.5111232438899059,Admit,0.6390983341550783,Gradient Boosting,Admit,0.6390983341550783
4820,Waitlist,0.0869565217391304,Waitlist,0.39209841133396806,Waitlist,0.24968813719802774,Gradient Boosting,Waitlist,0.24968813719802774
4821,Waitlist,0.4905660377358487,Waitlist,0.31897970062944564,Waitlist,0.2661820764777192,Gradient Boosting,Waitlist,0.2661820764777192
4822,Admit,1.0,Admit,0.5072129808714281,Admit,0.7346639109765583,Gradient Boosting,Admit,0.7346639109765583
4823,Admit,1.0,Waitlist,0.375896375191336,Waitlist,0.4100321070206848,Gradient Boosting,Waitlist,0.4100321070206848
4825,Admit,1.0,Waitlist,0.4055133331679681,Admit,0.5880107916391274,Gradient Boosting,Admit,0.5880107916391274
4827,Admit,0.6351351351351351,Admit,0.6183145311584026,Waitlist,0.47466711886858676,Gradient Boosting,Waitlist,0.47466711886858676
4828,Waitlist,0.4905660377358487,Waitlist,0.29844025502182747,Waitlist,0.23681243512874633,Gradient Boosting,Waitlist,0.23681243512874633
4829,Admit,1.0,Admit,0.6574936166605657,Waitlist,0.4975902772391623,Gradient Boosting,Waitlist,0.4975902772391623
4830,Waitlist,0.0869565217391304,Waitlist,0.22877632148443292,Waitlist,0.1077673250599923,Gradient Boosting,Waitlist,0.1077673250599923
4831,Waitlist,0.4905660377358487,Waitlist,0.32009230518218007,Waitlist,0.2121069040543114,Gradient Boosting,Waitlist,0.2121069040543114
4832,Waitlist,0.0869565217391304,Waitlist,0.2784008638085815,Waitlist,0.10163951662902171,Gradient Boosting,Waitlist,0.10163951662902171
4834,Waitlist,0.3571428571428571,Waitlist,0.4002442033728196,Waitlist,0.38393841744635426,Gradient Boosting,Waitlist,0.38393841744635426
4835,Waitlist,0.13461538461538458,Waitlist,0.3848894204230095,Admit,0.5563402906372333,Gradient Boosting,Admit,0.5563402906372333
4836,Admit,1.0,Waitlist,0.49247248208442035,Admit,0.7165594456880091,Gradient Boosting,Admit,0.7165594456880091
4837,Admit,0.6029411764705921,Admit,0.6519788729656641,Admit,0.6485829476635462,Gradient Boosting,Admit,0.6485829476635462
4838,Waitlist,0.13461538461538458,Waitlist,0.3427191148331486,Waitlist,0.3601971324033384,Gradient Boosting,Waitlist,0.3601971324033384
4839,Waitlist,0.4905660377358487,Waitlist,0.2815370814693244,Waitlist,0.16781047264797247,Gradient Boosting,Waitlist,0.16781047264797247
4840,Admit,0.6029411764705921,Admit,0.5335399567348381,Admit,0.509282414428329,Gradient Boosting,Admit,0.509282414428329
4841,Waitlist,0.4545454545454544,Waitlist,0.371640091259434,Waitlist,0.2503257108304191,Gradient Boosting,Waitlist,0.2503257108304191
4842,Waitlist,0.027027027027027025,Waitlist,0.3232676893889683,Waitlist,0.4146704227731123,Gradient Boosting,Waitlist,0.4146704227731123
4843,Waitlist,0.0869565217391304,Waitlist,0.4391487319769914,Admit,0.5812029529011769,Gradient Boosting,Admit,0.5812029529011769
4845,Waitlist,0.4905660377358487,Waitlist,0.43789158624613844,Waitlist,0.3991728596030731,Gradient Boosting,Waitlist,0.3991728596030731
4846,Waitlist,0.4905660377358487,Waitlist,0.3173203667466611,Waitlist,0.3156565643754704,Gradient Boosting,Waitlist,0.3156565643754704
4847,Waitlist,0.14285714285714282,Waitlist,0.24234149580637931,Waitlist,0.1972337166606134,Gradient Boosting,Waitlist,0.1972337166606134
4848,Waitlist,0.1627906976744185,Waitlist,0.4172394017854405,Admit,0.5145848202202792,Gradient Boosting,Admit,0.5145848202202792
4850,Admit,0.6029411764705921,Admit,0.631905957553466,Admit,0.5288004979776868,Gradient Boosting,Admit,0.5288004979776868
4851,Waitlist,0.4905660377358487,Waitlist,0.4320846773277922,Waitlist,0.39460966180402374,Gradient Boosting,Waitlist,0.39460966180402374
4852,Waitlist,0.4905660377358487,Waitlist,0.40472301231024715,Waitlist,0.28203345556760606,Gradient Boosting,Waitlist,0.28203345556760606
4853,Admit,1.0,Waitlist,0.29961521379890055,Waitlist,0.347560748925671,Gradient Boosting,Waitlist,0.347560748925671
4854,Waitlist,0.0869565217391304,Waitlist,0.30314159239667415,Waitlist,0.13614428051808478,Gradient Boosting,Waitlist,0.13614428051808478
4855,Admit,0.6351351351351351,Admit,0.5978754130926014,Admit,0.5066048057261318,Gradient Boosting,Admit,0.5066048057261318
4856,Waitlist,0.13461538461538458,Waitlist,0.42022174510242755,Waitlist,0.33187764699204925,Gradient Boosting,Waitlist,0.33187764699204925
4857,Admit,0.6351351351351351,Admit,0.6528187859510692,Waitlist,0.47172457376893173,Gradient Boosting,Waitlist,0.47172457376893173
4858,Admit,1.0,Waitlist,0.3634421129819494,Admit,0.5604246329036429,Gradient Boosting,Admit,0.5604246329036429
4859,Waitlist,0.1627906976744185,Waitlist,0.4313465375959013,Waitlist,0.40783862821847733,Gradient Boosting,Waitlist,0.40783862821847733
4860,Waitlist,0.4905660377358487,Waitlist,0.48472284640279817,Admit,0.5589016957445139,Gradient Boosting,Admit,0.5589016957445139
4862,Waitlist,0.4905660377358487,Waitlist,0.34966877835610494,Waitlist,0.30048948821509935,Gradient Boosting,Waitlist,0.30048948821509935
4863,Waitlist,0.4905660377358487,Waitlist,0.30605343366580234,Waitlist,0.21052507733083045,Gradient Boosting,Waitlist,0.21052507733083045
4864,Waitlist,0.0869565217391304,Waitlist,0.4042607050307367,Waitlist,0.15066663224101615,Gradient Boosting,Waitlist,0.15066663224101615
4865,Waitlist,0.4545454545454544,Waitlist,0.42883007945645724,Waitlist,0.22830879661685136,Gradient Boosting,Waitlist,0.22830879661685136
4866,Admit,1.0,Admit,0.8081593655410713,Admit,0.9175948827640641,Gradient Boosting,Admit,0.9175948827640641
4867,Waitlist,0.4545454545454544,Waitlist,0.4461683838381709,Waitlist,0.39458098265763913,Gradient Boosting,Waitlist,0.39458098265763913
4868,Waitlist,0.13461538461538458,Waitlist,0.29519155316787643,Waitlist,0.14846754871785656,Gradient Boosting,Waitlist,0.14846754871785656
4869,Waitlist,0.4905660377358487,Waitlist,0.48633817271768864,Admit,0.5913585186731372,Gradient Boosting,Admit,0.5913585186731372
4870,Admit,1.0,Admit,0.6919008295408072,Admit,0.6067088396545495,Gradient Boosting,Admit,0.6067088396545495
4871,Waitlist,0.4905660377358487,Waitlist,0.4935668561032059,Waitlist,0.40329178108987684,Gradient Boosting,Waitlist,0.40329178108987684
4872,Admit,0.6029411764705921,Admit,0.7267095049050512,Admit,0.7131763826031925,Gradient Boosting,Admit,0.7131763826031925
4873,Admit,1.0,Admit,0.697219327163171,Admit,0.8042498529648767,Gradient Boosting,Admit,0.8042498529648767
4874,Waitlist,0.4545454545454544,Waitlist,0.46816935533554244,Waitlist,0.3082420315138336,Gradient Boosting,Waitlist,0.3082420315138336
4875,Admit,1.0,Waitlist,0.28789460549835266,Waitlist,0.28088268578734865,Gradient Boosting,Waitlist,0.28088268578734865
4876,Waitlist,0.4905660377358487,Waitlist,0.38241675264964975,Waitlist,0.48974482652408036,Gradient Boosting,Waitlist,0.48974482652408036
4877,Admit,0.5909090909090908,Waitlist,0.3457337009616976,Waitlist,0.3478110507102035,Gradient Boosting,Waitlist,0.3478110507102035
4878,Admit,1.0,Waitlist,0.38965040341307194,Waitlist,0.46707692706940923,Gradient Boosting,Waitlist,0.46707692706940923
4879,Admit,0.6029411764705921,Admit,0.7321700574895418,Admit,0.6461484973641247,Gradient Boosting,Admit,0.6461484973641247
4880,Waitlist,0.13461538461538458,Waitlist,0.29157403186282677,Waitlist,0.2468652011048279,Gradient Boosting,Waitlist,0.2468652011048279
4881,Admit,0.6029411764705921,Admit,0.6530627541385791,Admit,0.6911896166257243,Gradient Boosting,Admit,0.6911896166257243
4882,Admit,1.0,Waitlist,0.44155900576262447,Admit,0.6256373999861498,Gradient Boosting,Admit,0.6256373999861498
4884,Admit,1.0,Waitlist,0.4281779811123594,Admit,0.6256373999861498,Gradient Boosting,Admit,0.6256373999861498
4886,Waitlist,0.4545454545454544,Waitlist,0.3653633749200559,Waitlist,0.15424960251506362,Gradient Boosting,Waitlist,0.15424960251506362
4888,Admit,1.0,Waitlist,0.33142566561577236,Waitlist,0.4445514363223988,Gradient Boosting,Waitlist,0.4445514363223988
4889,Waitlist,0.0869565217391304,Waitlist,0.4130559382473175,Waitlist,0.20764906447058082,Gradient Boosting,Waitlist,0.20764906447058082
4890,Admit,1.0,Waitlist,0.3321823201519136,Waitlist,0.4725656601653669,Gradient Boosting,Waitlist,0.4725656601653669
4891,Admit,0.6029411764705921,Admit,0.727726140078115,Admit,0.7073606427189312,Gradient Boosting,Admit,0.7073606427189312
4892,Admit,1.0,Waitlist,0.3682860272018481,Admit,0.6181633244525868,Gradient Boosting,Admit,0.6181633244525868
4893,Waitlist,0.13461538461538458,Waitlist,0.36691142033194857,Waitlist,0.35598810109136647,Gradient Boosting,Waitlist,0.35598810109136647
4894,Waitlist,0.027027027027027025,Waitlist,0.2861861457691292,Waitlist,0.14224685209841567,Gradient Boosting,Waitlist,0.14224685209841567
4895,Waitlist,0.4545454545454544,Waitlist,0.49616226716702394,Waitlist,0.39399869886712524,Gradient Boosting,Waitlist,0.39399869886712524
4896,Waitlist,0.13461538461538458,Waitlist,0.3669985784038645,Waitlist,0.2795008735954161,Gradient Boosting,Waitlist,0.2795008735954161
4897,Admit,0.6351351351351351,Waitlist,0.43446229040858414,Waitlist,0.44815976617659864,Gradient Boosting,Waitlist,0.44815976617659864
4898,Admit,1.0,Waitlist,0.46734713384463494,Waitlist,0.3738737906272102,Gradient Boosting,Waitlist,0.3738737906272102
4899,Admit,0.6029411764705921,Admit,0.6264771165529504,Admit,0.6910446793037771,Gradient Boosting,Admit,0.6910446793037771
4900,Waitlist,0.0869565217391304,Waitlist,0.306346063451674,Waitlist,0.13984190001347538,Gradient Boosting,Waitlist,0.13984190001347538
4902,Admit,1.0,Waitlist,0.3922611781793464,Admit,0.7573149512803928,Gradient Boosting,Admit,0.7573149512803928
4904,Waitlist,0.13461538461538458,Waitlist,0.41461146932620524,Admit,0.547099185340701,Gradient Boosting,Admit,0.547099185340701
4905,Waitlist,0.0869565217391304,Waitlist,0.4302057752109631,Waitlist,0.24225880622103796,Gradient Boosting,Waitlist,0.24225880622103796
4906,Waitlist,0.0869565217391304,Waitlist,0.38803715868075545,Waitlist,0.16192511593460868,Gradient Boosting,Waitlist,0.16192511593460868
4907,Admit,0.6029411764705921,Admit,0.6473471583412769,Admit,0.7398583749556041,Gradient Boosting,Admit,0.7398583749556041
4908,Waitlist,0.13461538461538458,Waitlist,0.35432163732273203,Admit,0.6268294248512659,Gradient Boosting,Admit,0.6268294248512659
4909,Waitlist,0.4905660377358487,Waitlist,0.4561965661064437,Waitlist,0.38944834758189756,Gradient Boosting,Waitlist,0.38944834758189756
4910,Waitlist,0.4905660377358487,Waitlist,0.4736324630441273,Waitlist,0.3953408250854048,Gradient Boosting,Waitlist,0.3953408250854048
4911,Admit,1.0,Admit,0.5617631414384298,Admit,0.5768344223165256,Gradient Boosting,Admit,0.5768344223165256
4912,Waitlist,0.4545454545454544,Waitlist,0.3047372162401657,Waitlist,0.1283408876850305,Gradient Boosting,Waitlist,0.1283408876850305
4913,Admit,0.6029411764705921,Admit,0.6944681792914236,Admit,0.6823399223447209,Gradient Boosting,Admit,0.6823399223447209
4916,Waitlist,0.13461538461538458,Waitlist,0.4918268316922667,Admit,0.7047260902524871,Gradient Boosting,Admit,0.7047260902524871
4917,Waitlist,0.14285714285714282,Waitlist,0.4349082098801403,Waitlist,0.24370318843326286,Gradient Boosting,Waitlist,0.24370318843326286
4918,Waitlist,0.4905660377358487,Waitlist,0.39304816577840573,Waitlist,0.21737343221980981,Gradient Boosting,Waitlist,0.21737343221980981
4919,Waitlist,0.4905660377358487,Admit,0.5099215426995121,Waitlist,0.39444552569355446,Gradient Boosting,Waitlist,0.39444552569355446
4920,Waitlist,0.4545454545454544,Waitlist,0.3487906324256827,Waitlist,0.2706264398030808,Gradient Boosting,Waitlist,0.2706264398030808
4921,Waitlist,0.027027027027027025,Waitlist,0.26782628017709753,Waitlist,0.10362527255352452,Gradient Boosting,Waitlist,0.10362527255352452
4922,Admit,1.0,Admit,0.675927797847847,Admit,0.5002563067363074,Gradient Boosting,Admit,0.5002563067363074
4923,Waitlist,0.4905660377358487,Waitlist,0.3365063616104466,Waitlist,0.4745298004358411,Gradient Boosting,Waitlist,0.4745298004358411
4924,Waitlist,0.4905660377358487,Waitlist,0.351945964472009,Waitlist,0.2102201125861253,Gradient Boosting,Waitlist,0.2102201125861253
4925,Waitlist,0.027027027027027025,Waitlist,0.3801942572561183,Waitlist,0.19840007327865072,Gradient Boosting,Waitlist,0.19840007327865072
4927,Waitlist,0.13461538461538458,Waitlist,0.4367221504165439,Waitlist,0.3261022696572374,Gradient Boosting,Waitlist,0.3261022696572374
4929,Admit,0.6029411764705921,Admit,0.6765819880038797,Admit,0.5899738167248239,Gradient Boosting,Admit,0.5899738167248239
4931,Admit,1.0,Waitlist,0.42671448574065796,Admit,0.5194235647673966,Gradient Boosting,Admit,0.5194235647673966
4932,Admit,1.0,Waitlist,0.3771142614862741,Admit,0.5915832751765833,Gradient Boosting,Admit,0.5915832751765833
4933,Waitlist,0.0869565217391304,Waitlist,0.28482734790010494,Waitlist,0.09662693456228445,Gradient Boosting,Waitlist,0.09662693456228445
4934,Admit,0.5909090909090908,Admit,0.5839080349742553,Admit,0.8312508353420341,Gradient Boosting,Admit,0.8312508353420341
4935,Waitlist,0.4905660377358487,Waitlist,0.3622473693343113,Waitlist,0.28472628515108445,Gradient Boosting,Waitlist,0.28472628515108445
4936,Waitlist,0.13461538461538458,Waitlist,0.37810996869795344,Waitlist,0.33672543244048864,Gradient Boosting,Waitlist,0.33672543244048864
4937,Waitlist,0.14285714285714282,Waitlist,0.2654514072323158,Waitlist,0.08900524538428423,Gradient Boosting,Waitlist,0.08900524538428423
4939,Admit,1.0,Waitlist,0.2672733468298457,Admit,0.5113578702877096,Gradient Boosting,Admit,0.5113578702877096
4940,Waitlist,0.13461538461538458,Waitlist,0.37750216097000333,Waitlist,0.3074797008232904,Gradient Boosting,Waitlist,0.3074797008232904
4941,Waitlist,0.13461538461538458,Waitlist,0.3652130907973314,Waitlist,0.4201024071486288,Gradient Boosting,Waitlist,0.4201024071486288
4942,Waitlist,0.027027027027027025,Waitlist,0.3577124331061529,Waitlist,0.2537741785891159,Gradient Boosting,Waitlist,0.2537741785891159
4943,Waitlist,0.14285714285714282,Waitlist,0.34335579299910235,Waitlist,0.18982113133017697,Gradient Boosting,Waitlist,0.18982113133017697
4946,Waitlist,0.4545454545454544,Waitlist,0.4469002747125275,Waitlist,0.25636774449295097,Gradient Boosting,Waitlist,0.25636774449295097
4947,Admit,0.8301886792452832,Admit,0.692993337039822,Admit,0.7956515042686834,Gradient Boosting,Admit,0.7956515042686834
4948,Waitlist,0.3571428571428568,Admit,0.5312466680578564,Admit,0.5466631735250361,Gradient Boosting,Admit,0.5466631735250361
4949,Admit,0.6029411764705921,Admit,0.6014844903250758,Admit,0.5838260728828262,Gradient Boosting,Admit,0.5838260728828262
4951,Admit,0.6029411764705921,Admit,0.6310330280029165,Admit,0.7302683995513756,Gradient Boosting,Admit,0.7302683995513756
4952,Waitlist,0.4905660377358487,Waitlist,0.32842582724717273,Waitlist,0.46751022258864566,Gradient Boosting,Waitlist,0.46751022258864566
4953,Waitlist,0.0869565217391304,Waitlist,0.348114841377887,Waitlist,0.18035935928460547,Gradient Boosting,Waitlist,0.18035935928460547
4954,Waitlist,0.1627906976744185,Waitlist,0.3942187521612968,Waitlist,0.40783862821847733,Gradient Boosting,Waitlist,0.40783862821847733
4955,Admit,0.6029411764705921,Admit,0.6188996932502843,Admit,0.6461484973641247,Gradient Boosting,Admit,0.6461484973641247
4956,Admit,1.0,Admit,0.6494945286186832,Admit,0.648664249038761,Gradient Boosting,Admit,0.648664249038761
4957,Admit,0.6351351351351351,Admit,0.5412435991863971,Waitlist,0.43841584168165015,Gradient Boosting,Waitlist,0.43841584168165015
4958,Waitlist,0.027027027027027025,Waitlist,0.39463602321711105,Waitlist,0.2026936313002739,Gradient Boosting,Waitlist,0.2026936313002739
4959,Admit,0.8301886792452832,Admit,0.629709860786951,Admit,0.6485829476635462,Gradient Boosting,Admit,0.6485829476635462
4960,Waitlist,0.4545454545454544,Waitlist,0.3281123710597414,Waitlist,0.1840164888708312,Gradient Boosting,Waitlist,0.1840164888708312
4961,Waitlist,0.4545454545454544,Waitlist,0.4300543985158557,Waitlist,0.4413069326494788,Gradient Boosting,Waitlist,0.4413069326494788
4962,Waitlist,0.13461538461538458,Waitlist,0.34059866498271985,Waitlist,0.20159510539898826,Gradient Boosting,Waitlist,0.20159510539898826
4963,Admit,0.6351351351351351,Waitlist,0.4063016163220297,Waitlist,0.41277639844043146,Gradient Boosting,Waitlist,0.41277639844043146
4964,Admit,0.5909090909090908,Admit,0.5109231268566607,Waitlist,0.4978924980072266,Gradient Boosting,Waitlist,0.4978924980072266
4966,Waitlist,0.13461538461538458,Waitlist,0.3403766157814381,Waitlist,0.28641595503344996,Gradient Boosting,Waitlist,0.28641595503344996
4967,Admit,1.0,Waitlist,0.374784762108746,Waitlist,0.3246399252214498,Gradient Boosting,Waitlist,0.3246399252214498
4968,Waitlist,0.0869565217391304,Waitlist,0.4071298969746334,Admit,0.5287678456044361,Gradient Boosting,Admit,0.5287678456044361
4969,Waitlist,0.027027027027027025,Waitlist,0.32199590704790887,Waitlist,0.13535041640454026,Gradient Boosting,Waitlist,0.13535041640454026
4970,Admit,1.0,Admit,0.6438878074400366,Admit,0.6067088396545495,Gradient Boosting,Admit,0.6067088396545495
4971,Admit,0.6351351351351351,Admit,0.6162793071351573,Waitlist,0.4730385496629126,Gradient Boosting,Waitlist,0.4730385496629126
4972,Admit,1.0,Admit,0.5426633676785607,Admit,0.7937037286322606,Gradient Boosting,Admit,0.7937037286322606
4973,Waitlist,0.4905660377358487,Waitlist,0.3329423421705726,Waitlist,0.2624003597514866,Gradient Boosting,Waitlist,0.2624003597514866
4975,Waitlist,0.3571428571428568,Admit,0.7236410995339776,Admit,0.6884360060075052,Gradient Boosting,Admit,0.6884360060075052
4976,Admit,0.5909090909090908,Admit,0.5397280490137578,Waitlist,0.4617872639409608,Gradient Boosting,Waitlist,0.4617872639409608
4978,Waitlist,0.4905660377358487,Waitlist,0.4746724573320487,Waitlist,0.38434637093153173,Gradient Boosting,Waitlist,0.38434637093153173
4979,Admit,1.0,Waitlist,0.4456964450225932,Admit,0.6315514231970771,Gradient Boosting,Admit,0.6315514231970771
4980,Waitlist,0.4905660377358487,Waitlist,0.3532069101321591,Waitlist,0.2618129365716705,Gradient Boosting,Waitlist,0.2618129365716705
4981,Waitlist,0.13461538461538458,Waitlist,0.3398232799140306,Waitlist,0.20159510539898826,Gradient Boosting,Waitlist,0.20159510539898826
4982,Waitlist,0.4905660377358487,Waitlist,0.3278304773074797,Waitlist,0.22568440276916873,Gradient Boosting,Waitlist,0.22568440276916873
4983,Admit,0.625,Admit,0.6132377892284554,Admit,0.6820926384207973,Gradient Boosting,Admit,0.6820926384207973
4984,Waitlist,0.4545454545454544,Waitlist,0.4140158112463738,Waitlist,0.307232784380305,Gradient Boosting,Waitlist,0.307232784380305
4985,Waitlist,0.4905660377358487,Waitlist,0.40346635389762575,Waitlist,0.4842539751058248,Gradient Boosting,Waitlist,0.4842539751058248
4986,Waitlist,0.0869565217391304,Waitlist,0.29802001633360814,Waitlist,0.1243868496248075,Gradient Boosting,Waitlist,0.1243868496248075
4987,Admit,0.6029411764705921,Admit,0.6243947791215329,Admit,0.591905128130933,Gradient Boosting,Admit,0.591905128130933
4989,Admit,1.0,Waitlist,0.3517518307299814,Admit,0.7815561323025058,Gradient Boosting,Admit,0.7815561323025058
4990,Waitlist,0.14285714285714282,Waitlist,0.38158470527085353,Waitlist,0.2528472148329444,Gradient Boosting,Waitlist,0.2528472148329444
4991,Waitlist,0.0869565217391304,Waitlist,0.35393383786493265,Waitlist,0.20989108445008772,Gradient Boosting,Waitlist,0.20989108445008772
4992,Admit,0.5909090909090908,Admit,0.608413234404177,Admit,0.6132441940805867,Gradient Boosting,Admit,0.6132441940805867
4993,Waitlist,0.14285714285714282,Waitlist,0.3392898367536223,Waitlist,0.1765590358831337,Gradient Boosting,Waitlist,0.1765590358831337
4994,Waitlist,0.027027027027027025,Waitlist,0.3859185237608042,Waitlist,0.24558313874909574,Gradient Boosting,Waitlist,0.24558313874909574
4995,Waitlist,0.3571428571428568,Admit,0.6490342571633638,Admit,0.5822637997203262,Gradient Boosting,Admit,0.5822637997203262
4996,Admit,1.0,Admit,0.7170752760992173,Admit,0.7569756827852205,Gradient Boosting,Admit,0.7569756827852205
4997,Waitlist,0.4905660377358487,Waitlist,0.3521386779705778,Waitlist,0.31098640581717657,Gradient Boosting,Waitlist,0.31098640581717657
4998,Waitlist,0.4905660377358487,Waitlist,0.45863584718553624,Waitlist,0.3991728596030731,Gradient Boosting,Waitlist,0.3991728596030731
4999,Waitlist,0.4905660377358487,Waitlist,0.33482703804663705,Waitlist,0.3566039300443239,Gradient Boosting,Waitlist,0.3566039300443239
5000,Waitlist,0.13461538461538458,Waitlist,0.3066108338792093,Waitlist,0.4532837074050704,Gradient Boosting,Waitlist,0.4532837074050704
5002,Waitlist,0.0869565217391304,Waitlist,0.4654625026676382,Waitlist,0.26249359013810125,Gradient Boosting,Waitlist,0.26249359013810125
5004,Waitlist,0.13461538461538458,Waitlist,0.33568238688770397,Waitlist,0.22724263558775806,Gradient Boosting,Waitlist,0.22724263558775806
5005,Admit,1.0,Waitlist,0.4331760956370492,Admit,0.7267461536110446,Gradient Boosting,Admit,0.7267461536110446
5006,Admit,0.6029411764705921,Admit,0.7545083939380404,Admit,0.8865063510354788,Gradient Boosting,Admit,0.8865063510354788
5007,Admit,1.0,Waitlist,0.37528562993252773,Admit,0.7050237552018392,Gradient Boosting,Admit,0.7050237552018392
5008,Waitlist,0.4905660377358487,Waitlist,0.4732792430744188,Admit,0.5814187512402557,Gradient Boosting,Admit,0.5814187512402557
5009,Waitlist,0.1627906976744185,Admit,0.5334766204220324,Admit,0.6020297209455567,Gradient Boosting,Admit,0.6020297209455567
5010,Waitlist,0.4905660377358487,Waitlist,0.3311857388040492,Waitlist,0.29817895610424705,Gradient Boosting,Waitlist,0.29817895610424705
5011,Waitlist,0.4905660377358487,Waitlist,0.4065546743447831,Admit,0.559071084908749,Gradient Boosting,Admit,0.559071084908749
5012,Waitlist,0.4905660377358487,Admit,0.521969220929682,Admit,0.6194243284397859,Gradient Boosting,Admit,0.6194243284397859
5013,Waitlist,0.13461538461538458,Waitlist,0.2970584242829748,Waitlist,0.28378254416046933,Gradient Boosting,Waitlist,0.28378254416046933
5015,Waitlist,0.4545454545454544,Admit,0.5811232771493223,Admit,0.5468668380647123,Gradient Boosting,Admit,0.5468668380647123
5017,Waitlist,0.23404255319148923,Admit,0.5403841830777413,Admit,0.5626496263475529,Gradient Boosting,Admit,0.5626496263475529
5018,Waitlist,0.4545454545454544,Waitlist,0.454101876120167,Admit,0.6471454285344047,Gradient Boosting,Admit,0.6471454285344047
5020,Waitlist,0.027027027027027025,Waitlist,0.2969243168719309,Waitlist,0.15108938244769732,Gradient Boosting,Waitlist,0.15108938244769732
5021,Waitlist,0.4905660377358487,Admit,0.529956543672775,Waitlist,0.49992195077832957,Gradient Boosting,Waitlist,0.49992195077832957
5023,Admit,1.0,Waitlist,0.43092355377566266,Waitlist,0.47753006626699457,Gradient Boosting,Waitlist,0.47753006626699457
5024,Waitlist,0.3571428571428568,Waitlist,0.3476885714414308,Waitlist,0.3496457575852509,Gradient Boosting,Waitlist,0.3496457575852509
5025,Admit,1.0,Waitlist,0.4088880611170081,Admit,0.7757833914240715,Gradient Boosting,Admit,0.7757833914240715
5026,Waitlist,0.13461538461538458,Waitlist,0.2658509319362535,Waitlist,0.29725415401441074,Gradient Boosting,Waitlist,0.29725415401441074
5028,Waitlist,0.14285714285714282,Waitlist,0.35921374249067595,Waitlist,0.12258509383161817,Gradient Boosting,Waitlist,0.12258509383161817
5029,Admit,1.0,Admit,0.7461113385799613,Admit,0.7310404313150127,Gradient Boosting,Admit,0.7310404313150127
5030,Waitlist,0.4905660377358487,Waitlist,0.4761932909299126,Waitlist,0.438954010313657,Gradient Boosting,Waitlist,0.438954010313657
5031,Admit,1.0,Waitlist,0.430251773225105,Admit,0.678689395325706,Gradient Boosting,Admit,0.678689395325706
5032,Admit,1.0,Admit,0.7946495047182913,Admit,0.8989040289197061,Gradient Boosting,Admit,0.8989040289197061
5033,Waitlist,0.4905660377358487,Waitlist,0.42510922695687425,Waitlist,0.3352185979022526,Gradient Boosting,Waitlist,0.3352185979022526
5034,Admit,0.6351351351351351,Admit,0.5380664687230319,Waitlist,0.43321103719617043,Gradient Boosting,Waitlist,0.43321103719617043
5035,Admit,1.0,Waitlist,0.35115279864399973,Admit,0.5269473003306089,Gradient Boosting,Admit,0.5269473003306089
5036,Waitlist,0.4545454545454544,Waitlist,0.33271712621142413,Waitlist,0.2324883997777148,Gradient Boosting,Waitlist,0.2324883997777148
5037,Waitlist,0.4545454545454544,Waitlist,0.3718408007748778,Waitlist,0.2558350974882203,Gradient Boosting,Waitlist,0.2558350974882203
5038,Admit,1.0,Waitlist,0.325474181442974,Admit,0.5311363551392371,Gradient Boosting,Admit,0.5311363551392371
5039,Waitlist,0.027027027027027025,Waitlist,0.3583901111759629,Waitlist,0.2967586289008472,Gradient Boosting,Waitlist,0.2967586289008472
5040,Admit,0.8301886792452832,Admit,0.6485606120942422,Admit,0.6461484973641247,Gradient Boosting,Admit,0.6461484973641247
5041,Admit,0.6029411764705921,Admit,0.6938009962852607,Admit,0.6459669246024679,Gradient Boosting,Admit,0.6459669246024679
5042,Waitlist,0.0869565217391304,Waitlist,0.40024691282964403,Waitlist,0.3027653927143907,Gradient Boosting,Waitlist,0.3027653927143907
5043,Admit,0.6351351351351351,Admit,0.6318778319696395,Admit,0.5222759006378089,Gradient Boosting,Admit,0.5222759006378089
5045,Waitlist,0.4905660377358487,Waitlist,0.306644392256812,Waitlist,0.25476544790055194,Gradient Boosting,Waitlist,0.25476544790055194
5046,Waitlist,0.0869565217391304,Waitlist,0.31651626630390317,Waitlist,0.14533479256559062,Gradient Boosting,Waitlist,0.14533479256559062
5047,Waitlist,0.13461538461538458,Waitlist,0.3655805848132987,Waitlist,0.23766444679700072,Gradient Boosting,Waitlist,0.23766444679700072
5048,Waitlist,0.0869565217391304,Waitlist,0.3050495292832969,Waitlist,0.15968249867384726,Gradient Boosting,Waitlist,0.15968249867384726
5049,Admit,1.0,Waitlist,0.4208223708523981,Admit,0.8149828132676138,Gradient Boosting,Admit,0.8149828132676138
5050,Admit,1.0,Admit,0.7464439342638757,Admit,0.7198977634120703,Gradient Boosting,Admit,0.7198977634120703
5051,Waitlist,0.0869565217391304,Waitlist,0.42782576937046446,Waitlist,0.35722100248721916,Gradient Boosting,Waitlist,0.35722100248721916
5052,Admit,1.0,Admit,0.7757034336885724,Admit,0.8152591958637792,Gradient Boosting,Admit,0.8152591958637792
5053,Waitlist,0.0869565217391304,Waitlist,0.34691768226156855,Waitlist,0.1369491075169684,Gradient Boosting,Waitlist,0.1369491075169684
5054,Waitlist,0.20588235294117635,Admit,0.509640058281182,Admit,0.5359092737301835,Gradient Boosting,Admit,0.5359092737301835
5055,Admit,0.6029411764705921,Admit,0.7162357102809115,Admit,0.6297040938676167,Gradient Boosting,Admit,0.6297040938676167
5057,Waitlist,0.4905660377358487,Waitlist,0.4350576447374959,Waitlist,0.47969226683538857,Gradient Boosting,Waitlist,0.47969226683538857
5058,Waitlist,0.20588235294117635,Admit,0.5188389460927151,Waitlist,0.4546853340022014,Gradient Boosting,Waitlist,0.4546853340022014
5059,Waitlist,0.0869565217391304,Waitlist,0.27536599355445224,Waitlist,0.10157738281054743,Gradient Boosting,Waitlist,0.10157738281054743
5060,Waitlist,0.13461538461538458,Waitlist,0.405531542154406,Waitlist,0.3119728315748,Gradient Boosting,Waitlist,0.3119728315748
5061,Waitlist,0.13461538461538458,Waitlist,0.33553326812663187,Waitlist,0.356909058028894,Gradient Boosting,Waitlist,0.356909058028894
5062,Waitlist,0.4905660377358487,Waitlist,0.4101168834183985,Waitlist,0.28746868794219316,Gradient Boosting,Waitlist,0.28746868794219316
5063,Waitlist,0.4905660377358487,Waitlist,0.48740732878284526,Admit,0.5315294094553035,Gradient Boosting,Admit,0.5315294094553035
5064,Waitlist,0.0869565217391304,Waitlist,0.2911405368120243,Waitlist,0.26797116310515734,Gradient Boosting,Waitlist,0.26797116310515734
5065,Admit,0.6351351351351351,Admit,0.519600437353245,Waitlist,0.30637886212472787,Gradient Boosting,Waitlist,0.30637886212472787
5066,Waitlist,0.4905660377358487,Waitlist,0.3713863592828373,Waitlist,0.2618129365716705,Gradient Boosting,Waitlist,0.2618129365716705
5067,Waitlist,0.027027027027027025,Admit,0.61267666657912,Waitlist,0.4195597283393357,Gradient Boosting,Waitlist,0.4195597283393357
5069,Waitlist,0.4905660377358487,Waitlist,0.3482136065655654,Waitlist,0.2748415047618747,Gradient Boosting,Waitlist,0.2748415047618747
5070,Waitlist,0.0869565217391304,Admit,0.5232146171610044,Waitlist,0.20898867225700635,Gradient Boosting,Waitlist,0.20898867225700635
5071,Waitlist,0.13461538461538458,Waitlist,0.3368024254527938,Waitlist,0.3074797008232904,Gradient Boosting,Waitlist,0.3074797008232904
5072,Waitlist,0.14285714285714282,Waitlist,0.28992007883178683,Waitlist,0.22388457867643297,Gradient Boosting,Waitlist,0.22388457867643297
5073,Waitlist,0.0869565217391304,Waitlist,0.39901670626911484,Waitlist,0.3024844626722484,Gradient Boosting,Waitlist,0.3024844626722484
5074,Waitlist,0.0869565217391304,Waitlist,0.26866731469483796,Waitlist,0.11265331085035286,Gradient Boosting,Waitlist,0.11265331085035286
5075,Waitlist,0.0869565217391304,Waitlist,0.2797698960777805,Waitlist,0.09036422553585176,Gradient Boosting,Waitlist,0.09036422553585176
5076,Admit,1.0,Admit,0.5738682749866828,Admit,0.6669099119363686,Gradient Boosting,Admit,0.6669099119363686
5077,Waitlist,0.4905660377358487,Waitlist,0.37076295047161345,Waitlist,0.34005099348203555,Gradient Boosting,Waitlist,0.34005099348203555
5078,Waitlist,0.4905660377358487,Waitlist,0.4918495952427376,Waitlist,0.37121999700697483,Gradient Boosting,Waitlist,0.37121999700697483
5079,Waitlist,0.23404255319148923,Waitlist,0.44914864480929473,Waitlist,0.472563132648513,Gradient Boosting,Waitlist,0.472563132648513
5080,Waitlist,0.4905660377358487,Waitlist,0.43269656758917385,Waitlist,0.3812414136115958,Gradient Boosting,Waitlist,0.3812414136115958
5081,Admit,0.6029411764705921,Admit,0.6542414450529287,Admit,0.5522469425181451,Gradient Boosting,Admit,0.5522469425181451
5082,Waitlist,0.4545454545454544,Admit,0.5165668599265032,Waitlist,0.2566365846072969,Gradient Boosting,Waitlist,0.2566365846072969
5083,Waitlist,0.0869565217391304,Waitlist,0.35163396577446676,Waitlist,0.19673887771796836,Gradient Boosting,Waitlist,0.19673887771796836
5084,Waitlist,0.4905660377358487,Waitlist,0.4239091285441616,Waitlist,0.29582070124572885,Gradient Boosting,Waitlist,0.29582070124572885
5086,Waitlist,0.14285714285714282,Waitlist,0.3266742515134135,Waitlist,0.21118768321108206,Gradient Boosting,Waitlist,0.21118768321108206
5087,Waitlist,0.4905660377358487,Waitlist,0.26765815301749823,Waitlist,0.21211394938721284,Gradient Boosting,Waitlist,0.21211394938721284
5088,Admit,1.0,Admit,0.7164172205091567,Admit,0.7550084882547907,Gradient Boosting,Admit,0.7550084882547907
5089,Waitlist,0.20588235294117635,Admit,0.5069979840331204,Waitlist,0.45391816721431477,Gradient Boosting,Waitlist,0.45391816721431477
5090,Waitlist,0.13461538461538458,Waitlist,0.2730133804972722,Waitlist,0.31939183655576203,Gradient Boosting,Waitlist,0.31939183655576203
5091,Waitlist,0.0869565217391304,Waitlist,0.2640403862810686,Waitlist,0.19296766233078108,Gradient Boosting,Waitlist,0.19296766233078108
5092,Admit,1.0,Admit,0.7203448831629187,Admit,0.7013580523403795,Gradient Boosting,Admit,0.7013580523403795
5094,Admit,1.0,Admit,0.7689698824496657,Admit,0.8259667977183313,Gradient Boosting,Admit,0.8259667977183313
5096,Admit,1.0,Admit,0.5966165798992552,Admit,0.5597323522207093,Gradient Boosting,Admit,0.5597323522207093
5097,Waitlist,0.13461538461538458,Waitlist,0.3976666249060153,Waitlist,0.35680123971315403,Gradient Boosting,Waitlist,0.35680123971315403
5098,Waitlist,0.0869565217391304,Admit,0.518305300472716,Waitlist,0.32684419086812655,Gradient Boosting,Waitlist,0.32684419086812655
5099,Admit,1.0,Waitlist,0.3534700996544436,Waitlist,0.4805136335856742,Gradient Boosting,Waitlist,0.4805136335856742
5100,Waitlist,0.4905660377358487,Waitlist,0.4423516623639863,Admit,0.6686785949209263,Gradient Boosting,Admit,0.6686785949209263
5101,Waitlist,0.0869565217391304,Admit,0.604702709924962,Waitlist,0.4083809557226232,Gradient Boosting,Waitlist,0.4083809557226232
5102,Waitlist,0.13461538461538458,Waitlist,0.4685325407803692,Waitlist,0.3582434763879527,Gradient Boosting,Waitlist,0.3582434763879527
5103,Waitlist,0.4905660377358487,Waitlist,0.4164095135976808,Waitlist,0.24130060716112067,Gradient Boosting,Waitlist,0.24130060716112067
5104,Waitlist,0.027027027027027025,Waitlist,0.3921885571642606,Waitlist,0.15615266059970442,Gradient Boosting,Waitlist,0.15615266059970442
5105,Waitlist,0.13461538461538458,Waitlist,0.3489229753613503,Waitlist,0.19350499864202955,Gradient Boosting,Waitlist,0.19350499864202955
5106,Waitlist,0.4905660377358487,Waitlist,0.4263337812703229,Admit,0.5637650464764106,Gradient Boosting,Admit,0.5637650464764106
5107,Admit,1.0,Waitlist,0.3861105565288746,Admit,0.6160096946944323,Gradient Boosting,Admit,0.6160096946944323
5108,Waitlist,0.1627906976744185,Waitlist,0.37811142111028145,Admit,0.5435075177493343,Gradient Boosting,Admit,0.5435075177493343
5109,Waitlist,0.13461538461538458,Waitlist,0.3138849853464539,Waitlist,0.28378254416046933,Gradient Boosting,Waitlist,0.28378254416046933
5110,Admit,0.6029411764705921,Admit,0.6201519205077167,Admit,0.7073606427189312,Gradient Boosting,Admit,0.7073606427189312
5111,Admit,0.8301886792452832,Admit,0.6704187222378916,Admit,0.678762569845692,Gradient Boosting,Admit,0.678762569845692
5112,Waitlist,0.13461538461538458,Waitlist,0.36201632047951365,Waitlist,0.41067928716158497,Gradient Boosting,Waitlist,0.41067928716158497
5113,Waitlist,0.4905660377358487,Waitlist,0.3479172318722818,Waitlist,0.3352761175251261,Gradient Boosting,Waitlist,0.3352761175251261
5114,Admit,1.0,Waitlist,0.32324553658485317,Waitlist,0.49699093851484144,Gradient Boosting,Waitlist,0.49699093851484144
5116,Waitlist,0.13461538461538458,Waitlist,0.3426003045958165,Waitlist,0.25140259148890803,Gradient Boosting,Waitlist,0.25140259148890803
5117,Admit,1.0,Waitlist,0.4796149764187072,Admit,0.7947837305582294,Gradient Boosting,Admit,0.7947837305582294
5118,Waitlist,0.13461538461538458,Waitlist,0.4247545039808784,Admit,0.7036651655789908,Gradient Boosting,Admit,0.7036651655789908
5119,Admit,0.6029411764705921,Admit,0.7103700432890665,Admit,0.7125533945186637,Gradient Boosting,Admit,0.7125533945186637
5120,Waitlist,0.1627906976744185,Waitlist,0.32799632803518775,Waitlist,0.3121588584419943,Gradient Boosting,Waitlist,0.3121588584419943
5121,Waitlist,0.0869565217391304,Waitlist,0.39501419458152315,Waitlist,0.2215458011252057,Gradient Boosting,Waitlist,0.2215458011252057
5122,Admit,0.6029411764705921,Admit,0.6525458226581421,Admit,0.8212199601664301,Gradient Boosting,Admit,0.8212199601664301
5123,Waitlist,0.0869565217391304,Waitlist,0.47230778020069675,Waitlist,0.1860040949258249,Gradient Boosting,Waitlist,0.1860040949258249
5124,Admit,0.6029411764705921,Admit,0.762295472797144,Admit,0.7406558901960402,Gradient Boosting,Admit,0.7406558901960402
5125,Admit,1.0,Waitlist,0.26849661354678905,Waitlist,0.27889018932994075,Gradient Boosting,Waitlist,0.27889018932994075
5126,Admit,0.6029411764705921,Admit,0.6501662572722904,Admit,0.6920560528735494,Gradient Boosting,Admit,0.6920560528735494
5127,Waitlist,0.4905660377358487,Waitlist,0.33971425906502356,Waitlist,0.3055903768834013,Gradient Boosting,Waitlist,0.3055903768834013
5128,Admit,0.625,Admit,0.6073593039885378,Admit,0.5658971439822438,Gradient Boosting,Admit,0.5658971439822438
5129,Admit,0.6029411764705921,Admit,0.7485551407191705,Admit,0.7281533881124772,Gradient Boosting,Admit,0.7281533881124772
5130,Admit,0.6029411764705921,Admit,0.5850896140872802,Admit,0.5353881808268203,Gradient Boosting,Admit,0.5353881808268203
5132,Admit,0.6029411764705921,Admit,0.6215480067935047,Admit,0.7451924338784627,Gradient Boosting,Admit,0.7451924338784627
5133,Admit,0.6351351351351351,Admit,0.5849516280104378,Waitlist,0.47172457376893173,Gradient Boosting,Waitlist,0.47172457376893173
5136,Admit,1.0,Waitlist,0.2943795220461138,Waitlist,0.35383985317991823,Gradient Boosting,Waitlist,0.35383985317991823
5137,Waitlist,0.0869565217391304,Waitlist,0.37197728080807524,Waitlist,0.2967231842116421,Gradient Boosting,Waitlist,0.2967231842116421
5138,Waitlist,0.4905660377358487,Waitlist,0.44897822022115114,Admit,0.5637650464764106,Gradient Boosting,Admit,0.5637650464764106
5139,Waitlist,0.027027027027027025,Waitlist,0.28786476444103104,Waitlist,0.07658867527754001,Gradient Boosting,Waitlist,0.07658867527754001
5140,Admit,1.0,Admit,0.6876531916385733,Admit,0.5231065317020236,Gradient Boosting,Admit,0.5231065317020236
5141,Waitlist,0.13461538461538458,Waitlist,0.408727083441025,Waitlist,0.38309965286324965,Gradient Boosting,Waitlist,0.38309965286324965
5143,Waitlist,0.23404255319148923,Waitlist,0.4822302827170487,Waitlist,0.3438782544185045,Gradient Boosting,Waitlist,0.3438782544185045
5145,Admit,0.6351351351351351,Waitlist,0.46104088793374104,Admit,0.6317348138238307,Gradient Boosting,Admit,0.6317348138238307
5146,Admit,0.6351351351351351,Admit,0.519266057341496,Admit,0.539900643888735,Gradient Boosting,Admit,0.539900643888735
5147,Admit,0.6029411764705921,Admit,0.7912087892267377,Admit,0.7741776747694585,Gradient Boosting,Admit,0.7741776747694585
5148,Waitlist,0.20588235294117635,Waitlist,0.43156029061104856,Waitlist,0.4624613220743392,Gradient Boosting,Waitlist,0.4624613220743392
5149,Waitlist,0.37931034482758613,Admit,0.660184578351981,Admit,0.7301427208706518,Gradient Boosting,Admit,0.7301427208706518
5150,Waitlist,0.13461538461538458,Waitlist,0.3334813027557581,Waitlist,0.33472272128796604,Gradient Boosting,Waitlist,0.33472272128796604
5151,Admit,1.0,Admit,0.5661259737655613,Admit,0.5116073845819114,Gradient Boosting,Admit,0.5116073845819114
5152,Waitlist,0.4905660377358487,Waitlist,0.33750408865909187,Waitlist,0.3913875354990874,Gradient Boosting,Waitlist,0.3913875354990874
5153,Admit,0.6029411764705921,Admit,0.691501880180596,Admit,0.6450387817518133,Gradient Boosting,Admit,0.6450387817518133
5154,Waitlist,0.0869565217391304,Waitlist,0.48945140368000967,Waitlist,0.25791462881639093,Gradient Boosting,Waitlist,0.25791462881639093
5155,Waitlist,0.13461538461538458,Waitlist,0.3348762169703918,Waitlist,0.30263343420031735,Gradient Boosting,Waitlist,0.30263343420031735
5156,Waitlist,0.4905660377358487,Waitlist,0.4424728380297365,Waitlist,0.34785884419945357,Gradient Boosting,Waitlist,0.34785884419945357
5157,Admit,1.0,Waitlist,0.357410853400056,Admit,0.7458758744931723,Gradient Boosting,Admit,0.7458758744931723
5158,Waitlist,0.0869565217391304,Waitlist,0.3534529154649059,Waitlist,0.2110153590752217,Gradient Boosting,Waitlist,0.2110153590752217
5159,Waitlist,0.4545454545454544,Waitlist,0.37854177677168777,Waitlist,0.1636389069851841,Gradient Boosting,Waitlist,0.1636389069851841
5160,Admit,1.0,Admit,0.766165371509302,Admit,0.8972799640000697,Gradient Boosting,Admit,0.8972799640000697
5161,Waitlist,0.4545454545454544,Waitlist,0.3846713978558626,Waitlist,0.2572938042372905,Gradient Boosting,Waitlist,0.2572938042372905
5162,Waitlist,0.4545454545454544,Waitlist,0.39340068192469774,Waitlist,0.46645413121904283,Gradient Boosting,Waitlist,0.46645413121904283
5163,Waitlist,0.0869565217391304,Waitlist,0.38123994320479704,Waitlist,0.34237483969321525,Gradient Boosting,Waitlist,0.34237483969321525
5164,Waitlist,0.4905660377358487,Waitlist,0.3278300316981623,Waitlist,0.22164688133931112,Gradient Boosting,Waitlist,0.22164688133931112
5165,Admit,1.0,Waitlist,0.3763133712853456,Admit,0.7351902101991746,Gradient Boosting,Admit,0.7351902101991746
5167,Admit,0.625,Admit,0.6491418515197418,Admit,0.5958827916691445,Gradient Boosting,Admit,0.5958827916691445
5168,Waitlist,0.14285714285714282,Waitlist,0.2586235791626585,Waitlist,0.1836312901238895,Gradient Boosting,Waitlist,0.1836312901238895
5169,Waitlist,0.3571428571428571,Admit,0.5305429362428625,Admit,0.6020297209455567,Gradient Boosting,Admit,0.6020297209455567
5170,Waitlist,0.20588235294117635,Waitlist,0.4897522469895595,Waitlist,0.43829729031866943,Gradient Boosting,Waitlist,0.43829729031866943
5171,Admit,1.0,Admit,0.6015474186699753,Admit,0.5724626504348492,Gradient Boosting,Admit,0.5724626504348492
5172,Waitlist,0.3571428571428568,Waitlist,0.4696241478470307,Waitlist,0.4484770210119518,Gradient Boosting,Waitlist,0.4484770210119518
5173,Admit,1.0,Admit,0.7067262606974822,Admit,0.6907478809685345,Gradient Boosting,Admit,0.6907478809685345
5175,Waitlist,0.13461538461538458,Waitlist,0.3126268241379304,Waitlist,0.3652026650090167,Gradient Boosting,Waitlist,0.3652026650090167
5176,Waitlist,0.4905660377358487,Waitlist,0.4814196091623597,Admit,0.5637650464764106,Gradient Boosting,Admit,0.5637650464764106
5177,Admit,0.625,Admit,0.6536497483336774,Admit,0.5658971439822438,Gradient Boosting,Admit,0.5658971439822438
5178,Waitlist,0.0869565217391304,Waitlist,0.3657758192734893,Waitlist,0.21275729243378388,Gradient Boosting,Waitlist,0.21275729243378388
5179,Admit,0.6351351351351351,Admit,0.7110190618188533,Admit,0.6409593538925076,Gradient Boosting,Admit,0.6409593538925076
5180,Waitlist,0.13461538461538458,Waitlist,0.4197486147176532,Waitlist,0.38309965286324965,Gradient Boosting,Waitlist,0.38309965286324965
5181,Admit,0.6029411764705921,Admit,0.6865420986665783,Admit,0.6845819865652275,Gradient Boosting,Admit,0.6845819865652275
5182,Admit,0.6029411764705921,Admit,0.7439630392310157,Admit,0.7529483711659684,Gradient Boosting,Admit,0.7529483711659684
5183,Waitlist,0.1627906976744185,Waitlist,0.31801537421843146,Waitlist,0.25411423320779547,Gradient Boosting,Waitlist,0.25411423320779547
5184,Admit,0.8301886792452832,Admit,0.6441680620871234,Admit,0.6245171391133484,Gradient Boosting,Admit,0.6245171391133484
5185,Admit,0.6029411764705921,Admit,0.6844072613195162,Admit,0.6463008498758315,Gradient Boosting,Admit,0.6463008498758315
5186,Admit,0.8301886792452832,Admit,0.6864079095163516,Admit,0.7176853637416153,Gradient Boosting,Admit,0.7176853637416153
5187,Waitlist,0.4905660377358487,Admit,0.5648319335844495,Waitlist,0.4348680546920128,Gradient Boosting,Waitlist,0.4348680546920128
5188,Admit,1.0,Admit,0.7275165152972364,Admit,0.7459947675799848,Gradient Boosting,Admit,0.7459947675799848
5189,Waitlist,0.13461538461538458,Waitlist,0.31329574349899386,Waitlist,0.22433189516951338,Gradient Boosting,Waitlist,0.22433189516951338
5190,Waitlist,0.4905660377358487,Waitlist,0.3669290397557331,Waitlist,0.19283092234308752,Gradient Boosting,Waitlist,0.19283092234308752
5191,Waitlist,0.13461538461538458,Waitlist,0.3089130042017642,Waitlist,0.2949770554989389,Gradient Boosting,Waitlist,0.2949770554989389
5192,Waitlist,0.0869565217391304,Waitlist,0.30354079674449314,Waitlist,0.1215679395778553,Gradient Boosting,Waitlist,0.1215679395778553
5193,Waitlist,0.4545454545454544,Waitlist,0.43808495539278614,Waitlist,0.2215458011252057,Gradient Boosting,Waitlist,0.2215458011252057
5195,Waitlist,0.14285714285714282,Waitlist,0.3212524402154636,Waitlist,0.17735595563909473,Gradient Boosting,Waitlist,0.17735595563909473
5196,Waitlist,0.0869565217391304,Waitlist,0.39145606543973394,Waitlist,0.20435829114913281,Gradient Boosting,Waitlist,0.20435829114913281
5197,Waitlist,0.13461538461538458,Waitlist,0.3028043448760749,Waitlist,0.28209879041309105,Gradient Boosting,Waitlist,0.28209879041309105
5198,Admit,0.6029411764705921,Admit,0.6657646161248436,Admit,0.6633977109339211,Gradient Boosting,Admit,0.6633977109339211
5199,Waitlist,0.13461538461538458,Waitlist,0.3340794909926473,Waitlist,0.1656161807641078,Gradient Boosting,Waitlist,0.1656161807641078
5200,Waitlist,0.4545454545454544,Waitlist,0.49763588290324096,Waitlist,0.4079645424659484,Gradient Boosting,Waitlist,0.4079645424659484
5201,Waitlist,0.13461538461538458,Waitlist,0.3500780766307465,Waitlist,0.36331057633936564,Gradient Boosting,Waitlist,0.36331057633936564
5202,Admit,1.0,Admit,0.6794500695924879,Admit,0.6669099119363686,Gradient Boosting,Admit,0.6669099119363686
5203,Waitlist,0.1627906976744185,Waitlist,0.3561219992551624,Waitlist,0.39277809933328717,Gradient Boosting,Waitlist,0.39277809933328717
5204,Admit,1.0,Admit,0.7664844161816329,Admit,0.7823921877441465,Gradient Boosting,Admit,0.7823921877441465
5205,Admit,0.5909090909090908,Admit,0.6165766925185293,Waitlist,0.48769416274602934,Gradient Boosting,Waitlist,0.48769416274602934
5206,Admit,0.6351351351351351,Waitlist,0.4252071732950529,Waitlist,0.40089253893410176,Gradient Boosting,Waitlist,0.40089253893410176
5207,Waitlist,0.1627906976744185,Waitlist,0.29026291973178253,Waitlist,0.17329777352465642,Gradient Boosting,Waitlist,0.17329777352465642
5208,Admit,1.0,Waitlist,0.38051272686813004,Admit,0.7351902101991746,Gradient Boosting,Admit,0.7351902101991746
5209,Admit,0.6029411764705921,Admit,0.6679235719342956,Admit,0.6617976549800101,Gradient Boosting,Admit,0.6617976549800101
5210,Admit,1.0,Waitlist,0.4269414635265771,Admit,0.6125556830255308,Gradient Boosting,Admit,0.6125556830255308
5211,Waitlist,0.027027027027027025,Waitlist,0.451887224666265,Waitlist,0.3217788337114906,Gradient Boosting,Waitlist,0.3217788337114906
5212,Waitlist,0.20588235294117635,Waitlist,0.4842301212399421,Waitlist,0.43829729031866943,Gradient Boosting,Waitlist,0.43829729031866943
5213,Admit,1.0,Waitlist,0.3596471334751977,Admit,0.7351902101991746,Gradient Boosting,Admit,0.7351902101991746
5215,Waitlist,0.13461538461538458,Waitlist,0.41130381826123175,Admit,0.547099185340701,Gradient Boosting,Admit,0.547099185340701
5216,Admit,0.6029411764705921,Admit,0.6579406762056547,Admit,0.6134949789996719,Gradient Boosting,Admit,0.6134949789996719
5217,Waitlist,0.027027027027027025,Waitlist,0.45298181068877935,Waitlist,0.2229083943838281,Gradient Boosting,Waitlist,0.2229083943838281
5218,Admit,1.0,Waitlist,0.3819416050744856,Admit,0.5114847268647641,Gradient Boosting,Admit,0.5114847268647641
5219,Waitlist,0.0869565217391304,Waitlist,0.3339676858865906,Waitlist,0.18703094830721528,Gradient Boosting,Waitlist,0.18703094830721528
5220,Admit,0.6029411764705921,Admit,0.700230035748274,Admit,0.6665116135611692,Gradient Boosting,Admit,0.6665116135611692
5222,Waitlist,0.027027027027027025,Waitlist,0.22837302025552125,Waitlist,0.11275952400011025,Gradient Boosting,Waitlist,0.11275952400011025
5224,Waitlist,0.14285714285714282,Waitlist,0.23967216527238083,Waitlist,0.14290968659702236,Gradient Boosting,Waitlist,0.14290968659702236
5225,Waitlist,0.20588235294117635,Admit,0.5606365296882433,Admit,0.5222759006378089,Gradient Boosting,Admit,0.5222759006378089
5226,Admit,0.6351351351351351,Waitlist,0.4456527323622965,Waitlist,0.3558128020350528,Gradient Boosting,Waitlist,0.3558128020350528
5228,Waitlist,0.0869565217391304,Waitlist,0.3091530018746674,Waitlist,0.24608093722197738,Gradient Boosting,Waitlist,0.24608093722197738
5229,Waitlist,0.027027027027027025,Waitlist,0.2241557459163477,Waitlist,0.20817527761914617,Gradient Boosting,Waitlist,0.20817527761914617
5230,Waitlist,0.027027027027027025,Waitlist,0.25520855400141085,Waitlist,0.1476429067232909,Gradient Boosting,Waitlist,0.1476429067232909
5232,Admit,0.6029411764705921,Admit,0.6691159814519158,Admit,0.6569555407723552,Gradient Boosting,Admit,0.6569555407723552
5233,Waitlist,0.4905660377358487,Waitlist,0.38709944713091604,Waitlist,0.32965421445143006,Gradient Boosting,Waitlist,0.32965421445143006
5234,Waitlist,0.4905660377358487,Waitlist,0.402840598140112,Waitlist,0.4842539751058248,Gradient Boosting,Waitlist,0.4842539751058248
5235,Waitlist,0.4905660377358487,Waitlist,0.35135254274654043,Waitlist,0.2874158237900848,Gradient Boosting,Waitlist,0.2874158237900848
5237,Admit,1.0,Waitlist,0.4036844841466043,Admit,0.5754534960220687,Gradient Boosting,Admit,0.5754534960220687
5238,Admit,0.6029411764705921,Admit,0.6497377171443509,Admit,0.7596385294527508,Gradient Boosting,Admit,0.7596385294527508
5239,Admit,0.8301886792452832,Admit,0.6764056894216195,Admit,0.6911896166257243,Gradient Boosting,Admit,0.6911896166257243
5241,Waitlist,0.4545454545454544,Waitlist,0.42786090214730244,Waitlist,0.27919148754036116,Gradient Boosting,Waitlist,0.27919148754036116
5242,Waitlist,0.20588235294117635,Waitlist,0.4205046542859797,Waitlist,0.3420626853194943,Gradient Boosting,Waitlist,0.3420626853194943
5243,Admit,0.6351351351351351,Admit,0.6126251557924166,Admit,0.5622546396073633,Gradient Boosting,Admit,0.5622546396073633
5244,Waitlist,0.4905660377358487,Waitlist,0.49187280162635716,Waitlist,0.4589748232466889,Gradient Boosting,Waitlist,0.4589748232466889
5245,Waitlist,0.13461538461538458,Waitlist,0.3667666648218474,Waitlist,0.3298463866334583,Gradient Boosting,Waitlist,0.3298463866334583
5246,Waitlist,0.13461538461538458,Waitlist,0.3562812274459008,Admit,0.5107650978056186,Gradient Boosting,Admit,0.5107650978056186
5247,Waitlist,0.4545454545454544,Waitlist,0.49485587941504944,Waitlist,0.31831579354969,Gradient Boosting,Waitlist,0.31831579354969
5248,Admit,1.0,Admit,0.6889087819007869,Admit,0.713727260282131,Gradient Boosting,Admit,0.713727260282131
5249,Waitlist,0.20588235294117635,Waitlist,0.48532124611199245,Admit,0.6390983341550783,Gradient Boosting,Admit,0.6390983341550783
5250,Admit,1.0,Waitlist,0.39602836320033835,Waitlist,0.484798825397094,Gradient Boosting,Waitlist,0.484798825397094
5252,Waitlist,0.13461538461538458,Waitlist,0.3412581680162517,Waitlist,0.3185883765912801,Gradient Boosting,Waitlist,0.3185883765912801
5254,Admit,0.6029411764705921,Admit,0.5292579192357106,Admit,0.543918542852495,Gradient Boosting,Admit,0.543918542852495
5255,Waitlist,0.20588235294117635,Admit,0.5287075673190798,Admit,0.5066048057261318,Gradient Boosting,Admit,0.5066048057261318
5256,Waitlist,0.13461538461538458,Waitlist,0.3841088219324212,Admit,0.5216316726143269,Gradient Boosting,Admit,0.5216316726143269
5257,Admit,1.0,Admit,0.6361184195733167,Admit,0.7562225764145455,Gradient Boosting,Admit,0.7562225764145455
5258,Waitlist,0.4905660377358487,Waitlist,0.33420859029778993,Waitlist,0.3079228158635496,Gradient Boosting,Waitlist,0.3079228158635496
5259,Waitlist,0.4905660377358487,Waitlist,0.37251609734766894,Waitlist,0.41977064276161125,Gradient Boosting,Waitlist,0.41977064276161125
5260,Waitlist,0.13461538461538458,Waitlist,0.44822802750433216,Admit,0.5195604301807434,Gradient Boosting,Admit,0.5195604301807434
5261,Admit,0.6029411764705921,Admit,0.5046974635782951,Waitlist,0.3724108873109793,Gradient Boosting,Waitlist,0.3724108873109793
5263,Waitlist,0.4905660377358487,Waitlist,0.34294324477551896,Waitlist,0.28598064502637016,Gradient Boosting,Waitlist,0.28598064502637016
5264,Waitlist,0.027027027027027025,Admit,0.5703279397760388,Waitlist,0.49483551940122256,Gradient Boosting,Waitlist,0.49483551940122256
5265,Admit,1.0,Admit,0.5662835172335451,Admit,0.5336389134976464,Gradient Boosting,Admit,0.5336389134976464
5266,Waitlist,0.4905660377358487,Waitlist,0.2838437202234424,Waitlist,0.26378790626049253,Gradient Boosting,Waitlist,0.26378790626049253
5267,Admit,1.0,Waitlist,0.3425278868832118,Waitlist,0.46750458527297,Gradient Boosting,Waitlist,0.46750458527297
5268,Waitlist,0.14285714285714282,Waitlist,0.328819685254663,Waitlist,0.18910168839411728,Gradient Boosting,Waitlist,0.18910168839411728
5269,Waitlist,0.0869565217391304,Waitlist,0.38884485676754027,Waitlist,0.2638720982769514,Gradient Boosting,Waitlist,0.2638720982769514
5270,Admit,0.8301886792452832,Admit,0.6531256241318605,Admit,0.6485829476635462,Gradient Boosting,Admit,0.6485829476635462
5271,Admit,1.0,Admit,0.7096048723960088,Admit,0.8724632407119894,Gradient Boosting,Admit,0.8724632407119894
5272,Waitlist,0.4905660377358487,Waitlist,0.4551997539043784,Waitlist,0.4165945164812285,Gradient Boosting,Waitlist,0.4165945164812285
5273,Waitlist,0.027027027027027025,Waitlist,0.3075316443409601,Waitlist,0.33349650858620666,Gradient Boosting,Waitlist,0.33349650858620666
5276,Waitlist,0.0869565217391304,Waitlist,0.2456529137222619,Waitlist,0.1610558800639518,Gradient Boosting,Waitlist,0.1610558800639518
5277,Admit,1.0,Admit,0.7660850621659239,Admit,0.7013580523403795,Gradient Boosting,Admit,0.7013580523403795
5278,Admit,0.6029411764705921,Admit,0.6066731954924178,Waitlist,0.48392297106946436,Gradient Boosting,Waitlist,0.48392297106946436
5279,Admit,1.0,Admit,0.6321780396894856,Admit,0.6689906725198391,Gradient Boosting,Admit,0.6689906725198391
5280,Admit,0.6029411764705921,Admit,0.6633777562949685,Admit,0.6173806005268129,Gradient Boosting,Admit,0.6173806005268129
5281,Waitlist,0.13461538461538458,Waitlist,0.3577689581721005,Waitlist,0.265552588696647,Gradient Boosting,Waitlist,0.265552588696647
5282,Admit,1.0,Waitlist,0.44040627735642707,Admit,0.9057333207351431,Gradient Boosting,Admit,0.9057333207351431
5283,Waitlist,0.13461538461538458,Waitlist,0.29373556394607947,Waitlist,0.23797124378089746,Gradient Boosting,Waitlist,0.23797124378089746
5284,Waitlist,0.4905660377358487,Waitlist,0.39236456698890054,Waitlist,0.34836285081361823,Gradient Boosting,Waitlist,0.34836285081361823
5286,Waitlist,0.4905660377358487,Waitlist,0.3937763292506817,Waitlist,0.30523038362740323,Gradient Boosting,Waitlist,0.30523038362740323
5287,Admit,0.6029411764705921,Admit,0.7064919509278318,Admit,0.6764328880822184,Gradient Boosting,Admit,0.6764328880822184
5288,Waitlist,0.23404255319148923,Admit,0.6117418681050497,Admit,0.6030351099214623,Gradient Boosting,Admit,0.6030351099214623
5290,Admit,0.6029411764705921,Admit,0.619050737946022,Admit,0.6560043492828274,Gradient Boosting,Admit,0.6560043492828274
5291,Waitlist,0.4905660377358487,Admit,0.5731656429829076,Waitlist,0.49761418106648647,Gradient Boosting,Waitlist,0.49761418106648647
5292,Waitlist,0.4905660377358487,Waitlist,0.47791684504989473,Waitlist,0.38434637093153173,Gradient Boosting,Waitlist,0.38434637093153173
5293,Admit,0.6351351351351351,Waitlist,0.35477180129359653,Waitlist,0.40089253893410176,Gradient Boosting,Waitlist,0.40089253893410176
5294,Waitlist,0.13461538461538458,Waitlist,0.2530929700765981,Waitlist,0.2743226406364674,Gradient Boosting,Waitlist,0.2743226406364674
5295,Admit,1.0,Admit,0.6884700874431342,Admit,0.6692746357123771,Gradient Boosting,Admit,0.6692746357123771
5297,Admit,1.0,Waitlist,0.49678358600889233,Admit,0.7844479823260124,Gradient Boosting,Admit,0.7844479823260124
5298,Waitlist,0.4905660377358487,Waitlist,0.4753573958335252,Waitlist,0.34207043604769893,Gradient Boosting,Waitlist,0.34207043604769893
5299,Waitlist,0.0869565217391304,Waitlist,0.41456116510364666,Waitlist,0.24528541376716653,Gradient Boosting,Waitlist,0.24528541376716653
5300,Waitlist,0.13461538461538458,Waitlist,0.3507779978620212,Waitlist,0.2859421372275555,Gradient Boosting,Waitlist,0.2859421372275555
5301,Waitlist,0.4905660377358487,Waitlist,0.49552033406310886,Waitlist,0.4165945164812285,Gradient Boosting,Waitlist,0.4165945164812285
5302,Admit,0.6029411764705921,Admit,0.5491522451494742,Waitlist,0.4329887924656963,Gradient Boosting,Waitlist,0.4329887924656963
5303,Waitlist,0.13461538461538458,Waitlist,0.3073670714653608,Waitlist,0.27126182296069845,Gradient Boosting,Waitlist,0.27126182296069845
5304,Waitlist,0.4545454545454544,Waitlist,0.43404625786199336,Admit,0.5229730634287213,Gradient Boosting,Admit,0.5229730634287213
5305,Waitlist,0.0869565217391304,Waitlist,0.2860207410598908,Waitlist,0.1648464088607057,Gradient Boosting,Waitlist,0.1648464088607057
5306,Waitlist,0.23404255319148923,Waitlist,0.34566865886278925,Waitlist,0.3029903999244232,Gradient Boosting,Waitlist,0.3029903999244232
5307,Waitlist,0.13461538461538458,Waitlist,0.4282687287808658,Waitlist,0.32476800104864195,Gradient Boosting,Waitlist,0.32476800104864195
5309,Admit,0.6351351351351351,Admit,0.5836363850161634,Admit,0.6824422630050376,Gradient Boosting,Admit,0.6824422630050376
5310,Waitlist,0.4905660377358487,Waitlist,0.4295627515962635,Waitlist,0.35505625708689187,Gradient Boosting,Waitlist,0.35505625708689187
5311,Waitlist,0.1627906976744185,Waitlist,0.29069367028787785,Waitlist,0.149417280295379,Gradient Boosting,Waitlist,0.149417280295379
5312,Admit,0.8301886792452832,Admit,0.5918156665803835,Admit,0.7121028159831233,Gradient Boosting,Admit,0.7121028159831233
5313,Admit,1.0,Admit,0.7143959295005419,Admit,0.6669099119363686,Gradient Boosting,Admit,0.6669099119363686
5314,Admit,1.0,Waitlist,0.35163248677384484,Admit,0.6030767403662043,Gradient Boosting,Admit,0.6030767403662043
5316,Waitlist,0.20588235294117635,Admit,0.5096306648007225,Waitlist,0.4042666310419559,Gradient Boosting,Waitlist,0.4042666310419559
5317,Waitlist,0.37931034482758613,Admit,0.7291569249234594,Admit,0.858483667075699,Gradient Boosting,Admit,0.858483667075699
5319,Admit,0.6029411764705921,Admit,0.5808633037396376,Admit,0.5787473854875338,Gradient Boosting,Admit,0.5787473854875338
5320,Waitlist,0.027027027027027025,Waitlist,0.37071829573231657,Waitlist,0.4274641060541438,Gradient Boosting,Waitlist,0.4274641060541438
5321,Admit,0.5909090909090908,Waitlist,0.48183020614812655,Waitlist,0.4522175545927878,Gradient Boosting,Waitlist,0.4522175545927878
5322,Waitlist,0.0869565217391304,Waitlist,0.43096225228200297,Waitlist,0.11362243488912799,Gradient Boosting,Waitlist,0.11362243488912799
5323,Admit,0.6029411764705921,Admit,0.7451099284643562,Admit,0.7434063360790564,Gradient Boosting,Admit,0.7434063360790564
5325,Waitlist,0.3571428571428571,Waitlist,0.37978450964197286,Waitlist,0.3455816666370117,Gradient Boosting,Waitlist,0.3455816666370117
5326,Waitlist,0.027027027027027025,Waitlist,0.2755138669838193,Waitlist,0.15249865417811279,Gradient Boosting,Waitlist,0.15249865417811279
5327,Waitlist,0.4905660377358487,Waitlist,0.44443980486301277,Waitlist,0.3960251732245467,Gradient Boosting,Waitlist,0.3960251732245467
5328,Admit,1.0,Waitlist,0.4308384987059793,Admit,0.511536943068974,Gradient Boosting,Admit,0.511536943068974
5329,Waitlist,0.0869565217391304,Waitlist,0.3667367249337268,Admit,0.5137349890318252,Gradient Boosting,Admit,0.5137349890318252
5330,Waitlist,0.4905660377358487,Waitlist,0.28582303477050947,Waitlist,0.24727676154765446,Gradient Boosting,Waitlist,0.24727676154765446
5331,Waitlist,0.13461538461538458,Waitlist,0.41854864236498457,Waitlist,0.3518804633842575,Gradient Boosting,Waitlist,0.3518804633842575
5332,Waitlist,0.4545454545454544,Waitlist,0.3549964520193062,Waitlist,0.1869490332742846,Gradient Boosting,Waitlist,0.1869490332742846
5333,Waitlist,0.4905660377358487,Waitlist,0.31277299670105524,Waitlist,0.1629331018174057,Gradient Boosting,Waitlist,0.1629331018174057
5334,Waitlist,0.0869565217391304,Waitlist,0.3615511424902128,Waitlist,0.23102757114674852,Gradient Boosting,Waitlist,0.23102757114674852
5335,Waitlist,0.4905660377358487,Waitlist,0.43072921878230325,Admit,0.5814187512402557,Gradient Boosting,Admit,0.5814187512402557
5336,Waitlist,0.4545454545454544,Waitlist,0.27668937146831063,Waitlist,0.07605064134935273,Gradient Boosting,Waitlist,0.07605064134935273
5338,Waitlist,0.20588235294117635,Waitlist,0.4095930837513446,Waitlist,0.48774393307651775,Gradient Boosting,Waitlist,0.48774393307651775
5339,Admit,1.0,Admit,0.6917758441254728,Admit,0.6669099119363686,Gradient Boosting,Admit,0.6669099119363686
5341,Waitlist,0.13461538461538458,Waitlist,0.4014944853065743,Admit,0.5496962004052517,Gradient Boosting,Admit,0.5496962004052517
5342,Waitlist,0.0869565217391304,Waitlist,0.4049708033645372,Waitlist,0.1933860521386473,Gradient Boosting,Waitlist,0.1933860521386473
5344,Waitlist,0.027027027027027025,Admit,0.5312579760782273,Waitlist,0.3481567549058663,Gradient Boosting,Waitlist,0.3481567549058663
5345,Waitlist,0.027027027027027025,Waitlist,0.4342463983814683,Waitlist,0.4712020811180201,Gradient Boosting,Waitlist,0.4712020811180201
5346,Waitlist,0.23404255319148923,Admit,0.5746571557100593,Waitlist,0.4017437830156637,Gradient Boosting,Waitlist,0.4017437830156637
5347,Waitlist,0.13461538461538458,Waitlist,0.4672296962314017,Admit,0.539099175722677,Gradient Boosting,Admit,0.539099175722677
5348,Waitlist,0.4905660377358487,Waitlist,0.30395628976754197,Waitlist,0.2759117074196108,Gradient Boosting,Waitlist,0.2759117074196108
5349,Waitlist,0.23404255319148923,Admit,0.7025807802145264,Admit,0.619862942567231,Gradient Boosting,Admit,0.619862942567231
5350,Admit,1.0,Admit,0.6350163297623935,Admit,0.5862694013000335,Gradient Boosting,Admit,0.5862694013000335
5351,Admit,0.6351351351351351,Admit,0.6466976271314113,Admit,0.5612019783403154,Gradient Boosting,Admit,0.5612019783403154
5352,Waitlist,0.0869565217391304,Waitlist,0.3723707766214013,Waitlist,0.12429638825368423,Gradient Boosting,Waitlist,0.12429638825368423
5353,Waitlist,0.0869565217391304,Waitlist,0.3173591893543936,Waitlist,0.04760111711028739,Gradient Boosting,Waitlist,0.04760111711028739
5354,Admit,0.6351351351351351,Waitlist,0.3672702795210456,Waitlist,0.33768724850640064,Gradient Boosting,Waitlist,0.33768724850640064
5355,Waitlist,0.4905660377358487,Waitlist,0.27214893665123296,Waitlist,0.17125521957085177,Gradient Boosting,Waitlist,0.17125521957085177
5357,Waitlist,0.3571428571428568,Waitlist,0.4758103841006582,Admit,0.5492153980745711,Gradient Boosting,Admit,0.5492153980745711
5359,Waitlist,0.13461538461538458,Waitlist,0.26828960539973185,Waitlist,0.25903851512972054,Gradient Boosting,Waitlist,0.25903851512972054
5360,Admit,1.0,Admit,0.7151615404420628,Admit,0.7569199767300259,Gradient Boosting,Admit,0.7569199767300259
5361,Waitlist,0.14285714285714282,Waitlist,0.2369881050186306,Waitlist,0.11557393854294741,Gradient Boosting,Waitlist,0.11557393854294741
5362,Admit,0.6351351351351351,Admit,0.5236092456163427,Waitlist,0.4288467580502464,Gradient Boosting,Waitlist,0.4288467580502464
5364,Waitlist,0.0869565217391304,Waitlist,0.2912269062193219,Waitlist,0.08307798756475727,Gradient Boosting,Waitlist,0.08307798756475727
5366,Waitlist,0.23404255319148923,Waitlist,0.4812472998626416,Waitlist,0.32916392671492695,Gradient Boosting,Waitlist,0.32916392671492695
5367,Waitlist,0.13461538461538458,Waitlist,0.3542670294370402,Waitlist,0.30278386476209657,Gradient Boosting,Waitlist,0.30278386476209657
5368,Admit,0.6029411764705921,Admit,0.642419107335688,Admit,0.5393329307953794,Gradient Boosting,Admit,0.5393329307953794
5369,Admit,0.6029411764705921,Admit,0.6917264987878197,Admit,0.780524240928309,Gradient Boosting,Admit,0.780524240928309
5371,Waitlist,0.4545454545454544,Waitlist,0.44604528248477704,Waitlist,0.17437030539361345,Gradient Boosting,Waitlist,0.17437030539361345
5372,Waitlist,0.4905660377358487,Waitlist,0.40932165186513586,Waitlist,0.3435482193019731,Gradient Boosting,Waitlist,0.3435482193019731
5374,Waitlist,0.4545454545454544,Waitlist,0.3317440132167098,Waitlist,0.3840791808049264,Gradient Boosting,Waitlist,0.3840791808049264
5375,Admit,0.6029411764705921,Admit,0.5808867859814195,Admit,0.7007118000406902,Gradient Boosting,Admit,0.7007118000406902
5376,Admit,1.0,Admit,0.6825292558117629,Admit,0.5985680300059681,Gradient Boosting,Admit,0.5985680300059681
5377,Waitlist,0.027027027027027025,Waitlist,0.37682805184030654,Waitlist,0.20184296563706622,Gradient Boosting,Waitlist,0.20184296563706622
5378,Admit,0.6029411764705921,Admit,0.7733592965637331,Admit,0.8215510316816714,Gradient Boosting,Admit,0.8215510316816714
5379,Waitlist,0.4905660377358487,Waitlist,0.43472164298362675,Waitlist,0.48889981042376207,Gradient Boosting,Waitlist,0.48889981042376207
5380,Waitlist,0.4545454545454544,Waitlist,0.42575881692955303,Waitlist,0.1772942775076019,Gradient Boosting,Waitlist,0.1772942775076019
5381,Waitlist,0.027027027027027025,Waitlist,0.2833820402934924,Waitlist,0.21829127038142984,Gradient Boosting,Waitlist,0.21829127038142984
5382,Waitlist,0.23404255319148923,Admit,0.5840630743444283,Admit,0.7698745309668761,Gradient Boosting,Admit,0.7698745309668761
5383,Waitlist,0.23404255319148923,Admit,0.5337035767138998,Waitlist,0.4483365334261566,Gradient Boosting,Waitlist,0.4483365334261566
5384,Waitlist,0.0869565217391304,Waitlist,0.26997331751228315,Waitlist,0.15070221811235912,Gradient Boosting,Waitlist,0.15070221811235912
5385,Waitlist,0.027027027027027025,Waitlist,0.2537987906399843,Waitlist,0.18657174494659415,Gradient Boosting,Waitlist,0.18657174494659415
5386,Waitlist,0.13461538461538458,Waitlist,0.37442753947636276,Waitlist,0.49686207626641066,Gradient Boosting,Waitlist,0.49686207626641066
5388,Waitlist,0.13461538461538458,Waitlist,0.33944587969533435,Waitlist,0.4120977524050442,Gradient Boosting,Waitlist,0.4120977524050442
5389,Waitlist,0.13461538461538458,Waitlist,0.37388663076998296,Waitlist,0.34781143895668004,Gradient Boosting,Waitlist,0.34781143895668004
5390,Waitlist,0.13461538461538458,Waitlist,0.3078247220998567,Waitlist,0.16446723445691516,Gradient Boosting,Waitlist,0.16446723445691516
5391,Waitlist,0.13461538461538458,Waitlist,0.42058053009567375,Waitlist,0.3518804633842575,Gradient Boosting,Waitlist,0.3518804633842575
5392,Waitlist,0.23404255319148923,Admit,0.5574763183951373,Waitlist,0.3955128723316616,Gradient Boosting,Waitlist,0.3955128723316616
5393,Waitlist,0.0869565217391304,Waitlist,0.38456644284895025,Waitlist,0.1369491075169684,Gradient Boosting,Waitlist,0.1369491075169684
5394,Admit,0.5909090909090908,Admit,0.5258544794301446,Waitlist,0.4617872639409608,Gradient Boosting,Waitlist,0.4617872639409608
5395,Waitlist,0.13461538461538458,Waitlist,0.4066113434680294,Admit,0.5223798150177947,Gradient Boosting,Admit,0.5223798150177947
5396,Admit,1.0,Waitlist,0.3825198944065554,Admit,0.5880107916391274,Gradient Boosting,Admit,0.5880107916391274
5398,Waitlist,0.20588235294117635,Admit,0.5134188871523007,Waitlist,0.47172457376893173,Gradient Boosting,Waitlist,0.47172457376893173
5399,Waitlist,0.23404255319148923,Admit,0.5565366041491894,Waitlist,0.48421862511660707,Gradient Boosting,Waitlist,0.48421862511660707
5401,Admit,1.0,Waitlist,0.36950371769182183,Admit,0.5604246329036429,Gradient Boosting,Admit,0.5604246329036429
5402,Admit,0.6351351351351351,Admit,0.5474414466030095,Waitlist,0.406289525522308,Gradient Boosting,Waitlist,0.406289525522308
5403,Waitlist,0.4545454545454544,Waitlist,0.28400745783170334,Waitlist,0.1300018691248998,Gradient Boosting,Waitlist,0.1300018691248998
5404,Admit,1.0,Admit,0.5094142941456882,Admit,0.5466631735250361,Gradient Boosting,Admit,0.5466631735250361
5405,Waitlist,0.3571428571428568,Admit,0.5853924130803774,Waitlist,0.34647661156350507,Gradient Boosting,Waitlist,0.34647661156350507
5406,Admit,1.0,Waitlist,0.3211939823738456,Admit,0.5013990307164929,Gradient Boosting,Admit,0.5013990307164929
5407,Waitlist,0.4545454545454544,Waitlist,0.45783654007143726,Waitlist,0.2676580409039427,Gradient Boosting,Waitlist,0.2676580409039427
5409,Admit,0.6351351351351351,Admit,0.5047582239780294,Waitlist,0.354526343096931,Gradient Boosting,Waitlist,0.354526343096931
5410,Waitlist,0.23404255319148923,Admit,0.5660446849510556,Waitlist,0.33260424722090143,Gradient Boosting,Waitlist,0.33260424722090143
5411,Waitlist,0.1627906976744185,Waitlist,0.3770699849560033,Waitlist,0.40783862821847733,Gradient Boosting,Waitlist,0.40783862821847733
5412,Waitlist,0.4905660377358487,Waitlist,0.370504126869254,Waitlist,0.2993099768692328,Gradient Boosting,Waitlist,0.2993099768692328
5413,Waitlist,0.4905660377358487,Waitlist,0.30950794594055425,Waitlist,0.2825419523031327,Gradient Boosting,Waitlist,0.2825419523031327
5414,Waitlist,0.027027027027027025,Waitlist,0.3225692789323232,Waitlist,0.160992415361723,Gradient Boosting,Waitlist,0.160992415361723
5415,Admit,1.0,Waitlist,0.406901519249034,Waitlist,0.4773165339213337,Gradient Boosting,Waitlist,0.4773165339213337
5416,Admit,1.0,Waitlist,0.3011164284883791,Waitlist,0.2504699513474038,Gradient Boosting,Waitlist,0.2504699513474038
5417,Admit,1.0,Admit,0.6821957095127283,Admit,0.673584277642477,Gradient Boosting,Admit,0.673584277642477
5418,Waitlist,0.13461538461538458,Waitlist,0.3895779039785657,Waitlist,0.3518804633842575,Gradient Boosting,Waitlist,0.3518804633842575
5419,Waitlist,0.4545454545454544,Waitlist,0.33030300761031756,Waitlist,0.17501725890631734,Gradient Boosting,Waitlist,0.17501725890631734
5420,Admit,0.6029411764705921,Admit,0.6500193670607252,Admit,0.6382735817099777,Gradient Boosting,Admit,0.6382735817099777
5421,Admit,0.8301886792452832,Admit,0.7362040235121591,Admit,0.6470043044955444,Gradient Boosting,Admit,0.6470043044955444
5422,Waitlist,0.13461538461538458,Waitlist,0.28386778956481135,Waitlist,0.22827598097357518,Gradient Boosting,Waitlist,0.22827598097357518
5423,Waitlist,0.4905660377358487,Waitlist,0.34908276637175284,Waitlist,0.3782218530998283,Gradient Boosting,Waitlist,0.3782218530998283
5424,Waitlist,0.3571428571428568,Waitlist,0.45398178363145775,Waitlist,0.3015474154771183,Gradient Boosting,Waitlist,0.3015474154771183
5426,Waitlist,0.1627906976744185,Waitlist,0.33920730524594817,Waitlist,0.25411423320779547,Gradient Boosting,Waitlist,0.25411423320779547
5427,Admit,1.0,Admit,0.7324655831988041,Admit,0.8246386965098456,Gradient Boosting,Admit,0.8246386965098456
5428,Waitlist,0.4545454545454544,Waitlist,0.3783714715180665,Waitlist,0.16824325661523937,Gradient Boosting,Waitlist,0.16824325661523937
5429,Waitlist,0.4905660377358487,Waitlist,0.49761746515285743,Waitlist,0.39460966180402374,Gradient Boosting,Waitlist,0.39460966180402374
5430,Waitlist,0.027027027027027025,Waitlist,0.2617626321177683,Waitlist,0.11728846614426351,Gradient Boosting,Waitlist,0.11728846614426351
5431,Waitlist,0.4905660377358487,Waitlist,0.46735090162255555,Waitlist,0.3218969337606342,Gradient Boosting,Waitlist,0.3218969337606342
5432,Waitlist,0.0869565217391304,Waitlist,0.31071130726964935,Waitlist,0.14210875526516775,Gradient Boosting,Waitlist,0.14210875526516775
5433,Waitlist,0.13461538461538458,Waitlist,0.38368693398537895,Waitlist,0.3601971324033384,Gradient Boosting,Waitlist,0.3601971324033384
5434,Admit,0.6029411764705921,Admit,0.6792547263840775,Admit,0.6736038961770251,Gradient Boosting,Admit,0.6736038961770251
5435,Waitlist,0.4905660377358487,Waitlist,0.4401428284143984,Waitlist,0.3102106419808725,Gradient Boosting,Waitlist,0.3102106419808725
5436,Admit,1.0,Admit,0.7627057402121286,Admit,0.8417148972944485,Gradient Boosting,Admit,0.8417148972944485
5437,Waitlist,0.0869565217391304,Waitlist,0.2754434351022705,Waitlist,0.09036422553585176,Gradient Boosting,Waitlist,0.09036422553585176
5438,Waitlist,0.23404255319148923,Waitlist,0.45666492182265284,Waitlist,0.3444621445320808,Gradient Boosting,Waitlist,0.3444621445320808
5439,Admit,0.6029411764705921,Admit,0.6625006237832093,Admit,0.6148583524180179,Gradient Boosting,Admit,0.6148583524180179
5440,Waitlist,0.14285714285714282,Waitlist,0.35083252666693404,Waitlist,0.1900113864591044,Gradient Boosting,Waitlist,0.1900113864591044
5441,Waitlist,0.027027027027027025,Waitlist,0.32349192844436625,Waitlist,0.22758730096992053,Gradient Boosting,Waitlist,0.22758730096992053
5442,Waitlist,0.1627906976744185,Waitlist,0.3284487040707036,Waitlist,0.18333309124127528,Gradient Boosting,Waitlist,0.18333309124127528
5443,Admit,1.0,Admit,0.7247540312309437,Admit,0.7994633218272096,Gradient Boosting,Admit,0.7994633218272096
5444,Admit,1.0,Admit,0.5145165409742724,Admit,0.7390022198276238,Gradient Boosting,Admit,0.7390022198276238
5445,Admit,0.6029411764705921,Admit,0.7454467831876356,Admit,0.7427359748715773,Gradient Boosting,Admit,0.7427359748715773
5446,Waitlist,0.4545454545454544,Waitlist,0.33003331071215747,Waitlist,0.24161108780051202,Gradient Boosting,Waitlist,0.24161108780051202
5447,Admit,0.6029411764705921,Admit,0.522995167495886,Waitlist,0.4021610389778466,Gradient Boosting,Waitlist,0.4021610389778466
5448,Waitlist,0.4905660377358487,Waitlist,0.3231454200897516,Waitlist,0.2371149148422265,Gradient Boosting,Waitlist,0.2371149148422265
5449,Waitlist,0.4905660377358487,Waitlist,0.41008979273230733,Admit,0.5101530615870244,Gradient Boosting,Admit,0.5101530615870244
5450,Waitlist,0.13461538461538458,Waitlist,0.31019722026859997,Waitlist,0.40343556607386416,Gradient Boosting,Waitlist,0.40343556607386416
5451,Waitlist,0.3571428571428568,Waitlist,0.47316381829651827,Admit,0.5033592165618079,Gradient Boosting,Admit,0.5033592165618079
5452,Admit,0.6029411764705921,Admit,0.6104986445730258,Admit,0.5574253623134491,Gradient Boosting,Admit,0.5574253623134491
5453,Admit,1.0,Waitlist,0.30243101567173436,Waitlist,0.4929386470459754,Gradient Boosting,Waitlist,0.4929386470459754
5454,Admit,1.0,Admit,0.6745525175142356,Admit,0.7236708064138585,Gradient Boosting,Admit,0.7236708064138585
5456,Admit,1.0,Admit,0.6404546802678149,Admit,0.6063584595621568,Gradient Boosting,Admit,0.6063584595621568
5457,Waitlist,0.4905660377358487,Waitlist,0.3466729021328286,Waitlist,0.28787892154734573,Gradient Boosting,Waitlist,0.28787892154734573
5458,Admit,0.6029411764705921,Admit,0.7327405463746192,Admit,0.8822514594961909,Gradient Boosting,Admit,0.8822514594961909
5459,Admit,1.0,Waitlist,0.3048214342510262,Admit,0.5113578702877096,Gradient Boosting,Admit,0.5113578702877096
5460,Admit,1.0,Admit,0.7139640193257983,Admit,0.8932105001606107,Gradient Boosting,Admit,0.8932105001606107
5461,Waitlist,0.13461538461538458,Waitlist,0.30248786491444035,Waitlist,0.25903851512972054,Gradient Boosting,Waitlist,0.25903851512972054
5462,Waitlist,0.20588235294117635,Admit,0.5053761350783568,Waitlist,0.43699978903086895,Gradient Boosting,Waitlist,0.43699978903086895
5463,Admit,1.0,Admit,0.5110654355327724,Admit,0.8310208846106397,Gradient Boosting,Admit,0.8310208846106397
5464,Waitlist,0.14285714285714282,Waitlist,0.34854053747291414,Waitlist,0.19982944232990224,Gradient Boosting,Waitlist,0.19982944232990224
5465,Admit,1.0,Waitlist,0.43648914696247876,Admit,0.678689395325706,Gradient Boosting,Admit,0.678689395325706
5468,Admit,1.0,Waitlist,0.34696989768321596,Admit,0.7351902101991746,Gradient Boosting,Admit,0.7351902101991746
5469,Waitlist,0.4905660377358487,Waitlist,0.3575297183297708,Waitlist,0.40948208191308605,Gradient Boosting,Waitlist,0.40948208191308605
5470,Waitlist,0.4545454545454544,Waitlist,0.4739536859409042,Admit,0.5903012684564124,Gradient Boosting,Admit,0.5903012684564124
5471,Waitlist,0.4905660377358487,Waitlist,0.3136115205249736,Waitlist,0.2451529097945142,Gradient Boosting,Waitlist,0.2451529097945142
5472,Waitlist,0.4905660377358487,Waitlist,0.483059303284985,Admit,0.5393182808348022,Gradient Boosting,Admit,0.5393182808348022
5474,Waitlist,0.0869565217391304,Waitlist,0.49581251789120545,Admit,0.5454614603322488,Gradient Boosting,Admit,0.5454614603322488
5475,Waitlist,0.0869565217391304,Waitlist,0.3705577209148739,Waitlist,0.1463854447581738,Gradient Boosting,Waitlist,0.1463854447581738
5476,Admit,0.6351351351351351,Admit,0.5946049415612642,Admit,0.5693503846684319,Gradient Boosting,Admit,0.5693503846684319
5478,Admit,1.0,Waitlist,0.4124708521416063,Admit,0.5934696485216634,Gradient Boosting,Admit,0.5934696485216634
5480,Admit,1.0,Waitlist,0.2893438961901523,Waitlist,0.3144197505576578,Gradient Boosting,Waitlist,0.3144197505576578
5481,Waitlist,0.0869565217391304,Admit,0.5669364409519153,Admit,0.6349429989521925,Gradient Boosting,Admit,0.6349429989521925
5482,Waitlist,0.4905660377358487,Waitlist,0.4949331668097041,Admit,0.6387245301142688,Gradient Boosting,Admit,0.6387245301142688
5483,Admit,0.6029411764705921,Admit,0.7289189597184105,Admit,0.7191081297073936,Gradient Boosting,Admit,0.7191081297073936
5485,Waitlist,0.0869565217391304,Waitlist,0.28418126783632025,Waitlist,0.08039755832330331,Gradient Boosting,Waitlist,0.08039755832330331
5486,Admit,0.6351351351351351,Admit,0.5345019230506817,Admit,0.6665893831203739,Gradient Boosting,Admit,0.6665893831203739
5487,Waitlist,0.23404255319148923,Admit,0.5313353423982823,Admit,0.6921552385534342,Gradient Boosting,Admit,0.6921552385534342
5488,Admit,1.0,Waitlist,0.3011502109415896,Waitlist,0.3887796396662239,Gradient Boosting,Waitlist,0.3887796396662239
5489,Admit,1.0,Waitlist,0.3551349261221794,Admit,0.538660248140118,Gradient Boosting,Admit,0.538660248140118
5490,Admit,0.6029411764705921,Admit,0.7396925510760795,Admit,0.617409341193829,Gradient Boosting,Admit,0.617409341193829
5491,Admit,1.0,Waitlist,0.40840126792201686,Admit,0.6731940636712632,Gradient Boosting,Admit,0.6731940636712632
5492,Waitlist,0.13461538461538458,Waitlist,0.2473259255658303,Waitlist,0.11740183953593528,Gradient Boosting,Waitlist,0.11740183953593528
5493,Waitlist,0.4905660377358487,Admit,0.50855507346921,Admit,0.5964819759665927,Gradient Boosting,Admit,0.5964819759665927
5494,Admit,1.0,Admit,0.6084063543084337,Admit,0.6594917576970958,Gradient Boosting,Admit,0.6594917576970958
5495,Waitlist,0.4545454545454544,Waitlist,0.44050288728731923,Waitlist,0.307232784380305,Gradient Boosting,Waitlist,0.307232784380305
5496,Waitlist,0.4545454545454544,Waitlist,0.3437720096184698,Waitlist,0.2226145279676909,Gradient Boosting,Waitlist,0.2226145279676909
5497,Admit,1.0,Admit,0.7412434618299053,Admit,0.7992335496628766,Gradient Boosting,Admit,0.7992335496628766
5498,Waitlist,0.23404255319148923,Admit,0.6393400058910133,Admit,0.5281863447515532,Gradient Boosting,Admit,0.5281863447515532
5500,Waitlist,0.13461538461538458,Waitlist,0.38003088000056956,Waitlist,0.2921187451822752,Gradient Boosting,Waitlist,0.2921187451822752
5501,Admit,1.0,Waitlist,0.43155813209759286,Admit,0.7832398392218137,Gradient Boosting,Admit,0.7832398392218137
5502,Waitlist,0.23404255319148923,Waitlist,0.42294583395789537,Waitlist,0.21761110163798184,Gradient Boosting,Waitlist,0.21761110163798184
5503,Waitlist,0.4545454545454544,Waitlist,0.42256598356950165,Waitlist,0.3217788337114906,Gradient Boosting,Waitlist,0.3217788337114906
5504,Admit,1.0,Waitlist,0.3022344206144055,Waitlist,0.318048708547593,Gradient Boosting,Waitlist,0.318048708547593
5505,Waitlist,0.4905660377358487,Waitlist,0.28944387365301916,Waitlist,0.3436973580053594,Gradient Boosting,Waitlist,0.3436973580053594
5506,Waitlist,0.4905660377358487,Waitlist,0.421083586530671,Waitlist,0.3581969424398796,Gradient Boosting,Waitlist,0.3581969424398796
5507,Waitlist,0.23404255319148923,Admit,0.5059172228676817,Waitlist,0.3455004135482817,Gradient Boosting,Waitlist,0.3455004135482817
5508,Admit,0.8301886792452832,Admit,0.5823931087615982,Admit,0.5268796760474441,Gradient Boosting,Admit,0.5268796760474441
5509,Waitlist,0.14285714285714282,Waitlist,0.45006753850287584,Waitlist,0.3627859778657145,Gradient Boosting,Waitlist,0.3627859778657145
5510,Waitlist,0.4905660377358487,Waitlist,0.35401941499690115,Waitlist,0.2145213637340982,Gradient Boosting,Waitlist,0.2145213637340982
5511,Waitlist,0.3571428571428568,Admit,0.549818414132596,Waitlist,0.44316625163850154,Gradient Boosting,Waitlist,0.44316625163850154
5512,Admit,1.0,Waitlist,0.3884735982046568,Waitlist,0.42472268748301595,Gradient Boosting,Waitlist,0.42472268748301595
5513,Admit,1.0,Admit,0.5171733775691262,Admit,0.5012110124976655,Gradient Boosting,Admit,0.5012110124976655
5514,Waitlist,0.4545454545454544,Waitlist,0.4132497674781191,Waitlist,0.17086727025927542,Gradient Boosting,Waitlist,0.17086727025927542
5515,Waitlist,0.4545454545454544,Waitlist,0.46408044331600534,Admit,0.7030457453293304,Gradient Boosting,Admit,0.7030457453293304
5516,Waitlist,0.4905660377358487,Waitlist,0.3488012366686137,Waitlist,0.2882745701077939,Gradient Boosting,Waitlist,0.2882745701077939
5517,Admit,0.6029411764705921,Admit,0.678705357841493,Admit,0.7478536614676973,Gradient Boosting,Admit,0.7478536614676973
5518,Waitlist,0.23404255319148923,Admit,0.5082180546823647,Waitlist,0.472563132648513,Gradient Boosting,Waitlist,0.472563132648513
5520,Admit,0.6351351351351351,Admit,0.5053542918492419,Waitlist,0.43841584168165015,Gradient Boosting,Waitlist,0.43841584168165015
5521,Waitlist,0.027027027027027025,Waitlist,0.4107589903583994,Waitlist,0.44611621002653734,Gradient Boosting,Waitlist,0.44611621002653734
5522,Waitlist,0.3571428571428571,Waitlist,0.2667960286633359,Waitlist,0.31622701758413607,Gradient Boosting,Waitlist,0.31622701758413607
5523,Waitlist,0.23404255319148923,Admit,0.6458351067546105,Waitlist,0.4455456200634363,Gradient Boosting,Waitlist,0.4455456200634363
5525,Waitlist,0.4905660377358487,Waitlist,0.3331321093747115,Waitlist,0.2801643049147322,Gradient Boosting,Waitlist,0.2801643049147322
5526,Waitlist,0.4905660377358487,Waitlist,0.32338722299021594,Waitlist,0.28250879724310474,Gradient Boosting,Waitlist,0.28250879724310474
5527,Admit,0.5909090909090908,Waitlist,0.41573526381804693,Waitlist,0.3735394391229871,Gradient Boosting,Waitlist,0.3735394391229871
5529,Waitlist,0.13461538461538458,Waitlist,0.30926204836143584,Waitlist,0.3003577501222094,Gradient Boosting,Waitlist,0.3003577501222094
5530,Waitlist,0.14285714285714282,Waitlist,0.3815559898922826,Waitlist,0.23226454788689913,Gradient Boosting,Waitlist,0.23226454788689913
5531,Waitlist,0.1627906976744185,Waitlist,0.3634238784798606,Admit,0.5350048963613692,Gradient Boosting,Admit,0.5350048963613692
5532,Admit,1.0,Admit,0.7348940243963743,Admit,0.7775565933221767,Gradient Boosting,Admit,0.7775565933221767
5533,Waitlist,0.027027027027027025,Waitlist,0.2951874490427917,Waitlist,0.1313670436088613,Gradient Boosting,Waitlist,0.1313670436088613
5534,Waitlist,0.3571428571428568,Waitlist,0.4801570851200545,Waitlist,0.3015474154771183,Gradient Boosting,Waitlist,0.3015474154771183
5535,Waitlist,0.027027027027027025,Waitlist,0.3636337509539263,Waitlist,0.177159403192338,Gradient Boosting,Waitlist,0.177159403192338
5536,Waitlist,0.027027027027027025,Waitlist,0.2552723517857579,Waitlist,0.17228197956233465,Gradient Boosting,Waitlist,0.17228197956233465
5537,Admit,0.6029411764705921,Admit,0.7751682343218568,Admit,0.7797274644652974,Gradient Boosting,Admit,0.7797274644652974
5538,Admit,0.5909090909090908,Waitlist,0.437270861363596,Waitlist,0.39534144628378226,Gradient Boosting,Waitlist,0.39534144628378226
5539,Waitlist,0.13461538461538458,Waitlist,0.2634774769611473,Waitlist,0.21988972834674297,Gradient Boosting,Waitlist,0.21988972834674297
5541,Waitlist,0.13461538461538458,Admit,0.5166425278261685,Admit,0.523331434068353,Gradient Boosting,Admit,0.523331434068353
5542,Admit,0.6029411764705921,Admit,0.6693524466935298,Admit,0.6557414430537951,Gradient Boosting,Admit,0.6557414430537951
5543,Waitlist,0.13461538461538458,Waitlist,0.3286381481197487,Waitlist,0.20621235466340665,Gradient Boosting,Waitlist,0.20621235466340665
5544,Waitlist,0.13461538461538458,Waitlist,0.3394180340229868,Waitlist,0.2800432968729483,Gradient Boosting,Waitlist,0.2800432968729483
5546,Waitlist,0.0869565217391304,Waitlist,0.4381685713825901,Waitlist,0.4002358176641996,Gradient Boosting,Waitlist,0.4002358176641996
5547,Waitlist,0.23404255319148923,Admit,0.5302659440124663,Waitlist,0.41368994747660276,Gradient Boosting,Waitlist,0.41368994747660276
5548,Waitlist,0.0869565217391304,Waitlist,0.4269423070284838,Waitlist,0.24065904913634797,Gradient Boosting,Waitlist,0.24065904913634797
5549,Admit,0.6029411764705921,Admit,0.6685815052648771,Admit,0.5843398519523141,Gradient Boosting,Admit,0.5843398519523141
5551,Waitlist,0.4905660377358487,Waitlist,0.36547290479108174,Waitlist,0.2911747019724556,Gradient Boosting,Waitlist,0.2911747019724556
5552,Waitlist,0.0869565217391304,Waitlist,0.45665500246347257,Waitlist,0.323383358211911,Gradient Boosting,Waitlist,0.323383358211911
5553,Waitlist,0.0869565217391304,Waitlist,0.2770416211680237,Waitlist,0.06871360302134151,Gradient Boosting,Waitlist,0.06871360302134151
5554,Admit,0.6029411764705921,Admit,0.6623598017140501,Admit,0.5501517976789221,Gradient Boosting,Admit,0.5501517976789221
5555,Admit,1.0,Waitlist,0.2878718780519783,Waitlist,0.4671672147666936,Gradient Boosting,Waitlist,0.4671672147666936
5556,Admit,1.0,Waitlist,0.44245918488228997,Admit,0.6516746971931338,Gradient Boosting,Admit,0.6516746971931338
5558,Waitlist,0.0869565217391304,Waitlist,0.32736556433092356,Waitlist,0.11047491849716387,Gradient Boosting,Waitlist,0.11047491849716387
5559,Admit,1.0,Admit,0.7087013303710475,Admit,0.6298493967556211,Gradient Boosting,Admit,0.6298493967556211
5560,Waitlist,0.13461538461538458,Waitlist,0.37810996869795344,Waitlist,0.33672543244048864,Gradient Boosting,Waitlist,0.33672543244048864
5562,Waitlist,0.4545454545454544,Admit,0.525092934549125,Waitlist,0.38198648337114444,Gradient Boosting,Waitlist,0.38198648337114444
5563,Waitlist,0.4905660377358487,Admit,0.5580262169242496,Waitlist,0.46105139171157705,Gradient Boosting,Waitlist,0.46105139171157705
5564,Waitlist,0.13461538461538458,Waitlist,0.2706369081914577,Waitlist,0.22827598097357518,Gradient Boosting,Waitlist,0.22827598097357518
5565,Waitlist,0.13461538461538458,Waitlist,0.33788682976218765,Waitlist,0.265552588696647,Gradient Boosting,Waitlist,0.265552588696647
5566,Waitlist,0.0869565217391304,Waitlist,0.29162510198078906,Waitlist,0.1396328592245442,Gradient Boosting,Waitlist,0.1396328592245442
5568,Waitlist,0.4545454545454544,Waitlist,0.41701769581081666,Waitlist,0.2602979084245861,Gradient Boosting,Waitlist,0.2602979084245861
5569,Waitlist,0.4905660377358487,Waitlist,0.3357365182939612,Waitlist,0.2968453271705559,Gradient Boosting,Waitlist,0.2968453271705559
5570,Waitlist,0.23404255319148923,Admit,0.5284896249461574,Waitlist,0.4134973638064425,Gradient Boosting,Waitlist,0.4134973638064425
5571,Waitlist,0.13461538461538458,Waitlist,0.3877130348603069,Waitlist,0.49403795728262245,Gradient Boosting,Waitlist,0.49403795728262245
5572,Waitlist,0.3571428571428568,Waitlist,0.47033874030206646,Waitlist,0.39141261931863575,Gradient Boosting,Waitlist,0.39141261931863575
5573,Admit,1.0,Admit,0.7693855641495759,Admit,0.8937483585739487,Gradient Boosting,Admit,0.8937483585739487
5574,Admit,1.0,Waitlist,0.39165431803034173,Waitlist,0.3844301184569286,Gradient Boosting,Waitlist,0.3844301184569286
5575,Admit,1.0,Waitlist,0.48772723297916665,Admit,0.8310208846106397,Gradient Boosting,Admit,0.8310208846106397
5576,Waitlist,0.027027027027027025,Waitlist,0.28852905011351077,Waitlist,0.1353120378076675,Gradient Boosting,Waitlist,0.1353120378076675
5577,Admit,0.6029411764705921,Admit,0.5736588345315251,Admit,0.6910446793037771,Gradient Boosting,Admit,0.6910446793037771
5578,Admit,1.0,Admit,0.5411530202024716,Admit,0.5677503501897248,Gradient Boosting,Admit,0.5677503501897248
5579,Waitlist,0.3571428571428568,Admit,0.5605886466050127,Waitlist,0.49065660993643256,Gradient Boosting,Waitlist,0.49065660993643256
5580,Waitlist,0.4905660377358487,Waitlist,0.32569425257853785,Waitlist,0.2795000624001153,Gradient Boosting,Waitlist,0.2795000624001153
5581,Waitlist,0.37931034482758613,Admit,0.7977166050535148,Admit,0.7220430930710552,Gradient Boosting,Admit,0.7220430930710552
5582,Waitlist,0.4905660377358487,Waitlist,0.4361360545671741,Waitlist,0.26668634408186664,Gradient Boosting,Waitlist,0.26668634408186664
5583,Waitlist,0.3571428571428571,Waitlist,0.3108556933190535,Waitlist,0.31283115896690583,Gradient Boosting,Waitlist,0.31283115896690583
5584,Waitlist,0.0869565217391304,Waitlist,0.3102351163827986,Waitlist,0.1319268612657892,Gradient Boosting,Waitlist,0.1319268612657892
5585,Waitlist,0.23404255319148923,Admit,0.6235223535802141,Admit,0.5137995195321573,Gradient Boosting,Admit,0.5137995195321573
5586,Waitlist,0.4905660377358487,Waitlist,0.4355560950597559,Waitlist,0.3645390227280524,Gradient Boosting,Waitlist,0.3645390227280524
5587,Waitlist,0.13461538461538458,Waitlist,0.3048379143888259,Waitlist,0.14316182903984231,Gradient Boosting,Waitlist,0.14316182903984231
5588,Waitlist,0.4905660377358487,Waitlist,0.35807808384606715,Waitlist,0.4834273637113427,Gradient Boosting,Waitlist,0.4834273637113427
5589,Admit,1.0,Admit,0.6456329546555039,Admit,0.663969010667394,Gradient Boosting,Admit,0.663969010667394
5590,Waitlist,0.027027027027027025,Waitlist,0.434218612288313,Waitlist,0.2413578423011364,Gradient Boosting,Waitlist,0.2413578423011364
5592,Waitlist,0.0869565217391304,Waitlist,0.2664454269335282,Waitlist,0.11350048855552802,Gradient Boosting,Waitlist,0.11350048855552802
5593,Waitlist,0.027027027027027025,Waitlist,0.354643228532619,Waitlist,0.1763603980514849,Gradient Boosting,Waitlist,0.1763603980514849
5594,Waitlist,0.4905660377358487,Admit,0.5445896041180249,Admit,0.5964819759665927,Gradient Boosting,Admit,0.5964819759665927
5595,Waitlist,0.0869565217391304,Waitlist,0.21309030335129417,Waitlist,0.02341415542118935,Gradient Boosting,Waitlist,0.02341415542118935
5596,Admit,0.6029411764705921,Admit,0.5913559065063162,Admit,0.6461484973641247,Gradient Boosting,Admit,0.6461484973641247
5597,Waitlist,0.23404255319148923,Waitlist,0.41083244418645637,Waitlist,0.41368994747660276,Gradient Boosting,Waitlist,0.41368994747660276
5598,Waitlist,0.20588235294117635,Admit,0.5046425296484088,Admit,0.5076907356276035,Gradient Boosting,Admit,0.5076907356276035
5599,Admit,0.6351351351351351,Admit,0.538579346785645,Admit,0.5475425286993846,Gradient Boosting,Admit,0.5475425286993846
5600,Admit,0.625,Admit,0.7629914518487494,Admit,0.7486291631919029,Gradient Boosting,Admit,0.7486291631919029
5601,Waitlist,0.4545454545454544,Waitlist,0.47011574815359647,Waitlist,0.33440579942276527,Gradient Boosting,Waitlist,0.33440579942276527
5602,Waitlist,0.3571428571428568,Admit,0.6445674022262716,Waitlist,0.44791254767943817,Gradient Boosting,Waitlist,0.44791254767943817
5603,Admit,1.0,Waitlist,0.3376800321923346,Admit,0.5232650553470496,Gradient Boosting,Admit,0.5232650553470496
5607,Admit,1.0,Waitlist,0.34457661778259,Admit,0.5781187556511778,Gradient Boosting,Admit,0.5781187556511778
5608,Admit,1.0,Waitlist,0.336356426464905,Waitlist,0.4714891201101706,Gradient Boosting,Waitlist,0.4714891201101706
5609,Waitlist,0.20588235294117635,Waitlist,0.3879300999713373,Waitlist,0.4014956229826546,Gradient Boosting,Waitlist,0.4014956229826546
5610,Admit,0.6029411764705921,Waitlist,0.47570770566111575,Waitlist,0.3820012231511698,Gradient Boosting,Waitlist,0.3820012231511698
5611,Waitlist,0.13461538461538458,Waitlist,0.3448549557202597,Waitlist,0.45951135529966686,Gradient Boosting,Waitlist,0.45951135529966686
5612,Waitlist,0.4905660377358487,Admit,0.5501200778792288,Admit,0.545778681583215,Gradient Boosting,Admit,0.545778681583215
5615,Admit,0.6351351351351351,Admit,0.5393631799432806,Waitlist,0.43699978903086895,Gradient Boosting,Waitlist,0.43699978903086895
5616,Admit,1.0,Admit,0.6597247540003491,Admit,0.6687849856702133,Gradient Boosting,Admit,0.6687849856702133
5617,Admit,1.0,Waitlist,0.3790169538035829,Waitlist,0.286486905654997,Gradient Boosting,Waitlist,0.286486905654997
5618,Waitlist,0.4905660377358487,Waitlist,0.35387420401665026,Waitlist,0.4373664072619291,Gradient Boosting,Waitlist,0.4373664072619291
5619,Waitlist,0.4905660377358487,Waitlist,0.3055998718771571,Waitlist,0.2746965261698944,Gradient Boosting,Waitlist,0.2746965261698944
5620,Waitlist,0.0869565217391304,Waitlist,0.44160068178088013,Waitlist,0.18990382211356957,Gradient Boosting,Waitlist,0.18990382211356957
5621,Admit,0.5909090909090908,Admit,0.5826059116225317,Admit,0.5379940585747701,Gradient Boosting,Admit,0.5379940585747701
5622,Waitlist,0.027027027027027025,Waitlist,0.2838928930314926,Waitlist,0.20467079604402927,Gradient Boosting,Waitlist,0.20467079604402927
5623,Waitlist,0.4545454545454544,Waitlist,0.4360131921498752,Waitlist,0.19574195323471896,Gradient Boosting,Waitlist,0.19574195323471896
5624,Waitlist,0.23404255319148923,Waitlist,0.3594371523896948,Waitlist,0.3444621445320808,Gradient Boosting,Waitlist,0.3444621445320808
5625,Waitlist,0.23404255319148923,Waitlist,0.3382007795451544,Waitlist,0.3117778980867634,Gradient Boosting,Waitlist,0.3117778980867634
5626,Waitlist,0.23404255319148923,Admit,0.5925697490184154,Admit,0.8161022822543704,Gradient Boosting,Admit,0.8161022822543704
5627,Admit,0.6029411764705921,Admit,0.7124331046043705,Admit,0.7349993692668428,Gradient Boosting,Admit,0.7349993692668428
5628,Admit,0.6029411764705921,Admit,0.578287731870147,Waitlist,0.4993338008130451,Gradient Boosting,Waitlist,0.4993338008130451
5629,Admit,1.0,Admit,0.6543876645389094,Admit,0.7399682870893979,Gradient Boosting,Admit,0.7399682870893979
5630,Admit,0.6351351351351351,Waitlist,0.43375356851520686,Waitlist,0.31871743035794287,Gradient Boosting,Waitlist,0.31871743035794287
5631,Waitlist,0.4905660377358487,Waitlist,0.33984783324790624,Waitlist,0.28787892154734573,Gradient Boosting,Waitlist,0.28787892154734573
5632,Admit,0.5909090909090908,Admit,0.5908161750202525,Admit,0.5197560039071714,Gradient Boosting,Admit,0.5197560039071714
5633,Admit,1.0,Waitlist,0.47525586126954295,Admit,0.7692795335325893,Gradient Boosting,Admit,0.7692795335325893
5634,Waitlist,0.027027027027027025,Waitlist,0.3204711475696422,Waitlist,0.22508716559435532,Gradient Boosting,Waitlist,0.22508716559435532
5635,Waitlist,0.4905660377358487,Waitlist,0.30272189034024827,Waitlist,0.21416846456197067,Gradient Boosting,Waitlist,0.21416846456197067
5636,Waitlist,0.4905660377358487,Admit,0.5065141482508647,Waitlist,0.40329178108987684,Gradient Boosting,Waitlist,0.40329178108987684
5637,Admit,0.6351351351351351,Admit,0.5161881240744917,Waitlist,0.42111378307670594,Gradient Boosting,Waitlist,0.42111378307670594
5638,Waitlist,0.0869565217391304,Waitlist,0.19284504499708877,Waitlist,0.22566334982471387,Gradient Boosting,Waitlist,0.22566334982471387
5639,Admit,0.6029411764705921,Admit,0.6232441269015835,Admit,0.5137147806916739,Gradient Boosting,Admit,0.5137147806916739
5640,Waitlist,0.13461538461538458,Waitlist,0.3390641520596424,Waitlist,0.33672543244048864,Gradient Boosting,Waitlist,0.33672543244048864
5641,Admit,0.6029411764705921,Admit,0.6745318146469188,Admit,0.7073606427189312,Gradient Boosting,Admit,0.7073606427189312
5642,Admit,1.0,Waitlist,0.34309770662181394,Admit,0.7815561323025058,Gradient Boosting,Admit,0.7815561323025058
5643,Waitlist,0.4545454545454544,Waitlist,0.3848640131009222,Waitlist,0.2784786415562155,Gradient Boosting,Waitlist,0.2784786415562155
5645,Admit,0.6029411764705921,Admit,0.5988599578889849,Admit,0.6134949789996719,Gradient Boosting,Admit,0.6134949789996719
5646,Waitlist,0.13461538461538458,Waitlist,0.4039542352718129,Admit,0.547099185340701,Gradient Boosting,Admit,0.547099185340701
5647,Waitlist,0.4905660377358487,Waitlist,0.3132925040390231,Waitlist,0.1865973920092034,Gradient Boosting,Waitlist,0.1865973920092034
5648,Admit,0.6029411764705921,Admit,0.732281541914157,Admit,0.7596385294527508,Gradient Boosting,Admit,0.7596385294527508
5649,Waitlist,0.3571428571428568,Admit,0.5124232903710962,Admit,0.5609272252103933,Gradient Boosting,Admit,0.5609272252103933
5650,Admit,1.0,Admit,0.6476275905314254,Admit,0.7142211329092759,Gradient Boosting,Admit,0.7142211329092759
5651,Waitlist,0.4905660377358487,Waitlist,0.3759850026493563,Waitlist,0.3165636735886363,Gradient Boosting,Waitlist,0.3165636735886363
5652,Waitlist,0.13461538461538458,Waitlist,0.4269113842046312,Admit,0.6411579747975046,Gradient Boosting,Admit,0.6411579747975046
5653,Admit,0.6029411764705921,Admit,0.7294695216825455,Admit,0.8072763397954129,Gradient Boosting,Admit,0.8072763397954129
5656,Admit,0.8301886792452832,Admit,0.6325261625344357,Admit,0.6160205797828152,Gradient Boosting,Admit,0.6160205797828152
5657,Admit,1.0,Waitlist,0.3006790013720989,Waitlist,0.3602775601055034,Gradient Boosting,Waitlist,0.3602775601055034
5658,Waitlist,0.4905660377358487,Waitlist,0.2703554426697613,Waitlist,0.2357485715306724,Gradient Boosting,Waitlist,0.2357485715306724
5659,Waitlist,0.20588235294117635,Waitlist,0.4523076830110556,Waitlist,0.3884240855216854,Gradient Boosting,Waitlist,0.3884240855216854
5660,Waitlist,0.4905660377358487,Waitlist,0.4803042745595723,Waitlist,0.38434637093153173,Gradient Boosting,Waitlist,0.38434637093153173
5661,Waitlist,0.23404255319148923,Admit,0.582096875314094,Waitlist,0.45215130413355115,Gradient Boosting,Waitlist,0.45215130413355115
5662,Waitlist,0.0869565217391304,Waitlist,0.4220922484847034,Waitlist,0.38472950355791957,Gradient Boosting,Waitlist,0.38472950355791957
5666,Waitlist,0.13461538461538458,Waitlist,0.34918541613548154,Waitlist,0.3492819865655791,Gradient Boosting,Waitlist,0.3492819865655791
5667,Waitlist,0.4905660377358487,Waitlist,0.4412960930970285,Waitlist,0.3790718907221001,Gradient Boosting,Waitlist,0.3790718907221001
5669,Admit,0.6029411764705921,Admit,0.5672633664757205,Waitlist,0.3735332477630309,Gradient Boosting,Waitlist,0.3735332477630309
5670,Waitlist,0.3571428571428568,Waitlist,0.4124456871196859,Waitlist,0.30543472976437974,Gradient Boosting,Waitlist,0.30543472976437974
5671,Waitlist,0.14285714285714282,Waitlist,0.38103621633746054,Waitlist,0.2557767712173261,Gradient Boosting,Waitlist,0.2557767712173261
5672,Waitlist,0.0869565217391304,Waitlist,0.3172482007664352,Waitlist,0.2756826993041732,Gradient Boosting,Waitlist,0.2756826993041732
5673,Waitlist,0.0869565217391304,Admit,0.538159596476754,Admit,0.6904794170927818,Gradient Boosting,Admit,0.6904794170927818
5674,Waitlist,0.4905660377358487,Waitlist,0.352108730033641,Waitlist,0.31619002223396764,Gradient Boosting,Waitlist,0.31619002223396764
5676,Waitlist,0.0869565217391304,Waitlist,0.40071262559197196,Waitlist,0.16459955328796075,Gradient Boosting,Waitlist,0.16459955328796075
5677,Admit,1.0,Admit,0.7773421531465816,Admit,0.8455112815206512,Gradient Boosting,Admit,0.8455112815206512
5678,Admit,1.0,Waitlist,0.3594659007025023,Admit,0.5405019268604548,Gradient Boosting,Admit,0.5405019268604548
5680,Waitlist,0.13461538461538458,Waitlist,0.37337120663463536,Waitlist,0.35525538971081116,Gradient Boosting,Waitlist,0.35525538971081116
5681,Admit,1.0,Waitlist,0.3792156907627078,Admit,0.578373459863393,Gradient Boosting,Admit,0.578373459863393
5682,Admit,1.0,Waitlist,0.38739872054301644,Waitlist,0.4995267016229894,Gradient Boosting,Waitlist,0.4995267016229894
5683,Waitlist,0.1627906976744185,Admit,0.5354647243991871,Admit,0.5329113023449547,Gradient Boosting,Admit,0.5329113023449547
5684,Admit,1.0,Admit,0.5853176572674823,Admit,0.5368849561735459,Gradient Boosting,Admit,0.5368849561735459
5685,Admit,0.6351351351351351,Admit,0.6357005754850336,Admit,0.5222759006378089,Gradient Boosting,Admit,0.5222759006378089
5686,Waitlist,0.37931034482758613,Admit,0.6659430676519368,Admit,0.7954113736964108,Gradient Boosting,Admit,0.7954113736964108
5687,Waitlist,0.0869565217391304,Waitlist,0.2756581774133288,Waitlist,0.12600405548769572,Gradient Boosting,Waitlist,0.12600405548769572
5689,Waitlist,0.4545454545454544,Waitlist,0.37266767244978277,Waitlist,0.3544115808091068,Gradient Boosting,Waitlist,0.3544115808091068
5690,Admit,0.5909090909090908,Admit,0.7045575349194569,Admit,0.6968369354006445,Gradient Boosting,Admit,0.6968369354006445
5691,Admit,0.6029411764705921,Admit,0.6446705782959283,Admit,0.6548237933457665,Gradient Boosting,Admit,0.6548237933457665
5692,Waitlist,0.3571428571428568,Waitlist,0.3431948069849627,Admit,0.5005535771552134,Gradient Boosting,Admit,0.5005535771552134
5693,Waitlist,0.23404255319148923,Waitlist,0.47381329989604554,Waitlist,0.463477409703821,Gradient Boosting,Waitlist,0.463477409703821
5694,Waitlist,0.0869565217391304,Waitlist,0.26969230435770625,Waitlist,0.10917915457577113,Gradient Boosting,Waitlist,0.10917915457577113
5695,Waitlist,0.4905660377358487,Waitlist,0.3333424752795847,Waitlist,0.17746211266404222,Gradient Boosting,Waitlist,0.17746211266404222
5696,Waitlist,0.4905660377358487,Admit,0.5137438930505361,Admit,0.5451484228092617,Gradient Boosting,Admit,0.5451484228092617
5697,Admit,1.0,Waitlist,0.4812178311821781,Admit,0.6102453670298642,Gradient Boosting,Admit,0.6102453670298642
5699,Admit,1.0,Waitlist,0.41255399480155075,Admit,0.7757833914240715,Gradient Boosting,Admit,0.7757833914240715
5700,Waitlist,0.4545454545454544,Waitlist,0.4013425617305728,Waitlist,0.23840124693883455,Gradient Boosting,Waitlist,0.23840124693883455
5701,Admit,0.6029411764705921,Admit,0.7572064371034767,Admit,0.7669968334870065,Gradient Boosting,Admit,0.7669968334870065
5702,Admit,0.6351351351351351,Admit,0.5100934352196131,Waitlist,0.3198716764896765,Gradient Boosting,Waitlist,0.3198716764896765
5703,Waitlist,0.4905660377358487,Waitlist,0.45048677983535906,Waitlist,0.4952381438980263,Gradient Boosting,Waitlist,0.4952381438980263
5704,Waitlist,0.20588235294117635,Waitlist,0.45399503712164385,Admit,0.5135399994666214,Gradient Boosting,Admit,0.5135399994666214
5705,Admit,1.0,Admit,0.5254948824321958,Admit,0.7815256594332932,Gradient Boosting,Admit,0.7815256594332932
5707,Admit,0.6029411764705921,Admit,0.6788263879038781,Admit,0.6894896386337697,Gradient Boosting,Admit,0.6894896386337697
5708,Admit,1.0,Admit,0.7507867395745804,Admit,0.8152591958637792,Gradient Boosting,Admit,0.8152591958637792
5710,Waitlist,0.4545454545454544,Waitlist,0.3437720096184698,Waitlist,0.2226145279676909,Gradient Boosting,Waitlist,0.2226145279676909
5711,Waitlist,0.027027027027027025,Waitlist,0.4779212023702166,Waitlist,0.3748484472795533,Gradient Boosting,Waitlist,0.3748484472795533
5712,Waitlist,0.4905660377358487,Waitlist,0.36053374133364774,Waitlist,0.3557169131388184,Gradient Boosting,Waitlist,0.3557169131388184
5713,Admit,0.6351351351351351,Admit,0.7631029028277055,Admit,0.7807300875806897,Gradient Boosting,Admit,0.7807300875806897
5714,Waitlist,0.0869565217391304,Waitlist,0.2938413906025466,Waitlist,0.14809046383723734,Gradient Boosting,Waitlist,0.14809046383723734
5715,Waitlist,0.13461538461538458,Waitlist,0.4211926226411997,Admit,0.547099185340701,Gradient Boosting,Admit,0.547099185340701
5716,Admit,1.0,Waitlist,0.4653323823718363,Admit,0.6723698420499202,Gradient Boosting,Admit,0.6723698420499202
5717,Waitlist,0.23404255319148923,Admit,0.5454063334458443,Waitlist,0.3351595890335565,Gradient Boosting,Waitlist,0.3351595890335565
5718,Waitlist,0.0869565217391304,Waitlist,0.23337132609994693,Waitlist,0.09375004089665902,Gradient Boosting,Waitlist,0.09375004089665902
5719,Admit,1.0,Waitlist,0.3573181644175452,Admit,0.7050284710312394,Gradient Boosting,Admit,0.7050284710312394
5720,Waitlist,0.4905660377358487,Waitlist,0.4044324754842984,Waitlist,0.4322465377390013,Gradient Boosting,Waitlist,0.4322465377390013
5721,Waitlist,0.4905660377358487,Waitlist,0.43376333494320524,Admit,0.5171139297761191,Gradient Boosting,Admit,0.5171139297761191
5722,Admit,1.0,Waitlist,0.4663701649175125,Waitlist,0.47838346164340423,Gradient Boosting,Waitlist,0.47838346164340423
5725,Waitlist,0.37931034482758613,Admit,0.7717662129742426,Admit,0.7220430930710552,Gradient Boosting,Admit,0.7220430930710552
5726,Admit,0.6029411764705921,Admit,0.5725850373651837,Admit,0.576253466290961,Gradient Boosting,Admit,0.576253466290961
5727,Waitlist,0.0869565217391304,Waitlist,0.3414596468598882,Waitlist,0.15311257329955208,Gradient Boosting,Waitlist,0.15311257329955208
5729,Admit,1.0,Waitlist,0.40583150167669063,Admit,0.6125109236844652,Gradient Boosting,Admit,0.6125109236844652
5730,Waitlist,0.4905660377358487,Waitlist,0.36819385288336176,Waitlist,0.3693707371489859,Gradient Boosting,Waitlist,0.3693707371489859
5731,Admit,0.6029411764705921,Admit,0.6505273410750131,Admit,0.7577375179482521,Gradient Boosting,Admit,0.7577375179482521
5732,Admit,0.6351351351351351,Waitlist,0.419281369189773,Admit,0.5993897958808315,Gradient Boosting,Admit,0.5993897958808315
5733,Waitlist,0.3571428571428568,Admit,0.5193435346238715,Waitlist,0.4123077633802736,Gradient Boosting,Waitlist,0.4123077633802736
5734,Admit,1.0,Admit,0.7266302408126131,Admit,0.8259667977183313,Gradient Boosting,Admit,0.8259667977183313
5736,Waitlist,0.4905660377358487,Waitlist,0.38810886794847366,Waitlist,0.18663377418859742,Gradient Boosting,Waitlist,0.18663377418859742
5737,Waitlist,0.0869565217391304,Waitlist,0.3253554830313795,Waitlist,0.26249359013810125,Gradient Boosting,Waitlist,0.26249359013810125
5738,Admit,1.0,Waitlist,0.36616033934837056,Waitlist,0.4356585475333617,Gradient Boosting,Waitlist,0.4356585475333617
5739,Admit,1.0,Waitlist,0.30126386289492557,Waitlist,0.41874704845495675,Gradient Boosting,Waitlist,0.41874704845495675
5740,Waitlist,0.4545454545454544,Waitlist,0.4220832128347579,Admit,0.5073032637333538,Gradient Boosting,Admit,0.5073032637333538
5741,Waitlist,0.0869565217391304,Waitlist,0.29381200738457547,Waitlist,0.0920078312110659,Gradient Boosting,Waitlist,0.0920078312110659
5742,Waitlist,0.0869565217391304,Waitlist,0.37029873009517794,Waitlist,0.39804188616266434,Gradient Boosting,Waitlist,0.39804188616266434
5743,Admit,0.6029411764705921,Admit,0.6991997709976475,Admit,0.617409341193829,Gradient Boosting,Admit,0.617409341193829
5745,Admit,0.5909090909090908,Admit,0.5279476243114342,Waitlist,0.439612841586823,Gradient Boosting,Waitlist,0.439612841586823
5746,Admit,0.5909090909090908,Admit,0.6423048467059671,Admit,0.5651791069609277,Gradient Boosting,Admit,0.5651791069609277
5747,Admit,1.0,Waitlist,0.38042037993284283,Admit,0.7844479823260124,Gradient Boosting,Admit,0.7844479823260124
5748,Admit,0.6029411764705921,Admit,0.7190383457508309,Admit,0.7191081297073936,Gradient Boosting,Admit,0.7191081297073936
5749,Waitlist,0.0869565217391304,Waitlist,0.461410224861924,Waitlist,0.1860040949258249,Gradient Boosting,Waitlist,0.1860040949258249
5750,Waitlist,0.1627906976744185,Waitlist,0.41903066846620346,Waitlist,0.35472478365393045,Gradient Boosting,Waitlist,0.35472478365393045
5751,Waitlist,0.4905660377358487,Waitlist,0.3956639497771903,Waitlist,0.3465949322503351,Gradient Boosting,Waitlist,0.3465949322503351
5752,Admit,1.0,Waitlist,0.2723185295676749,Waitlist,0.4929386470459754,Gradient Boosting,Waitlist,0.4929386470459754
5753,Waitlist,0.027027027027027025,Waitlist,0.2773088281520545,Waitlist,0.23632313546005387,Gradient Boosting,Waitlist,0.23632313546005387
5754,Waitlist,0.13461538461538458,Waitlist,0.37382176963533265,Waitlist,0.34593336017381504,Gradient Boosting,Waitlist,0.34593336017381504
5756,Waitlist,0.4545454545454544,Waitlist,0.3558172631281343,Waitlist,0.23873674276614554,Gradient Boosting,Waitlist,0.23873674276614554
5757,Admit,1.0,Admit,0.6815919328403457,Admit,0.5181031821978005,Gradient Boosting,Admit,0.5181031821978005
5758,Waitlist,0.027027027027027025,Waitlist,0.4720361294724706,Waitlist,0.37383089908642325,Gradient Boosting,Waitlist,0.37383089908642325
5759,Waitlist,0.4905660377358487,Waitlist,0.32951019409121607,Waitlist,0.3782218530998283,Gradient Boosting,Waitlist,0.3782218530998283
5760,Waitlist,0.4905660377358487,Admit,0.5217142542132783,Waitlist,0.4094025293513182,Gradient Boosting,Waitlist,0.4094025293513182
5762,Admit,0.6351351351351351,Admit,0.5958248238423839,Admit,0.5159551740568553,Gradient Boosting,Admit,0.5159551740568553
5763,Waitlist,0.23404255319148923,Waitlist,0.47956738888834044,Waitlist,0.28789820068925587,Gradient Boosting,Waitlist,0.28789820068925587
5765,Admit,1.0,Waitlist,0.3732415923133211,Admit,0.6137324645653642,Gradient Boosting,Admit,0.6137324645653642
5766,Waitlist,0.0869565217391304,Waitlist,0.287133922683048,Waitlist,0.10322489574657029,Gradient Boosting,Waitlist,0.10322489574657029
5767,Admit,1.0,Waitlist,0.48684868986025304,Waitlist,0.4548488480948904,Gradient Boosting,Waitlist,0.4548488480948904
5769,Waitlist,0.4905660377358487,Waitlist,0.32756701893198575,Waitlist,0.2976464744679294,Gradient Boosting,Waitlist,0.2976464744679294
5770,Admit,0.6029411764705921,Admit,0.6506853735049103,Admit,0.7242219830068717,Gradient Boosting,Admit,0.7242219830068717
5772,Waitlist,0.4905660377358487,Waitlist,0.45921437870742815,Waitlist,0.3312951982276465,Gradient Boosting,Waitlist,0.3312951982276465
5773,Waitlist,0.0869565217391304,Waitlist,0.37459538126660846,Admit,0.5770590803794202,Gradient Boosting,Admit,0.5770590803794202
5774,Waitlist,0.23404255319148923,Admit,0.5242867901086395,Waitlist,0.2650473962801363,Gradient Boosting,Waitlist,0.2650473962801363
5775,Admit,1.0,Admit,0.6978347126773663,Admit,0.6388865927543314,Gradient Boosting,Admit,0.6388865927543314
5776,Admit,0.5909090909090908,Admit,0.5192179424470671,Waitlist,0.4617872639409608,Gradient Boosting,Waitlist,0.4617872639409608
5777,Waitlist,0.13461538461538458,Waitlist,0.36463862925897467,Waitlist,0.33672543244048864,Gradient Boosting,Waitlist,0.33672543244048864
5778,Admit,0.6029411764705921,Admit,0.5620695035924063,Admit,0.727756134255036,Gradient Boosting,Admit,0.727756134255036
5779,Waitlist,0.027027027027027025,Waitlist,0.22111682670692806,Waitlist,0.10562636410498469,Gradient Boosting,Waitlist,0.10562636410498469
5780,Admit,0.6029411764705921,Admit,0.6736747412743821,Admit,0.6484114753472631,Gradient Boosting,Admit,0.6484114753472631
5781,Waitlist,0.13461538461538458,Waitlist,0.37870703997749405,Waitlist,0.49686207626641066,Gradient Boosting,Waitlist,0.49686207626641066
5782,Admit,0.6029411764705921,Admit,0.6022829725969291,Admit,0.5761453070707501,Gradient Boosting,Admit,0.5761453070707501
5783,Waitlist,0.13461538461538458,Waitlist,0.32094946830703025,Waitlist,0.4164971039861746,Gradient Boosting,Waitlist,0.4164971039861746
5784,Admit,1.0,Admit,0.752964650951002,Admit,0.8343800765324878,Gradient Boosting,Admit,0.8343800765324878
5785,Waitlist,0.20588235294117635,Admit,0.6197774249600045,Admit,0.6196393592293242,Gradient Boosting,Admit,0.6196393592293242
5786,Waitlist,0.0869565217391304,Waitlist,0.45491382532999997,Waitlist,0.14635894979983521,Gradient Boosting,Waitlist,0.14635894979983521
5787,Admit,0.6351351351351351,Waitlist,0.3893856499757604,Waitlist,0.27992139556352225,Gradient Boosting,Waitlist,0.27992139556352225
5788,Waitlist,0.4905660377358487,Waitlist,0.39841657219666415,Waitlist,0.30478715818579,Gradient Boosting,Waitlist,0.30478715818579
5789,Admit,0.8301886792452832,Admit,0.5992743968706772,Admit,0.5582291510213406,Gradient Boosting,Admit,0.5582291510213406
5790,Admit,1.0,Waitlist,0.40803589783752703,Admit,0.5443042947644866,Gradient Boosting,Admit,0.5443042947644866
5791,Waitlist,0.23404255319148923,Admit,0.5707992954235394,Waitlist,0.3557466083931588,Gradient Boosting,Waitlist,0.3557466083931588
5793,Waitlist,0.13461538461538458,Waitlist,0.4333334607903291,Waitlist,0.3833057881843977,Gradient Boosting,Waitlist,0.3833057881843977
5794,Admit,1.0,Waitlist,0.34857159974115426,Admit,0.538660248140118,Gradient Boosting,Admit,0.538660248140118
5795,Waitlist,0.23404255319148923,Admit,0.517802696266059,Waitlist,0.40993188567445965,Gradient Boosting,Waitlist,0.40993188567445965
5797,Admit,0.6029411764705921,Admit,0.6243436261689834,Admit,0.6009783187910456,Gradient Boosting,Admit,0.6009783187910456
5798,Admit,0.8301886792452832,Admit,0.6560002447735811,Admit,0.6134949789996719,Gradient Boosting,Admit,0.6134949789996719
5799,Admit,0.6029411764705921,Admit,0.7806867643808006,Admit,0.8782950451914572,Gradient Boosting,Admit,0.8782950451914572
5800,Admit,1.0,Admit,0.7008064386330772,Admit,0.646002623546149,Gradient Boosting,Admit,0.646002623546149
5801,Admit,1.0,Admit,0.6013751024828018,Admit,0.6364226253057168,Gradient Boosting,Admit,0.6364226253057168
5803,Admit,0.6029411764705921,Admit,0.7830593976012283,Admit,0.8288497165316704,Gradient Boosting,Admit,0.8288497165316704
5804,Admit,0.6029411764705921,Admit,0.7605570323996986,Admit,0.7281533881124772,Gradient Boosting,Admit,0.7281533881124772
5805,Waitlist,0.4905660377358487,Waitlist,0.30040321705994705,Waitlist,0.25476544790055194,Gradient Boosting,Waitlist,0.25476544790055194
5806,Waitlist,0.4905660377358487,Waitlist,0.3159779735156619,Waitlist,0.2699986748343548,Gradient Boosting,Waitlist,0.2699986748343548
5807,Waitlist,0.027027027027027025,Waitlist,0.2297024940998403,Waitlist,0.19664993179891613,Gradient Boosting,Waitlist,0.19664993179891613
5808,Waitlist,0.4905660377358487,Admit,0.5428201140572574,Admit,0.5058756467966009,Gradient Boosting,Admit,0.5058756467966009
5809,Admit,1.0,Admit,0.6007825421739678,Admit,0.5685263359887119,Gradient Boosting,Admit,0.5685263359887119
5810,Waitlist,0.13461538461538458,Waitlist,0.35109491794070896,Waitlist,0.31619052876222803,Gradient Boosting,Waitlist,0.31619052876222803
5811,Waitlist,0.027027027027027025,Waitlist,0.41705089311963633,Waitlist,0.1635334003862319,Gradient Boosting,Waitlist,0.1635334003862319
5812,Admit,0.625,Admit,0.6477521433606243,Waitlist,0.4975902772391623,Gradient Boosting,Waitlist,0.4975902772391623
5813,Admit,1.0,Admit,0.7400386099224351,Admit,0.6692746357123771,Gradient Boosting,Admit,0.6692746357123771
5814,Admit,0.6351351351351351,Admit,0.6651011616021892,Waitlist,0.4410731400917968,Gradient Boosting,Waitlist,0.4410731400917968
5815,Waitlist,0.20588235294117635,Admit,0.5407734446170397,Waitlist,0.43841584168165015,Gradient Boosting,Waitlist,0.43841584168165015
5817,Waitlist,0.0869565217391304,Waitlist,0.38921216103577405,Waitlist,0.296715897464573,Gradient Boosting,Waitlist,0.296715897464573
5818,Waitlist,0.027027027027027025,Waitlist,0.3925234472202255,Waitlist,0.2026936313002739,Gradient Boosting,Waitlist,0.2026936313002739
5820,Waitlist,0.4905660377358487,Waitlist,0.30503434469418367,Waitlist,0.19004194837244284,Gradient Boosting,Waitlist,0.19004194837244284
5821,Admit,1.0,Waitlist,0.4608527357161388,Admit,0.6953500570843847,Gradient Boosting,Admit,0.6953500570843847
5822,Waitlist,0.027027027027027025,Admit,0.5382603595763559,Waitlist,0.38439469803144166,Gradient Boosting,Waitlist,0.38439469803144166
5824,Admit,0.6029411764705921,Admit,0.7060357709425594,Admit,0.6459669246024679,Gradient Boosting,Admit,0.6459669246024679
5825,Waitlist,0.4905660377358487,Waitlist,0.3329603010882883,Waitlist,0.2968081120027022,Gradient Boosting,Waitlist,0.2968081120027022
5826,Admit,0.6029411764705921,Admit,0.7893953157623378,Admit,0.8255366972700253,Gradient Boosting,Admit,0.8255366972700253
5828,Waitlist,0.4905660377358487,Waitlist,0.42878862142578206,Waitlist,0.37323784385096637,Gradient Boosting,Waitlist,0.37323784385096637
5829,Waitlist,0.027027027027027025,Waitlist,0.29267133434487014,Waitlist,0.1296526826031493,Gradient Boosting,Waitlist,0.1296526826031493
5831,Waitlist,0.4905660377358487,Waitlist,0.49466759562830903,Admit,0.6639481888115083,Gradient Boosting,Admit,0.6639481888115083
5833,Waitlist,0.13461538461538458,Waitlist,0.33780583312903734,Waitlist,0.35525538971081116,Gradient Boosting,Waitlist,0.35525538971081116
5834,Waitlist,0.13461538461538458,Waitlist,0.47033000342259235,Admit,0.6704997700009967,Gradient Boosting,Admit,0.6704997700009967
5837,Waitlist,0.4905660377358487,Waitlist,0.3102208529155424,Waitlist,0.2678138309058335,Gradient Boosting,Waitlist,0.2678138309058335
5838,Waitlist,0.4545454545454544,Waitlist,0.29294842649212005,Waitlist,0.14330832257260254,Gradient Boosting,Waitlist,0.14330832257260254
5839,Admit,1.0,Admit,0.6741643927729466,Admit,0.5002563067363074,Gradient Boosting,Admit,0.5002563067363074
5840,Waitlist,0.4905660377358487,Waitlist,0.44906983597724365,Waitlist,0.45311929132104667,Gradient Boosting,Waitlist,0.45311929132104667
5841,Admit,1.0,Waitlist,0.3871993080623617,Admit,0.7732044377647173,Gradient Boosting,Admit,0.7732044377647173
5842,Admit,0.6029411764705921,Admit,0.7768714966296454,Admit,0.8166264750908517,Gradient Boosting,Admit,0.8166264750908517
5843,Admit,0.6029411764705921,Admit,0.577701618566976,Admit,0.543918542852495,Gradient Boosting,Admit,0.543918542852495
5844,Waitlist,0.4545454545454544,Waitlist,0.4029195886905201,Waitlist,0.4632784284743048,Gradient Boosting,Waitlist,0.4632784284743048
5845,Admit,0.6029411764705921,Admit,0.7228135834869424,Admit,0.6763810122264075,Gradient Boosting,Admit,0.6763810122264075
5846,Admit,0.6029411764705921,Admit,0.5524996048529948,Waitlist,0.39692156762301795,Gradient Boosting,Waitlist,0.39692156762301795
5847,Waitlist,0.027027027027027025,Waitlist,0.27067563852996296,Waitlist,0.1881011989278231,Gradient Boosting,Waitlist,0.1881011989278231
5848,Waitlist,0.1627906976744185,Waitlist,0.4427379033604449,Waitlist,0.36509535243372415,Gradient Boosting,Waitlist,0.36509535243372415
5849,Admit,0.6351351351351351,Waitlist,0.4259010465256497,Waitlist,0.3454265901043987,Gradient Boosting,Waitlist,0.3454265901043987
5852,Waitlist,0.13461538461538458,Waitlist,0.4241562697413664,Waitlist,0.3833057881843977,Gradient Boosting,Waitlist,0.3833057881843977
5854,Admit,0.6029411764705921,Admit,0.6259481824647353,Admit,0.5419197220895825,Gradient Boosting,Admit,0.5419197220895825
5856,Waitlist,0.13461538461538458,Waitlist,0.31459786668516443,Waitlist,0.18443338877139956,Gradient Boosting,Waitlist,0.18443338877139956
5857,Waitlist,0.0869565217391304,Admit,0.5134410342340691,Waitlist,0.32684419086812655,Gradient Boosting,Waitlist,0.32684419086812655
5858,Waitlist,0.4905660377358487,Waitlist,0.23485097631087148,Waitlist,0.13439372284488732,Gradient Boosting,Waitlist,0.13439372284488732
5859,Waitlist,0.4905660377358487,Waitlist,0.36966791969295265,Waitlist,0.4275815144038378,Gradient Boosting,Waitlist,0.4275815144038378
5860,Waitlist,0.13461538461538458,Waitlist,0.4531060911753257,Waitlist,0.4461288757359128,Gradient Boosting,Waitlist,0.4461288757359128
5861,Waitlist,0.027027027027027025,Waitlist,0.26601124051776337,Waitlist,0.22318754447512648,Gradient Boosting,Waitlist,0.22318754447512648
5862,Waitlist,0.3571428571428568,Waitlist,0.351919567894925,Waitlist,0.3589781189081618,Gradient Boosting,Waitlist,0.3589781189081618
5863,Waitlist,0.4905660377358487,Admit,0.5153281885470897,Waitlist,0.48278288685863474,Gradient Boosting,Waitlist,0.48278288685863474
5864,Waitlist,0.13461538461538458,Waitlist,0.36126180134328645,Waitlist,0.34290243926949837,Gradient Boosting,Waitlist,0.34290243926949837
5865,Admit,0.6351351351351351,Admit,0.6110579448151371,Waitlist,0.4624613220743392,Gradient Boosting,Waitlist,0.4624613220743392
5866,Waitlist,0.20588235294117635,Admit,0.5663715964184012,Waitlist,0.47172457376893173,Gradient Boosting,Waitlist,0.47172457376893173
5867,Admit,0.6351351351351351,Waitlist,0.42642730778691396,Waitlist,0.2238920872737404,Gradient Boosting,Waitlist,0.2238920872737404
5870,Admit,1.0,Admit,0.7091751127616452,Admit,0.7310038576166784,Gradient Boosting,Admit,0.7310038576166784
5871,Waitlist,0.3571428571428568,Admit,0.572600316756387,Waitlist,0.38723376818327,Gradient Boosting,Waitlist,0.38723376818327
5872,Admit,0.6351351351351351,Admit,0.617204839557201,Waitlist,0.4442784053916052,Gradient Boosting,Waitlist,0.4442784053916052
5873,Admit,1.0,Admit,0.674219152341993,Admit,0.6607567898306101,Gradient Boosting,Admit,0.6607567898306101
5874,Waitlist,0.4905660377358487,Waitlist,0.47425915016611514,Admit,0.7176196171189427,Gradient Boosting,Admit,0.7176196171189427
5875,Admit,0.8301886792452832,Admit,0.6033315919048117,Admit,0.5678390681567602,Gradient Boosting,Admit,0.5678390681567602
5876,Waitlist,0.4905660377358487,Waitlist,0.4123380002864115,Waitlist,0.30846710281677775,Gradient Boosting,Waitlist,0.30846710281677775
5877,Admit,0.6351351351351351,Waitlist,0.3403588022937762,Waitlist,0.20247843579578312,Gradient Boosting,Waitlist,0.20247843579578312
5878,Waitlist,0.13461538461538458,Waitlist,0.3452541931055884,Waitlist,0.45951135529966686,Gradient Boosting,Waitlist,0.45951135529966686
5879,Waitlist,0.4905660377358487,Waitlist,0.31574907690358334,Waitlist,0.3022204205602527,Gradient Boosting,Waitlist,0.3022204205602527
5880,Admit,1.0,Admit,0.6720501583827893,Admit,0.7399682870893979,Gradient Boosting,Admit,0.7399682870893979
5881,Waitlist,0.4905660377358487,Waitlist,0.27066257419456896,Waitlist,0.21211394938721284,Gradient Boosting,Waitlist,0.21211394938721284
5882,Admit,1.0,Waitlist,0.4988937953459206,Waitlist,0.47343979061377384,Gradient Boosting,Waitlist,0.47343979061377384
5883,Admit,1.0,Admit,0.7761065513364874,Admit,0.782668653986201,Gradient Boosting,Admit,0.782668653986201
5885,Waitlist,0.027027027027027025,Waitlist,0.22483265932949706,Waitlist,0.11116529203438677,Gradient Boosting,Waitlist,0.11116529203438677
5886,Waitlist,0.4905660377358487,Waitlist,0.33552907920095226,Waitlist,0.28787892154734573,Gradient Boosting,Waitlist,0.28787892154734573
5887,Admit,0.6351351351351351,Waitlist,0.4640191540016518,Waitlist,0.33768724850640064,Gradient Boosting,Waitlist,0.33768724850640064
5888,Waitlist,0.4905660377358487,Waitlist,0.34396977706372006,Waitlist,0.2500265501983011,Gradient Boosting,Waitlist,0.2500265501983011
5889,Waitlist,0.13461538461538458,Waitlist,0.3584137008726242,Waitlist,0.23897936188641197,Gradient Boosting,Waitlist,0.23897936188641197
5890,Waitlist,0.4905660377358487,Admit,0.531636532586267,Admit,0.6720222807017671,Gradient Boosting,Admit,0.6720222807017671
5892,Admit,1.0,Waitlist,0.4467634732918581,Admit,0.6169566445603142,Gradient Boosting,Admit,0.6169566445603142
5893,Waitlist,0.4545454545454544,Admit,0.5302531416453066,Waitlist,0.37474978912807655,Gradient Boosting,Waitlist,0.37474978912807655
5894,Admit,0.625,Admit,0.5980521852415397,Admit,0.7100399108971445,Gradient Boosting,Admit,0.7100399108971445
5895,Waitlist,0.13461538461538458,Waitlist,0.3165660876118603,Waitlist,0.26207314214346517,Gradient Boosting,Waitlist,0.26207314214346517
5896,Waitlist,0.13461538461538458,Waitlist,0.397996938323125,Admit,0.547099185340701,Gradient Boosting,Admit,0.547099185340701
5897,Waitlist,0.37931034482758613,Admit,0.7138350167711061,Admit,0.7135786203954743,Gradient Boosting,Admit,0.7135786203954743
5898,Waitlist,0.13461538461538458,Waitlist,0.3582309759649381,Admit,0.5091729913385996,Gradient Boosting,Admit,0.5091729913385996
5900,Waitlist,0.4545454545454544,Waitlist,0.4352732666227388,Waitlist,0.3720424566853526,Gradient Boosting,Waitlist,0.3720424566853526
5901,Waitlist,0.4905660377358487,Waitlist,0.37271751935279185,Waitlist,0.32149648242476886,Gradient Boosting,Waitlist,0.32149648242476886
5902,Waitlist,0.0869565217391304,Waitlist,0.32718670989700727,Waitlist,0.20689599272153242,Gradient Boosting,Waitlist,0.20689599272153242
5903,Admit,0.6351351351351351,Admit,0.6693630600399775,Admit,0.5839172651113361,Gradient Boosting,Admit,0.5839172651113361
5904,Waitlist,0.23404255319148923,Waitlist,0.4789315031631696,Waitlist,0.3458594894794462,Gradient Boosting,Waitlist,0.3458594894794462
5905,Waitlist,0.4545454545454544,Waitlist,0.3343729062551125,Waitlist,0.18614472930461398,Gradient Boosting,Waitlist,0.18614472930461398
5906,Waitlist,0.14285714285714282,Waitlist,0.3427995000001318,Waitlist,0.24401758594866674,Gradient Boosting,Waitlist,0.24401758594866674
5907,Admit,1.0,Waitlist,0.40337257358666406,Admit,0.610963906311033,Gradient Boosting,Admit,0.610963906311033
5908,Waitlist,0.4905660377358487,Waitlist,0.4348700208659602,Waitlist,0.35801204215411214,Gradient Boosting,Waitlist,0.35801204215411214
5909,Waitlist,0.4905660377358487,Waitlist,0.3321588739923672,Waitlist,0.31619002223396764,Gradient Boosting,Waitlist,0.31619002223396764
5911,Admit,1.0,Admit,0.6804549051191614,Admit,0.7815143933856361,Gradient Boosting,Admit,0.7815143933856361
5912,Waitlist,0.13461538461538458,Waitlist,0.2613069403711584,Waitlist,0.30315932847409327,Gradient Boosting,Waitlist,0.30315932847409327
5913,Waitlist,0.3571428571428571,Waitlist,0.3556203911190926,Waitlist,0.3526899537810701,Gradient Boosting,Waitlist,0.3526899537810701
5914,Waitlist,0.4905660377358487,Admit,0.5073591908356896,Waitlist,0.39444552569355446,Gradient Boosting,Waitlist,0.39444552569355446
5915,Admit,0.6351351351351351,Waitlist,0.47458567805532464,Waitlist,0.261116639096298,Gradient Boosting,Waitlist,0.261116639096298
5916,Admit,1.0,Admit,0.5537418679005658,Admit,0.666506175279829,Gradient Boosting,Admit,0.666506175279829
5917,Waitlist,0.13461538461538458,Waitlist,0.4191823721891993,Admit,0.547099185340701,Gradient Boosting,Admit,0.547099185340701
5918,Admit,1.0,Admit,0.7453480082130924,Admit,0.6916275316695376,Gradient Boosting,Admit,0.6916275316695376
5919,Admit,0.8301886792452832,Admit,0.6084341099281998,Admit,0.5202494525239245,Gradient Boosting,Admit,0.5202494525239245
5920,Admit,0.6351351351351351,Admit,0.702647723189306,Admit,0.5804122331413526,Gradient Boosting,Admit,0.5804122331413526
5921,Admit,0.8301886792452832,Admit,0.5952141101953486,Admit,0.628891096337457,Gradient Boosting,Admit,0.628891096337457
5922,Waitlist,0.13461538461538458,Waitlist,0.32241079668602735,Waitlist,0.14156553157600546,Gradient Boosting,Waitlist,0.14156553157600546
5923,Waitlist,0.14285714285714282,Waitlist,0.3436727328616078,Waitlist,0.1412764899852111,Gradient Boosting,Waitlist,0.1412764899852111
5924,Waitlist,0.4905660377358487,Waitlist,0.33442504643743687,Waitlist,0.2649353417101865,Gradient Boosting,Waitlist,0.2649353417101865
5926,Admit,1.0,Admit,0.6106145597896311,Admit,0.5763159119383879,Gradient Boosting,Admit,0.5763159119383879
5927,Waitlist,0.1627906976744185,Waitlist,0.4321094337695434,Waitlist,0.3447689578063722,Gradient Boosting,Waitlist,0.3447689578063722
5928,Waitlist,0.13461538461538458,Waitlist,0.2748747955326541,Waitlist,0.29196797282418246,Gradient Boosting,Waitlist,0.29196797282418246
5929,Waitlist,0.4905660377358487,Waitlist,0.35910681001921807,Waitlist,0.28472628515108445,Gradient Boosting,Waitlist,0.28472628515108445
5931,Admit,0.5909090909090908,Waitlist,0.49599117669985315,Admit,0.6016495485613029,Gradient Boosting,Admit,0.6016495485613029
5934,Waitlist,0.027027027027027025,Waitlist,0.3060130546451122,Waitlist,0.16824565535848257,Gradient Boosting,Waitlist,0.16824565535848257
5935,Waitlist,0.1627906976744185,Waitlist,0.307162493243525,Waitlist,0.1847319775200692,Gradient Boosting,Waitlist,0.1847319775200692
5936,Admit,0.6029411764705921,Admit,0.7020789418048436,Admit,0.6911896166257243,Gradient Boosting,Admit,0.6911896166257243
5937,Admit,1.0,Admit,0.5218857178191532,Waitlist,0.47343979061377384,Gradient Boosting,Waitlist,0.47343979061377384
5938,Admit,0.8301886792452832,Admit,0.6748492826615686,Admit,0.6461484973641247,Gradient Boosting,Admit,0.6461484973641247
5939,Waitlist,0.4905660377358487,Waitlist,0.3114029786132323,Waitlist,0.12343738594926917,Gradient Boosting,Waitlist,0.12343738594926917
5941,Admit,0.6029411764705921,Admit,0.592564142004976,Admit,0.6097591536814656,Gradient Boosting,Admit,0.6097591536814656
5942,Waitlist,0.37931034482758613,Admit,0.7223888304750341,Admit,0.7750947329391189,Gradient Boosting,Admit,0.7750947329391189
5943,Waitlist,0.13461538461538458,Waitlist,0.3380981139628275,Waitlist,0.30744366090589176,Gradient Boosting,Waitlist,0.30744366090589176
5944,Admit,1.0,Waitlist,0.3321213926676723,Waitlist,0.40349960036181787,Gradient Boosting,Waitlist,0.40349960036181787
5945,Waitlist,0.027027027027027025,Waitlist,0.43738303852102434,Waitlist,0.2839530317857491,Gradient Boosting,Waitlist,0.2839530317857491
5946,Waitlist,0.4905660377358487,Waitlist,0.4180721737693201,Waitlist,0.3215527863834572,Gradient Boosting,Waitlist,0.3215527863834572
5947,Waitlist,0.4905660377358487,Waitlist,0.32975121105345634,Waitlist,0.2795000624001153,Gradient Boosting,Waitlist,0.2795000624001153
5948,Waitlist,0.4905660377358487,Waitlist,0.3787197721464191,Waitlist,0.28472628515108445,Gradient Boosting,Waitlist,0.28472628515108445
5949,Waitlist,0.4545454545454544,Waitlist,0.3799627329593649,Waitlist,0.302205742083582,Gradient Boosting,Waitlist,0.302205742083582
5950,Waitlist,0.0869565217391304,Waitlist,0.2841587173619494,Waitlist,0.23651839735489164,Gradient Boosting,Waitlist,0.23651839735489164
5951,Waitlist,0.37931034482758613,Admit,0.7333021595363153,Admit,0.7537896700128045,Gradient Boosting,Admit,0.7537896700128045
5952,Waitlist,0.4905660377358487,Waitlist,0.3116052341210888,Waitlist,0.24552865512979918,Gradient Boosting,Waitlist,0.24552865512979918
5953,Waitlist,0.4905660377358487,Waitlist,0.3427894619740382,Waitlist,0.25611522620298594,Gradient Boosting,Waitlist,0.25611522620298594
5955,Admit,1.0,Admit,0.7114481405706781,Admit,0.6669099119363686,Gradient Boosting,Admit,0.6669099119363686
5956,Waitlist,0.0869565217391304,Waitlist,0.3055006093335291,Waitlist,0.13988484307429258,Gradient Boosting,Waitlist,0.13988484307429258
5957,Waitlist,0.14285714285714282,Waitlist,0.22207628634031304,Waitlist,0.12781289036448523,Gradient Boosting,Waitlist,0.12781289036448523
5958,Admit,0.6029411764705921,Admit,0.6255491820735506,Admit,0.7744155734777961,Gradient Boosting,Admit,0.7744155734777961
5959,Waitlist,0.13461538461538458,Waitlist,0.3050646383908905,Admit,0.5005536041614133,Gradient Boosting,Admit,0.5005536041614133
5961,Waitlist,0.3571428571428568,Waitlist,0.4006256201532922,Waitlist,0.47343979061377384,Gradient Boosting,Waitlist,0.47343979061377384
5962,Waitlist,0.4905660377358487,Waitlist,0.4083217830312776,Waitlist,0.3165636735886363,Gradient Boosting,Waitlist,0.3165636735886363
5963,Waitlist,0.4545454545454544,Waitlist,0.47773736088128693,Waitlist,0.2269629015673866,Gradient Boosting,Waitlist,0.2269629015673866
5964,Admit,0.6029411764705921,Admit,0.6716461207863776,Admit,0.6637755713977175,Gradient Boosting,Admit,0.6637755713977175
5965,Waitlist,0.13461538461538458,Waitlist,0.2587000209886123,Waitlist,0.22433189516951338,Gradient Boosting,Waitlist,0.22433189516951338
5966,Waitlist,0.027027027027027025,Waitlist,0.42400238928746337,Waitlist,0.26946472417198475,Gradient Boosting,Waitlist,0.26946472417198475
5968,Waitlist,0.4905660377358487,Waitlist,0.38868427653224374,Waitlist,0.20916475216289673,Gradient Boosting,Waitlist,0.20916475216289673
5969,Waitlist,0.23404255319148923,Waitlist,0.44914864480929473,Waitlist,0.472563132648513,Gradient Boosting,Waitlist,0.472563132648513
5970,Waitlist,0.13461538461538458,Waitlist,0.32893909394189647,Waitlist,0.2406593261047741,Gradient Boosting,Waitlist,0.2406593261047741
5971,Waitlist,0.13461538461538458,Waitlist,0.37260554896504955,Waitlist,0.20737129142156757,Gradient Boosting,Waitlist,0.20737129142156757
5972,Admit,1.0,Admit,0.8647911145489382,Admit,0.9321181203462703,Gradient Boosting,Admit,0.9321181203462703
5973,Admit,1.0,Waitlist,0.35207068860553775,Admit,0.5232650553470496,Gradient Boosting,Admit,0.5232650553470496
5974,Waitlist,0.027027027027027025,Waitlist,0.4108273025849849,Waitlist,0.2151439305705245,Gradient Boosting,Waitlist,0.2151439305705245
5975,Admit,1.0,Waitlist,0.3564167584983437,Admit,0.6084614130528696,Gradient Boosting,Admit,0.6084614130528696
5976,Waitlist,0.13461538461538458,Waitlist,0.32500062931379436,Waitlist,0.24260190981648416,Gradient Boosting,Waitlist,0.24260190981648416
5977,Waitlist,0.23404255319148923,Waitlist,0.4372773292327567,Waitlist,0.24746297671051182,Gradient Boosting,Waitlist,0.24746297671051182
5978,Waitlist,0.4905660377358487,Admit,0.5118279435053811,Waitlist,0.3207560621575372,Gradient Boosting,Waitlist,0.3207560621575372
5979,Waitlist,0.13461538461538458,Waitlist,0.3763169080259401,Waitlist,0.4237785015266174,Gradient Boosting,Waitlist,0.4237785015266174
5980,Waitlist,0.0869565217391304,Waitlist,0.3545218724368284,Waitlist,0.3835962751971302,Gradient Boosting,Waitlist,0.3835962751971302
5981,Waitlist,0.4545454545454544,Waitlist,0.47538707152593085,Waitlist,0.3367097854890439,Gradient Boosting,Waitlist,0.3367097854890439
5982,Waitlist,0.0869565217391304,Waitlist,0.41597562820997036,Waitlist,0.37613050829090316,Gradient Boosting,Waitlist,0.37613050829090316
5983,Waitlist,0.4545454545454544,Waitlist,0.4018235565596092,Waitlist,0.307232784380305,Gradient Boosting,Waitlist,0.307232784380305
5984,Admit,0.6029411764705921,Admit,0.7160360959037724,Admit,0.8515823960000626,Gradient Boosting,Admit,0.8515823960000626
5985,Waitlist,0.14285714285714282,Waitlist,0.33542269015414133,Waitlist,0.1529573821063123,Gradient Boosting,Waitlist,0.1529573821063123
5986,Waitlist,0.14285714285714282,Waitlist,0.304157161343698,Waitlist,0.20630388938514274,Gradient Boosting,Waitlist,0.20630388938514274
5987,Waitlist,0.4905660377358487,Waitlist,0.3715351022978251,Admit,0.6785730832572835,Gradient Boosting,Admit,0.6785730832572835
5988,Waitlist,0.4905660377358487,Waitlist,0.3381770918461541,Waitlist,0.2699986748343548,Gradient Boosting,Waitlist,0.2699986748343548
5989,Waitlist,0.13461538461538458,Waitlist,0.30076347347744986,Waitlist,0.25413426240298614,Gradient Boosting,Waitlist,0.25413426240298614
5990,Waitlist,0.4545454545454544,Waitlist,0.39095256076059276,Waitlist,0.27292470537267205,Gradient Boosting,Waitlist,0.27292470537267205
5991,Waitlist,0.14285714285714282,Waitlist,0.23286535514865728,Waitlist,0.0922511723967034,Gradient Boosting,Waitlist,0.0922511723967034
5992,Waitlist,0.0869565217391304,Waitlist,0.39099341136772975,Waitlist,0.2780834434789058,Gradient Boosting,Waitlist,0.2780834434789058
5994,Waitlist,0.4905660377358487,Waitlist,0.3293551990929296,Waitlist,0.2661206752989751,Gradient Boosting,Waitlist,0.2661206752989751
5996,Waitlist,0.4545454545454544,Waitlist,0.4685182740544354,Waitlist,0.2057240395101254,Gradient Boosting,Waitlist,0.2057240395101254
5998,Waitlist,0.4905660377358487,Waitlist,0.2756028597051673,Waitlist,0.21889140271217883,Gradient Boosting,Waitlist,0.21889140271217883
5999,Waitlist,0.37931034482758613,Admit,0.7509861291434154,Admit,0.761463045650498,Gradient Boosting,Admit,0.761463045650498
6000,Waitlist,0.0869565217391304,Waitlist,0.36234446374063173,Waitlist,0.39804188616266434,Gradient Boosting,Waitlist,0.39804188616266434
6001,Waitlist,0.13461538461538458,Waitlist,0.35943068316659893,Waitlist,0.23499946365098012,Gradient Boosting,Waitlist,0.23499946365098012
6002,Waitlist,0.4545454545454544,Waitlist,0.3751982600362566,Waitlist,0.15472282451900335,Gradient Boosting,Waitlist,0.15472282451900335
6003,Admit,0.6029411764705921,Admit,0.6782322693828033,Admit,0.6461484973641247,Gradient Boosting,Admit,0.6461484973641247
6004,Waitlist,0.23404255319148923,Admit,0.5279818819554448,Waitlist,0.4647747499815215,Gradient Boosting,Waitlist,0.4647747499815215
6005,Waitlist,0.0869565217391304,Waitlist,0.2855290606963284,Waitlist,0.1243868496248075,Gradient Boosting,Waitlist,0.1243868496248075
6006,Admit,1.0,Admit,0.7380495020882156,Admit,0.6891980874618859,Gradient Boosting,Admit,0.6891980874618859
6008,Waitlist,0.0869565217391304,Waitlist,0.29057877961129674,Waitlist,0.28045643600707604,Gradient Boosting,Waitlist,0.28045643600707604
6009,Waitlist,0.0869565217391304,Waitlist,0.2248625997025969,Waitlist,0.13132808336907104,Gradient Boosting,Waitlist,0.13132808336907104
6010,Waitlist,0.4905660377358487,Waitlist,0.3032593655287077,Waitlist,0.19004194837244284,Gradient Boosting,Waitlist,0.19004194837244284
6011,Waitlist,0.13461538461538458,Waitlist,0.3169098601122405,Waitlist,0.27126182296069845,Gradient Boosting,Waitlist,0.27126182296069845
6012,Admit,1.0,Waitlist,0.32599905024832404,Waitlist,0.3144197505576578,Gradient Boosting,Waitlist,0.3144197505576578
6013,Waitlist,0.0869565217391304,Waitlist,0.44924448301284664,Waitlist,0.18990382211356957,Gradient Boosting,Waitlist,0.18990382211356957
6014,Waitlist,0.0869565217391304,Waitlist,0.25244400862692684,Waitlist,0.1386527650443845,Gradient Boosting,Waitlist,0.1386527650443845
6015,Admit,1.0,Admit,0.7544884007746065,Admit,0.716504622815685,Gradient Boosting,Admit,0.716504622815685
6016,Admit,1.0,Waitlist,0.3536713944766809,Waitlist,0.4198738056984175,Gradient Boosting,Waitlist,0.4198738056984175
6017,Admit,1.0,Admit,0.5914628734431634,Waitlist,0.4953040892877813,Gradient Boosting,Waitlist,0.4953040892877813
6018,Waitlist,0.0869565217391304,Waitlist,0.36026904800410475,Waitlist,0.17919250655614052,Gradient Boosting,Waitlist,0.17919250655614052
6020,Waitlist,0.4905660377358487,Waitlist,0.296134344916719,Waitlist,0.29690591740423966,Gradient Boosting,Waitlist,0.29690591740423966
6021,Waitlist,0.1627906976744185,Waitlist,0.31361970411526535,Waitlist,0.2943371599168385,Gradient Boosting,Waitlist,0.2943371599168385
6022,Waitlist,0.4905660377358487,Waitlist,0.39322531609368905,Waitlist,0.3568548515454512,Gradient Boosting,Waitlist,0.3568548515454512
6023,Waitlist,0.4545454545454544,Waitlist,0.3556317589758039,Waitlist,0.23873674276614554,Gradient Boosting,Waitlist,0.23873674276614554
6024,Admit,1.0,Admit,0.7045894983858514,Admit,0.7751933049394948,Gradient Boosting,Admit,0.7751933049394948
6025,Waitlist,0.4905660377358487,Admit,0.5074885857096785,Waitlist,0.4870364065563577,Gradient Boosting,Waitlist,0.4870364065563577
6026,Admit,1.0,Waitlist,0.44173685931495255,Admit,0.8365086007808362,Gradient Boosting,Admit,0.8365086007808362
6027,Admit,0.6029411764705921,Admit,0.727031480196855,Admit,0.8977132531029046,Gradient Boosting,Admit,0.8977132531029046
6028,Admit,0.6029411764705921,Admit,0.5537296533749054,Admit,0.6150169795083138,Gradient Boosting,Admit,0.6150169795083138
6029,Waitlist,0.37931034482758613,Admit,0.7738431821500762,Admit,0.761463045650498,Gradient Boosting,Admit,0.761463045650498
6030,Waitlist,0.14285714285714282,Waitlist,0.42220847604858175,Waitlist,0.16617357513060843,Gradient Boosting,Waitlist,0.16617357513060843
6031,Waitlist,0.4905660377358487,Waitlist,0.3299740260222219,Waitlist,0.32432384331835523,Gradient Boosting,Waitlist,0.32432384331835523
6032,Waitlist,0.027027027027027025,Waitlist,0.3523802241293161,Waitlist,0.2901579070798556,Gradient Boosting,Waitlist,0.2901579070798556
6034,Admit,0.6029411764705921,Admit,0.7485165612071795,Admit,0.8418210394792933,Gradient Boosting,Admit,0.8418210394792933
6036,Waitlist,0.4905660377358487,Waitlist,0.3649586475686587,Waitlist,0.16451399960270582,Gradient Boosting,Waitlist,0.16451399960270582
6037,Waitlist,0.1627906976744185,Waitlist,0.2918704602356802,Waitlist,0.20823593349658917,Gradient Boosting,Waitlist,0.20823593349658917
6038,Admit,0.8301886792452832,Admit,0.5850814525312714,Admit,0.6683646621952158,Gradient Boosting,Admit,0.6683646621952158
6039,Admit,1.0,Admit,0.8050988782041137,Admit,0.8634641856200768,Gradient Boosting,Admit,0.8634641856200768
6040,Admit,0.6351351351351351,Admit,0.5925633826902399,Admit,0.6514400223195677,Gradient Boosting,Admit,0.6514400223195677
6041,Waitlist,0.0869565217391304,Waitlist,0.3730279685813907,Waitlist,0.10870142191388105,Gradient Boosting,Waitlist,0.10870142191388105
6042,Admit,0.8301886792452832,Admit,0.7249920475889767,Admit,0.7086261751890024,Gradient Boosting,Admit,0.7086261751890024
6043,Waitlist,0.4905660377358487,Admit,0.5569649958483958,Admit,0.702552968498058,Gradient Boosting,Admit,0.702552968498058
6044,Waitlist,0.14285714285714282,Waitlist,0.35950614960921795,Waitlist,0.2695016741536449,Gradient Boosting,Waitlist,0.2695016741536449
6045,Admit,0.6351351351351351,Admit,0.6962330031881172,Admit,0.5804122331413526,Gradient Boosting,Admit,0.5804122331413526
6046,Admit,1.0,Admit,0.6924662200737622,Admit,0.7610917917625677,Gradient Boosting,Admit,0.7610917917625677
6048,Admit,0.6351351351351351,Admit,0.6111655103943751,Waitlist,0.4288467580502464,Gradient Boosting,Waitlist,0.4288467580502464
6049,Admit,0.6351351351351351,Admit,0.6659978293338357,Admit,0.6628791270973937,Gradient Boosting,Admit,0.6628791270973937
6050,Admit,0.6351351351351351,Waitlist,0.4534450417901221,Waitlist,0.4831920024854607,Gradient Boosting,Waitlist,0.4831920024854607
6052,Waitlist,0.0869565217391304,Waitlist,0.45752395634603477,Waitlist,0.3217788337114906,Gradient Boosting,Waitlist,0.3217788337114906
6053,Waitlist,0.13461538461538458,Waitlist,0.3466231484098229,Waitlist,0.3065894918703729,Gradient Boosting,Waitlist,0.3065894918703729
6054,Waitlist,0.0869565217391304,Waitlist,0.3429778790979157,Waitlist,0.23252658874948423,Gradient Boosting,Waitlist,0.23252658874948423
6055,Waitlist,0.4545454545454544,Waitlist,0.4648550769467033,Waitlist,0.343356496793996,Gradient Boosting,Waitlist,0.343356496793996
6056,Waitlist,0.4545454545454544,Waitlist,0.37282740317265844,Waitlist,0.2340771539577233,Gradient Boosting,Waitlist,0.2340771539577233
6057,Waitlist,0.4545454545454544,Waitlist,0.49517254317812587,Waitlist,0.35722100248721916,Gradient Boosting,Waitlist,0.35722100248721916
6058,Admit,0.6029411764705921,Admit,0.7040741156484406,Admit,0.6764328880822184,Gradient Boosting,Admit,0.6764328880822184
6059,Waitlist,0.37931034482758613,Admit,0.7221822766579921,Admit,0.6298493967556211,Gradient Boosting,Admit,0.6298493967556211
6060,Waitlist,0.4905660377358487,Waitlist,0.32157180578546085,Waitlist,0.24552865512979918,Gradient Boosting,Waitlist,0.24552865512979918
6061,Waitlist,0.027027027027027025,Waitlist,0.22746330319721939,Waitlist,0.07576308201073352,Gradient Boosting,Waitlist,0.07576308201073352
6062,Admit,0.6351351351351351,Waitlist,0.4721220371222837,Admit,0.5998453943216788,Gradient Boosting,Admit,0.5998453943216788
6063,Admit,0.6029411764705921,Admit,0.6893848648575851,Admit,0.7690236574187341,Gradient Boosting,Admit,0.7690236574187341
6064,Waitlist,0.13461538461538458,Waitlist,0.29203754666652076,Waitlist,0.24588367828655391,Gradient Boosting,Waitlist,0.24588367828655391
6065,Admit,1.0,Admit,0.6054955157789244,Admit,0.8484519279457747,Gradient Boosting,Admit,0.8484519279457747
6066,Admit,0.6029411764705921,Admit,0.7433540798955789,Admit,0.7537424495665868,Gradient Boosting,Admit,0.7537424495665868
6067,Waitlist,0.13461538461538458,Waitlist,0.324117416521874,Waitlist,0.25712623465929985,Gradient Boosting,Waitlist,0.25712623465929985
6068,Admit,1.0,Admit,0.6355105685926293,Admit,0.7104924054269617,Gradient Boosting,Admit,0.7104924054269617
6069,Waitlist,0.13461538461538458,Waitlist,0.38301771907820464,Waitlist,0.32659057380095924,Gradient Boosting,Waitlist,0.32659057380095924
6070,Waitlist,0.4905660377358487,Waitlist,0.39991269068288776,Waitlist,0.2174862737545608,Gradient Boosting,Waitlist,0.2174862737545608
6072,Admit,0.6029411764705921,Admit,0.8079958503448953,Admit,0.8095163731690953,Gradient Boosting,Admit,0.8095163731690953
6073,Waitlist,0.13461538461538458,Waitlist,0.373054660876974,Waitlist,0.3073436440631002,Gradient Boosting,Waitlist,0.3073436440631002
6074,Admit,1.0,Admit,0.8210633997205504,Admit,0.7966557773269587,Gradient Boosting,Admit,0.7966557773269587
6075,Waitlist,0.0869565217391304,Admit,0.5527109885630809,Waitlist,0.2901101886652197,Gradient Boosting,Waitlist,0.2901101886652197
6076,Admit,1.0,Admit,0.7131541568501215,Admit,0.8324494153334224,Gradient Boosting,Admit,0.8324494153334224
6077,Waitlist,0.13461538461538458,Waitlist,0.29405710078785824,Waitlist,0.34993155054815456,Gradient Boosting,Waitlist,0.34993155054815456
6078,Admit,0.8301886792452832,Waitlist,0.48139558303234425,Waitlist,0.3206328427557638,Gradient Boosting,Waitlist,0.3206328427557638
6079,Waitlist,0.0869565217391304,Waitlist,0.3359622568789878,Waitlist,0.16393899601003403,Gradient Boosting,Waitlist,0.16393899601003403
6080,Waitlist,0.0869565217391304,Waitlist,0.2420934061122359,Waitlist,0.04416018324023028,Gradient Boosting,Waitlist,0.04416018324023028
6081,Waitlist,0.13461538461538458,Waitlist,0.41793098762841274,Waitlist,0.3177043565068903,Gradient Boosting,Waitlist,0.3177043565068903
6082,Waitlist,0.4905660377358487,Waitlist,0.26721475883468776,Waitlist,0.19986615893115964,Gradient Boosting,Waitlist,0.19986615893115964
6083,Waitlist,0.13461538461538458,Waitlist,0.2780541395735521,Waitlist,0.27126182296069845,Gradient Boosting,Waitlist,0.27126182296069845
6084,Waitlist,0.13461538461538458,Waitlist,0.4164749916637418,Admit,0.8206375956536914,Gradient Boosting,Admit,0.8206375956536914
6085,Waitlist,0.13461538461538458,Waitlist,0.44950813263657163,Admit,0.6611441159992034,Gradient Boosting,Admit,0.6611441159992034
6086,Admit,0.6351351351351351,Admit,0.6302137906309057,Admit,0.5222759006378089,Gradient Boosting,Admit,0.5222759006378089
6087,Waitlist,0.4905660377358487,Waitlist,0.31815259770010323,Waitlist,0.13603091354981947,Gradient Boosting,Waitlist,0.13603091354981947
6088,Admit,0.8301886792452832,Admit,0.7262636795731001,Admit,0.7434063360790564,Gradient Boosting,Admit,0.7434063360790564
6091,Admit,0.6029411764705921,Admit,0.5846613721554401,Admit,0.5817731230562048,Gradient Boosting,Admit,0.5817731230562048
6092,Waitlist,0.20588235294117635,Admit,0.5514730321258758,Admit,0.5222759006378089,Gradient Boosting,Admit,0.5222759006378089
6094,Admit,1.0,Waitlist,0.28361638880304196,Waitlist,0.46750458527297,Gradient Boosting,Waitlist,0.46750458527297
6095,Waitlist,0.13461538461538458,Waitlist,0.336541197579992,Waitlist,0.356909058028894,Gradient Boosting,Waitlist,0.356909058028894
6096,Admit,1.0,Admit,0.8274530605193703,Admit,0.9042482261411039,Gradient Boosting,Admit,0.9042482261411039
6097,Waitlist,0.14285714285714282,Waitlist,0.24462612850918763,Waitlist,0.19664993179891613,Gradient Boosting,Waitlist,0.19664993179891613
6098,Waitlist,0.027027027027027025,Waitlist,0.4262878909450046,Waitlist,0.33116480360036016,Gradient Boosting,Waitlist,0.33116480360036016
6099,Waitlist,0.13461538461538458,Waitlist,0.35379360511384356,Waitlist,0.37472966362767574,Gradient Boosting,Waitlist,0.37472966362767574
6100,Waitlist,0.4905660377358487,Waitlist,0.4637095899211311,Waitlist,0.3566971665842485,Gradient Boosting,Waitlist,0.3566971665842485
6102,Waitlist,0.4905660377358487,Waitlist,0.4667944119490779,Waitlist,0.38434637093153173,Gradient Boosting,Waitlist,0.38434637093153173
6103,Waitlist,0.4905660377358487,Waitlist,0.4063564282012823,Waitlist,0.3463238283178164,Gradient Boosting,Waitlist,0.3463238283178164
6105,Waitlist,0.027027027027027025,Waitlist,0.39333103983154494,Waitlist,0.21578203348669367,Gradient Boosting,Waitlist,0.21578203348669367
6106,Admit,0.6029411764705921,Admit,0.6679283474522243,Admit,0.7176853637416153,Gradient Boosting,Admit,0.7176853637416153
6107,Admit,1.0,Admit,0.7911219180610388,Admit,0.8487931546476656,Gradient Boosting,Admit,0.8487931546476656
6108,Admit,0.8301886792452832,Admit,0.6560884467407033,Admit,0.6148583524180179,Gradient Boosting,Admit,0.6148583524180179
6109,Waitlist,0.0869565217391304,Waitlist,0.2562760692402623,Waitlist,0.37673145787339385,Gradient Boosting,Waitlist,0.37673145787339385
6111,Waitlist,0.14285714285714282,Waitlist,0.2717785923108035,Waitlist,0.1235881021605398,Gradient Boosting,Waitlist,0.1235881021605398
6112,Admit,1.0,Waitlist,0.3647697511642174,Admit,0.576426553422997,Gradient Boosting,Admit,0.576426553422997
6113,Waitlist,0.0869565217391304,Waitlist,0.21930369383407922,Waitlist,0.041043240931120474,Gradient Boosting,Waitlist,0.041043240931120474
6114,Admit,0.6351351351351351,Admit,0.5036795899808422,Waitlist,0.3864335581622138,Gradient Boosting,Waitlist,0.3864335581622138
6116,Waitlist,0.4905660377358487,Waitlist,0.30884667295946433,Waitlist,0.1833303092056185,Gradient Boosting,Waitlist,0.1833303092056185
6117,Waitlist,0.4905660377358487,Waitlist,0.4000850024939715,Waitlist,0.2700034095153699,Gradient Boosting,Waitlist,0.2700034095153699
6119,Admit,0.6029411764705921,Admit,0.5507082142947574,Waitlist,0.4807803595517352,Gradient Boosting,Waitlist,0.4807803595517352
6120,Waitlist,0.0869565217391304,Waitlist,0.27781003068685034,Waitlist,0.18224215539839403,Gradient Boosting,Waitlist,0.18224215539839403
6121,Waitlist,0.0869565217391304,Waitlist,0.37504321124298023,Waitlist,0.49805298875820714,Gradient Boosting,Waitlist,0.49805298875820714
6122,Admit,1.0,Waitlist,0.4294473575422664,Admit,0.7947837305582294,Gradient Boosting,Admit,0.7947837305582294
6123,Waitlist,0.4905660377358487,Waitlist,0.46245409539010607,Waitlist,0.35937279217905127,Gradient Boosting,Waitlist,0.35937279217905127
6124,Waitlist,0.0869565217391304,Waitlist,0.27208318867829934,Waitlist,0.0870793503866678,Gradient Boosting,Waitlist,0.0870793503866678
6125,Admit,1.0,Admit,0.735524980242445,Admit,0.7730625853085076,Gradient Boosting,Admit,0.7730625853085076
6126,Admit,1.0,Admit,0.6518155294729479,Admit,0.6742369025842462,Gradient Boosting,Admit,0.6742369025842462
6128,Waitlist,0.13461538461538458,Waitlist,0.2672782192658728,Waitlist,0.15034408102816893,Gradient Boosting,Waitlist,0.15034408102816893
6129,Waitlist,0.13461538461538458,Waitlist,0.35345638820257474,Waitlist,0.3298463866334583,Gradient Boosting,Waitlist,0.3298463866334583
6130,Waitlist,0.027027027027027025,Waitlist,0.2020724808587846,Waitlist,0.07180716922283335,Gradient Boosting,Waitlist,0.07180716922283335
6131,Waitlist,0.4545454545454544,Waitlist,0.31129302809641257,Waitlist,0.14224685209841567,Gradient Boosting,Waitlist,0.14224685209841567
6132,Waitlist,0.13461538461538458,Waitlist,0.36475305690863347,Waitlist,0.2555646912487731,Gradient Boosting,Waitlist,0.2555646912487731
6133,Waitlist,0.027027027027027025,Waitlist,0.2599111186411686,Waitlist,0.1585215397230722,Gradient Boosting,Waitlist,0.1585215397230722
6134,Admit,1.0,Waitlist,0.33291282449483556,Waitlist,0.23533030760282586,Gradient Boosting,Waitlist,0.23533030760282586
6135,Admit,1.0,Waitlist,0.30697251300400397,Waitlist,0.3144197505576578,Gradient Boosting,Waitlist,0.3144197505576578
6136,Waitlist,0.23404255319148923,Admit,0.5411451213300292,Waitlist,0.30306442610101975,Gradient Boosting,Waitlist,0.30306442610101975
6137,Waitlist,0.3571428571428568,Admit,0.5633205016323669,Waitlist,0.48336949330878326,Gradient Boosting,Waitlist,0.48336949330878326
6139,Waitlist,0.4545454545454544,Waitlist,0.42342731378811344,Waitlist,0.2413578423011364,Gradient Boosting,Waitlist,0.2413578423011364
6140,Waitlist,0.027027027027027025,Waitlist,0.37642200029080625,Waitlist,0.23014995862044832,Gradient Boosting,Waitlist,0.23014995862044832
6141,Admit,0.6351351351351351,Admit,0.5696222867982603,Waitlist,0.48738252000042154,Gradient Boosting,Waitlist,0.48738252000042154
6142,Admit,1.0,Admit,0.7201999995219285,Admit,0.8418339654838877,Gradient Boosting,Admit,0.8418339654838877
6143,Admit,1.0,Admit,0.5549887305772674,Admit,0.5763159119383879,Gradient Boosting,Admit,0.5763159119383879
6144,Waitlist,0.4905660377358487,Waitlist,0.3570488013595523,Waitlist,0.33509942330363085,Gradient Boosting,Waitlist,0.33509942330363085
6145,Waitlist,0.4905660377358487,Waitlist,0.426705374929624,Admit,0.523372069880972,Gradient Boosting,Admit,0.523372069880972
6146,Admit,1.0,Admit,0.6533538176408151,Admit,0.7751933049394948,Gradient Boosting,Admit,0.7751933049394948
6147,Waitlist,0.027027027027027025,Waitlist,0.44634364436716195,Waitlist,0.33116480360036016,Gradient Boosting,Waitlist,0.33116480360036016
6148,Admit,1.0,Waitlist,0.3237924519947168,Admit,0.5630028389823243,Gradient Boosting,Admit,0.5630028389823243
6149,Admit,0.6029411764705921,Admit,0.7229732806932662,Admit,0.9026820818165249,Gradient Boosting,Admit,0.9026820818165249
6150,Admit,1.0,Waitlist,0.3016998587172252,Waitlist,0.3790271111752641,Gradient Boosting,Waitlist,0.3790271111752641
6152,Waitlist,0.4905660377358487,Waitlist,0.3825423345498885,Waitlist,0.31132586178543514,Gradient Boosting,Waitlist,0.31132586178543514
6154,Waitlist,0.4905660377358487,Waitlist,0.42470455321773964,Admit,0.5078315636551399,Gradient Boosting,Admit,0.5078315636551399
6155,Admit,1.0,Admit,0.6845374222785843,Admit,0.7073948993157783,Gradient Boosting,Admit,0.7073948993157783
6156,Admit,0.6029411764705921,Admit,0.6581452451857036,Admit,0.618605674717709,Gradient Boosting,Admit,0.618605674717709
6157,Admit,1.0,Waitlist,0.3804719223868042,Waitlist,0.45252160574071565,Gradient Boosting,Waitlist,0.45252160574071565
6158,Waitlist,0.4905660377358487,Waitlist,0.32902156234891233,Waitlist,0.1792376785851904,Gradient Boosting,Waitlist,0.1792376785851904
6159,Waitlist,0.0869565217391304,Waitlist,0.3857709476765182,Waitlist,0.1558852674935639,Gradient Boosting,Waitlist,0.1558852674935639
6160,Waitlist,0.4905660377358487,Waitlist,0.3593382218212664,Waitlist,0.28787892154734573,Gradient Boosting,Waitlist,0.28787892154734573
6161,Waitlist,0.13461538461538458,Waitlist,0.37075325988904706,Waitlist,0.39549286024224567,Gradient Boosting,Waitlist,0.39549286024224567
6162,Waitlist,0.0869565217391304,Waitlist,0.22969355620467666,Waitlist,0.09810020801882627,Gradient Boosting,Waitlist,0.09810020801882627
6163,Waitlist,0.4905660377358487,Waitlist,0.4030886582429326,Admit,0.5078315636551399,Gradient Boosting,Admit,0.5078315636551399
6164,Waitlist,0.0869565217391304,Waitlist,0.4387127652068399,Waitlist,0.33116480360036016,Gradient Boosting,Waitlist,0.33116480360036016
6165,Waitlist,0.4905660377358487,Waitlist,0.430413558508408,Waitlist,0.3512894060013184,Gradient Boosting,Waitlist,0.3512894060013184
6166,Admit,0.6029411764705921,Admit,0.7410995216574077,Admit,0.7661341546894364,Gradient Boosting,Admit,0.7661341546894364
6167,Waitlist,0.4905660377358487,Admit,0.5275927477623874,Admit,0.6776878751040284,Gradient Boosting,Admit,0.6776878751040284
6168,Waitlist,0.4905660377358487,Waitlist,0.41965852028081807,Waitlist,0.35801204215411214,Gradient Boosting,Waitlist,0.35801204215411214
6170,Waitlist,0.0869565217391304,Waitlist,0.3120132001605407,Waitlist,0.3881911160932827,Gradient Boosting,Waitlist,0.3881911160932827
6171,Admit,1.0,Waitlist,0.3314627899531911,Waitlist,0.4714891201101706,Gradient Boosting,Waitlist,0.4714891201101706
6172,Waitlist,0.0869565217391304,Waitlist,0.30616901533832563,Waitlist,0.08237110312492699,Gradient Boosting,Waitlist,0.08237110312492699
6173,Waitlist,0.027027027027027025,Waitlist,0.3075316443409601,Waitlist,0.33349650858620666,Gradient Boosting,Waitlist,0.33349650858620666
6174,Admit,1.0,Admit,0.6597603668379461,Admit,0.8645171454714368,Gradient Boosting,Admit,0.8645171454714368
6175,Waitlist,0.3571428571428568,Waitlist,0.46063545322743493,Waitlist,0.40222252636060607,Gradient Boosting,Waitlist,0.40222252636060607
6177,Waitlist,0.4545454545454544,Admit,0.51761798609531,Waitlist,0.2830966333908795,Gradient Boosting,Waitlist,0.2830966333908795
6179,Waitlist,0.0869565217391304,Waitlist,0.32912224929474804,Waitlist,0.33011796002510935,Gradient Boosting,Waitlist,0.33011796002510935
6180,Admit,1.0,Waitlist,0.4087850427195727,Admit,0.7757833914240715,Gradient Boosting,Admit,0.7757833914240715
6181,Waitlist,0.4905660377358487,Waitlist,0.49019730957553304,Waitlist,0.4165945164812285,Gradient Boosting,Waitlist,0.4165945164812285
6182,Admit,0.6029411764705921,Admit,0.7775243322830451,Admit,0.6855113098196116,Gradient Boosting,Admit,0.6855113098196116
6183,Waitlist,0.4905660377358487,Waitlist,0.4483814466405364,Waitlist,0.42236969190650187,Gradient Boosting,Waitlist,0.42236969190650187
6184,Waitlist,0.3571428571428568,Waitlist,0.4426078636204727,Admit,0.5782619252911335,Gradient Boosting,Admit,0.5782619252911335
6185,Waitlist,0.4905660377358487,Waitlist,0.2938345540040223,Waitlist,0.1883208175356577,Gradient Boosting,Waitlist,0.1883208175356577
6186,Waitlist,0.1627906976744185,Waitlist,0.24829612723186448,Waitlist,0.16691631604084714,Gradient Boosting,Waitlist,0.16691631604084714
6187,Waitlist,0.13461538461538458,Waitlist,0.3773155444430607,Admit,0.7036651655789908,Gradient Boosting,Admit,0.7036651655789908
6188,Admit,1.0,Waitlist,0.36303697319834305,Admit,0.7790246640434443,Gradient Boosting,Admit,0.7790246640434443
6189,Waitlist,0.0869565217391304,Waitlist,0.21770118704553412,Waitlist,0.04863383222811108,Gradient Boosting,Waitlist,0.04863383222811108
6190,Waitlist,0.027027027027027025,Waitlist,0.46301774029913123,Waitlist,0.20961207013013558,Gradient Boosting,Waitlist,0.20961207013013558
6191,Waitlist,0.1627906976744185,Waitlist,0.3004240630830663,Waitlist,0.15577742646816317,Gradient Boosting,Waitlist,0.15577742646816317
6193,Waitlist,0.4905660377358487,Waitlist,0.4657566714133862,Waitlist,0.39460966180402374,Gradient Boosting,Waitlist,0.39460966180402374
6194,Waitlist,0.0869565217391304,Waitlist,0.2985144014228935,Waitlist,0.30803576266397403,Gradient Boosting,Waitlist,0.30803576266397403
