application_id,prediction,admit_probability,model
2,Admit,0.6785714285714286,Decision Tree
4,Admit,1.0,Decision Tree
5,Waitlist,0.4374999999999996,Decision Tree
6,Waitlist,0.4374999999999996,Decision Tree
8,Waitlist,0.2799999999999998,Decision Tree
9,Waitlist,0.4374999999999996,Decision Tree
10,Waitlist,0.37931034482758597,Decision Tree
11,Waitlist,0.30769230769230754,Decision Tree
12,Waitlist,0.30769230769230754,Decision Tree
14,Admit,0.7954545454545454,Decision Tree
18,Admit,1.0,Decision Tree
19,Waitlist,0.05594405594405592,Decision Tree
20,Waitlist,0.20588235294117638,Decision Tree
22,Admit,1.0,Decision Tree
24,Admit,0.6666666666666664,Decision Tree
27,Waitlist,0.2799999999999998,Decision Tree
28,Admit,0.7954545454545454,Decision Tree
29,Waitlist,0.30769230769230754,Decision Tree
31,Waitlist,0.30769230769230754,Decision Tree
32,Waitlist,0.4374999999999996,Decision Tree
33,Admit,1.0,Decision Tree
35,Waitlist,0.05594405594405592,Decision Tree
36,Waitlist,0.20588235294117638,Decision Tree
37,Waitlist,0.3749999999999997,Decision Tree
38,Waitlist,0.4374999999999996,Decision Tree
43,Admit,1.0,Decision Tree
45,Waitlist,0.05594405594405592,Decision Tree
46,Waitlist,0.45454545454545464,Decision Tree
47,Waitlist,0.30769230769230754,Decision Tree
49,Waitlist,0.21052631578947356,Decision Tree
50,Admit,1.0,Decision Tree
52,Waitlist,0.05594405594405592,Decision Tree
53,Waitlist,0.05594405594405592,Decision Tree
55,Waitlist,0.30769230769230754,Decision Tree
56,Admit,1.0,Decision Tree
57,Waitlist,0.30769230769230754,Decision Tree
59,Waitlist,0.20588235294117638,Decision Tree
60,Admit,0.7692307692307686,Decision Tree
62,Waitlist,0.05594405594405592,Decision Tree
64,Waitlist,0.05594405594405592,Decision Tree
66,Waitlist,0.20588235294117638,Decision Tree
67,Waitlist,0.30769230769230754,Decision Tree
68,Waitlist,0.3749999999999997,Decision Tree
69,Waitlist,0.4374999999999996,Decision Tree
71,Admit,0.7954545454545454,Decision Tree
77,Waitlist,0.05594405594405592,Decision Tree
78,Waitlist,0.2799999999999998,Decision Tree
79,Waitlist,0.05594405594405592,Decision Tree
81,Waitlist,0.30769230769230754,Decision Tree
82,Waitlist,0.34782608695652145,Decision Tree
83,Waitlist,0.4374999999999996,Decision Tree
85,Waitlist,0.4374999999999996,Decision Tree
86,Waitlist,0.05594405594405592,Decision Tree
87,Waitlist,0.4807692307692302,Decision Tree
89,Waitlist,0.05594405594405592,Decision Tree
90,Waitlist,0.30769230769230754,Decision Tree
91,Waitlist,0.34545454545454524,Decision Tree
92,Waitlist,0.30769230769230754,Decision Tree
93,Waitlist,0.21052631578947356,Decision Tree
97,Waitlist,0.05594405594405592,Decision Tree
98,Admit,0.7954545454545454,Decision Tree
99,Waitlist,0.30769230769230754,Decision Tree
101,Waitlist,0.05594405594405592,Decision Tree
102,Waitlist,0.4374999999999996,Decision Tree
103,Admit,1.0,Decision Tree
106,Waitlist,0.30769230769230754,Decision Tree
107,Waitlist,0.34782608695652145,Decision Tree
108,Waitlist,0.4374999999999996,Decision Tree
109,Waitlist,0.4374999999999996,Decision Tree
110,Waitlist,0.4374999999999996,Decision Tree
111,Waitlist,0.34545454545454524,Decision Tree
112,Waitlist,0.05594405594405592,Decision Tree
113,Waitlist,0.05594405594405592,Decision Tree
116,Waitlist,0.4807692307692302,Decision Tree
118,Waitlist,0.4374999999999996,Decision Tree
121,Waitlist,0.4374999999999996,Decision Tree
123,Waitlist,0.2799999999999998,Decision Tree
124,Waitlist,0.4374999999999996,Decision Tree
125,Waitlist,0.2799999999999998,Decision Tree
126,Admit,0.6666666666666664,Decision Tree
127,Admit,1.0,Decision Tree
128,Admit,1.0,Decision Tree
129,Admit,1.0,Decision Tree
132,Waitlist,0.05594405594405592,Decision Tree
133,Waitlist,0.20588235294117638,Decision Tree
134,Waitlist,0.34782608695652145,Decision Tree
136,Waitlist,0.05594405594405592,Decision Tree
137,Admit,1.0,Decision Tree
138,Waitlist,0.20588235294117638,Decision Tree
140,Waitlist,0.4374999999999996,Decision Tree
141,Waitlist,0.4374999999999996,Decision Tree
142,Waitlist,0.4374999999999996,Decision Tree
144,Waitlist,0.30769230769230754,Decision Tree
145,Waitlist,0.30769230769230754,Decision Tree
146,Waitlist,0.4374999999999996,Decision Tree
147,Waitlist,0.4807692307692302,Decision Tree
148,Waitlist,0.4374999999999996,Decision Tree
149,Waitlist,0.4807692307692302,Decision Tree
150,Waitlist,0.05594405594405592,Decision Tree
152,Waitlist,0.4374999999999996,Decision Tree
156,Waitlist,0.4374999999999996,Decision Tree
157,Waitlist,0.2799999999999998,Decision Tree
159,Waitlist,0.4374999999999996,Decision Tree
160,Admit,0.6896551724137931,Decision Tree
161,Waitlist,0.05594405594405592,Decision Tree
163,Admit,1.0,Decision Tree
164,Waitlist,0.30769230769230754,Decision Tree
165,Waitlist,0.05594405594405592,Decision Tree
172,Waitlist,0.30769230769230754,Decision Tree
173,Waitlist,0.05594405594405592,Decision Tree
174,Waitlist,0.4374999999999996,Decision Tree
176,Waitlist,0.30769230769230754,Decision Tree
178,Waitlist,0.05594405594405592,Decision Tree
179,Admit,1.0,Decision Tree
180,Waitlist,0.20588235294117638,Decision Tree
181,Admit,0.7954545454545454,Decision Tree
182,Waitlist,0.4374999999999996,Decision Tree
184,Waitlist,0.20588235294117638,Decision Tree
185,Waitlist,0.20588235294117638,Decision Tree
187,Waitlist,0.20588235294117638,Decision Tree
188,Waitlist,0.3749999999999997,Decision Tree
189,Admit,0.6896551724137931,Decision Tree
190,Waitlist,0.2799999999999998,Decision Tree
192,Admit,0.6666666666666664,Decision Tree
193,Waitlist,0.4374999999999996,Decision Tree
194,Waitlist,0.34782608695652145,Decision Tree
197,Waitlist,0.4374999999999996,Decision Tree
198,Waitlist,0.4374999999999996,Decision Tree
201,Admit,1.0,Decision Tree
202,Waitlist,0.05594405594405592,Decision Tree
203,Waitlist,0.30769230769230754,Decision Tree
204,Waitlist,0.30769230769230754,Decision Tree
205,Waitlist,0.2799999999999998,Decision Tree
206,Waitlist,0.30769230769230754,Decision Tree
211,Waitlist,0.2799999999999998,Decision Tree
213,Waitlist,0.4374999999999996,Decision Tree
215,Waitlist,0.4374999999999996,Decision Tree
216,Waitlist,0.4374999999999996,Decision Tree
217,Waitlist,0.4807692307692302,Decision Tree
219,Waitlist,0.21052631578947356,Decision Tree
220,Waitlist,0.05594405594405592,Decision Tree
221,Waitlist,0.34782608695652145,Decision Tree
222,Admit,1.0,Decision Tree
223,Admit,1.0,Decision Tree
226,Waitlist,0.30769230769230754,Decision Tree
227,Waitlist,0.05594405594405592,Decision Tree
228,Waitlist,0.05594405594405592,Decision Tree
229,Waitlist,0.2799999999999998,Decision Tree
230,Waitlist,0.05594405594405592,Decision Tree
231,Waitlist,0.30769230769230754,Decision Tree
232,Waitlist,0.4374999999999996,Decision Tree
233,Admit,1.0,Decision Tree
235,Admit,1.0,Decision Tree
236,Waitlist,0.30769230769230754,Decision Tree
237,Admit,1.0,Decision Tree
238,Admit,1.0,Decision Tree
239,Admit,1.0,Decision Tree
240,Admit,0.6785714285714286,Decision Tree
243,Waitlist,0.4374999999999996,Decision Tree
244,Waitlist,0.30769230769230754,Decision Tree
245,Waitlist,0.05594405594405592,Decision Tree
247,Waitlist,0.2799999999999998,Decision Tree
248,Waitlist,0.05594405594405592,Decision Tree
249,Admit,1.0,Decision Tree
250,Waitlist,0.4374999999999996,Decision Tree
251,Waitlist,0.4807692307692302,Decision Tree
252,Waitlist,0.37931034482758597,Decision Tree
253,Waitlist,0.30769230769230754,Decision Tree
255,Waitlist,0.4374999999999996,Decision Tree
256,Admit,0.7692307692307686,Decision Tree
257,Waitlist,0.3749999999999997,Decision Tree
258,Waitlist,0.2799999999999998,Decision Tree
259,Waitlist,0.21052631578947356,Decision Tree
260,Waitlist,0.05594405594405592,Decision Tree
261,Admit,0.7692307692307686,Decision Tree
262,Waitlist,0.30769230769230754,Decision Tree
263,Waitlist,0.05594405594405592,Decision Tree
264,Waitlist,0.30769230769230754,Decision Tree
265,Waitlist,0.30769230769230754,Decision Tree
266,Waitlist,0.4374999999999996,Decision Tree
267,Waitlist,0.4374999999999996,Decision Tree
268,Waitlist,0.30769230769230754,Decision Tree
269,Waitlist,0.34782608695652145,Decision Tree
272,Admit,1.0,Decision Tree
274,Waitlist,0.05594405594405592,Decision Tree
275,Waitlist,0.2799999999999998,Decision Tree
277,Admit,0.7692307692307686,Decision Tree
278,Waitlist,0.4374999999999996,Decision Tree
279,Waitlist,0.34545454545454524,Decision Tree
280,Waitlist,0.30769230769230754,Decision Tree
281,Waitlist,0.30769230769230754,Decision Tree
282,Waitlist,0.05594405594405592,Decision Tree
285,Waitlist,0.05594405594405592,Decision Tree
288,Waitlist,0.4374999999999996,Decision Tree
290,Waitlist,0.4374999999999996,Decision Tree
291,Waitlist,0.05594405594405592,Decision Tree
293,Waitlist,0.30769230769230754,Decision Tree
295,Waitlist,0.30769230769230754,Decision Tree
296,Waitlist,0.4374999999999996,Decision Tree
298,Waitlist,0.4807692307692302,Decision Tree
299,Waitlist,0.05594405594405592,Decision Tree
300,Admit,1.0,Decision Tree
301,Admit,0.7954545454545454,Decision Tree
303,Waitlist,0.05594405594405592,Decision Tree
304,Waitlist,0.4374999999999996,Decision Tree
306,Waitlist,0.34545454545454524,Decision Tree
309,Waitlist,0.05594405594405592,Decision Tree
310,Waitlist,0.05594405594405592,Decision Tree
312,Waitlist,0.4807692307692302,Decision Tree
313,Waitlist,0.05594405594405592,Decision Tree
315,Waitlist,0.4374999999999996,Decision Tree
317,Admit,1.0,Decision Tree
320,Waitlist,0.30769230769230754,Decision Tree
321,Waitlist,0.05594405594405592,Decision Tree
323,Waitlist,0.05594405594405592,Decision Tree
325,Waitlist,0.34782608695652145,Decision Tree
326,Waitlist,0.30769230769230754,Decision Tree
327,Admit,1.0,Decision Tree
328,Waitlist,0.4374999999999996,Decision Tree
329,Admit,1.0,Decision Tree
330,Waitlist,0.4374999999999996,Decision Tree
331,Waitlist,0.4374999999999996,Decision Tree
333,Waitlist,0.4374999999999996,Decision Tree
334,Waitlist,0.2799999999999998,Decision Tree
335,Waitlist,0.30769230769230754,Decision Tree
337,Waitlist,0.4807692307692302,Decision Tree
339,Waitlist,0.2799999999999998,Decision Tree
340,Waitlist,0.30769230769230754,Decision Tree
342,Admit,0.6666666666666664,Decision Tree
343,Waitlist,0.20588235294117638,Decision Tree
348,Waitlist,0.05594405594405592,Decision Tree
349,Waitlist,0.30769230769230754,Decision Tree
350,Waitlist,0.34782608695652145,Decision Tree
351,Waitlist,0.34782608695652145,Decision Tree
354,Waitlist,0.05594405594405592,Decision Tree
359,Waitlist,0.30769230769230754,Decision Tree
360,Waitlist,0.30769230769230754,Decision Tree
361,Waitlist,0.4374999999999996,Decision Tree
362,Waitlist,0.2799999999999998,Decision Tree
363,Waitlist,0.4374999999999996,Decision Tree
364,Waitlist,0.05594405594405592,Decision Tree
367,Waitlist,0.30769230769230754,Decision Tree
368,Admit,0.6896551724137931,Decision Tree
369,Waitlist,0.4374999999999996,Decision Tree
371,Admit,1.0,Decision Tree
372,Waitlist,0.4374999999999996,Decision Tree
373,Waitlist,0.30769230769230754,Decision Tree
375,Waitlist,0.34545454545454524,Decision Tree
376,Waitlist,0.05594405594405592,Decision Tree
378,Admit,1.0,Decision Tree
380,Waitlist,0.30769230769230754,Decision Tree
382,Waitlist,0.05594405594405592,Decision Tree
384,Waitlist,0.4374999999999996,Decision Tree
389,Waitlist,0.4374999999999996,Decision Tree
390,Admit,0.6666666666666664,Decision Tree
391,Admit,0.7954545454545454,Decision Tree
393,Admit,1.0,Decision Tree
395,Waitlist,0.4374999999999996,Decision Tree
396,Waitlist,0.4374999999999996,Decision Tree
397,Admit,1.0,Decision Tree
398,Waitlist,0.4374999999999996,Decision Tree
399,Waitlist,0.05594405594405592,Decision Tree
400,Waitlist,0.4374999999999996,Decision Tree
401,Waitlist,0.4374999999999996,Decision Tree
402,Waitlist,0.4374999999999996,Decision Tree
403,Waitlist,0.2799999999999998,Decision Tree
407,Waitlist,0.21052631578947356,Decision Tree
409,Waitlist,0.20588235294117638,Decision Tree
410,Waitlist,0.4374999999999996,Decision Tree
411,Waitlist,0.05594405594405592,Decision Tree
414,Admit,0.6666666666666664,Decision Tree
415,Waitlist,0.2799999999999998,Decision Tree
417,Waitlist,0.05594405594405592,Decision Tree
419,Waitlist,0.30769230769230754,Decision Tree
420,Waitlist,0.30769230769230754,Decision Tree
421,Waitlist,0.34782608695652145,Decision Tree
422,Waitlist,0.05594405594405592,Decision Tree
423,Admit,0.7954545454545454,Decision Tree
424,Waitlist,0.05594405594405592,Decision Tree
425,Admit,0.6785714285714286,Decision Tree
427,Waitlist,0.2799999999999998,Decision Tree
428,Waitlist,0.05594405594405592,Decision Tree
429,Admit,0.7692307692307686,Decision Tree
430,Waitlist,0.05594405594405592,Decision Tree
431,Waitlist,0.05594405594405592,Decision Tree
432,Admit,1.0,Decision Tree
433,Waitlist,0.30769230769230754,Decision Tree
436,Admit,0.6785714285714286,Decision Tree
439,Waitlist,0.05594405594405592,Decision Tree
440,Waitlist,0.05594405594405592,Decision Tree
442,Waitlist,0.20588235294117638,Decision Tree
444,Admit,0.7692307692307686,Decision Tree
446,Waitlist,0.2799999999999998,Decision Tree
447,Waitlist,0.30769230769230754,Decision Tree
448,Admit,0.6785714285714286,Decision Tree
449,Admit,1.0,Decision Tree
450,Waitlist,0.4807692307692302,Decision Tree
451,Waitlist,0.4374999999999996,Decision Tree
452,Admit,0.6785714285714286,Decision Tree
453,Waitlist,0.30769230769230754,Decision Tree
454,Waitlist,0.05594405594405592,Decision Tree
455,Waitlist,0.05594405594405592,Decision Tree
456,Waitlist,0.05594405594405592,Decision Tree
457,Waitlist,0.05594405594405592,Decision Tree
458,Waitlist,0.05594405594405592,Decision Tree
462,Waitlist,0.34782608695652145,Decision Tree
463,Waitlist,0.2799999999999998,Decision Tree
464,Waitlist,0.4374999999999996,Decision Tree
467,Admit,0.7954545454545454,Decision Tree
472,Waitlist,0.05594405594405592,Decision Tree
475,Waitlist,0.34782608695652145,Decision Tree
477,Waitlist,0.2799999999999998,Decision Tree
478,Admit,0.7954545454545454,Decision Tree
479,Waitlist,0.4374999999999996,Decision Tree
480,Waitlist,0.34545454545454524,Decision Tree
481,Waitlist,0.4374999999999996,Decision Tree
486,Waitlist,0.4374999999999996,Decision Tree
487,Admit,1.0,Decision Tree
488,Waitlist,0.4374999999999996,Decision Tree
489,Admit,1.0,Decision Tree
490,Waitlist,0.05594405594405592,Decision Tree
491,Waitlist,0.4374999999999996,Decision Tree
492,Waitlist,0.05594405594405592,Decision Tree
493,Waitlist,0.30769230769230754,Decision Tree
495,Waitlist,0.34782608695652145,Decision Tree
496,Waitlist,0.05594405594405592,Decision Tree
497,Admit,0.6785714285714286,Decision Tree
499,Waitlist,0.05594405594405592,Decision Tree
500,Waitlist,0.30769230769230754,Decision Tree
501,Waitlist,0.05594405594405592,Decision Tree
502,Waitlist,0.30769230769230754,Decision Tree
504,Waitlist,0.05594405594405592,Decision Tree
505,Waitlist,0.4374999999999996,Decision Tree
506,Waitlist,0.30769230769230754,Decision Tree
509,Waitlist,0.05594405594405592,Decision Tree
510,Waitlist,0.05594405594405592,Decision Tree
513,Waitlist,0.30769230769230754,Decision Tree
514,Waitlist,0.4374999999999996,Decision Tree
515,Waitlist,0.4374999999999996,Decision Tree
516,Waitlist,0.05594405594405592,Decision Tree
517,Waitlist,0.45454545454545464,Decision Tree
519,Waitlist,0.4374999999999996,Decision Tree
520,Waitlist,0.4374999999999996,Decision Tree
521,Waitlist,0.4374999999999996,Decision Tree
522,Waitlist,0.34782608695652145,Decision Tree
523,Waitlist,0.45454545454545464,Decision Tree
524,Waitlist,0.21052631578947356,Decision Tree
525,Waitlist,0.45454545454545464,Decision Tree
526,Waitlist,0.30769230769230754,Decision Tree
527,Waitlist,0.4807692307692302,Decision Tree
532,Waitlist,0.4374999999999996,Decision Tree
533,Waitlist,0.3749999999999997,Decision Tree
536,Admit,1.0,Decision Tree
537,Waitlist,0.05594405594405592,Decision Tree
538,Waitlist,0.4374999999999996,Decision Tree
539,Waitlist,0.30769230769230754,Decision Tree
540,Admit,0.7954545454545454,Decision Tree
542,Admit,0.7954545454545454,Decision Tree
543,Waitlist,0.05594405594405592,Decision Tree
544,Waitlist,0.34782608695652145,Decision Tree
545,Waitlist,0.4807692307692302,Decision Tree
546,Admit,0.7692307692307686,Decision Tree
547,Waitlist,0.30769230769230754,Decision Tree
549,Waitlist,0.34782608695652145,Decision Tree
550,Waitlist,0.4374999999999996,Decision Tree
552,Waitlist,0.30769230769230754,Decision Tree
554,Waitlist,0.45454545454545464,Decision Tree
555,Waitlist,0.4374999999999996,Decision Tree
557,Waitlist,0.4374999999999996,Decision Tree
559,Waitlist,0.4374999999999996,Decision Tree
560,Waitlist,0.4374999999999996,Decision Tree
561,Admit,1.0,Decision Tree
562,Waitlist,0.2799999999999998,Decision Tree
563,Waitlist,0.30769230769230754,Decision Tree
565,Admit,1.0,Decision Tree
566,Waitlist,0.05594405594405592,Decision Tree
567,Waitlist,0.4374999999999996,Decision Tree
568,Waitlist,0.4374999999999996,Decision Tree
569,Admit,1.0,Decision Tree
570,Waitlist,0.30769230769230754,Decision Tree
571,Admit,0.7954545454545454,Decision Tree
572,Waitlist,0.05594405594405592,Decision Tree
573,Waitlist,0.20588235294117638,Decision Tree
575,Waitlist,0.30769230769230754,Decision Tree
577,Admit,1.0,Decision Tree
578,Waitlist,0.4374999999999996,Decision Tree
580,Waitlist,0.05594405594405592,Decision Tree
582,Waitlist,0.21052631578947356,Decision Tree
586,Waitlist,0.30769230769230754,Decision Tree
587,Waitlist,0.34545454545454524,Decision Tree
588,Admit,0.7692307692307686,Decision Tree
589,Waitlist,0.05594405594405592,Decision Tree
590,Admit,1.0,Decision Tree
591,Waitlist,0.30769230769230754,Decision Tree
595,Waitlist,0.30769230769230754,Decision Tree
596,Waitlist,0.2799999999999998,Decision Tree
597,Waitlist,0.4374999999999996,Decision Tree
598,Admit,1.0,Decision Tree
599,Waitlist,0.4374999999999996,Decision Tree
600,Waitlist,0.2799999999999998,Decision Tree
603,Waitlist,0.30769230769230754,Decision Tree
605,Waitlist,0.05594405594405592,Decision Tree
606,Waitlist,0.05594405594405592,Decision Tree
608,Waitlist,0.4807692307692302,Decision Tree
609,Waitlist,0.4374999999999996,Decision Tree
611,Waitlist,0.30769230769230754,Decision Tree
612,Waitlist,0.30769230769230754,Decision Tree
613,Waitlist,0.05594405594405592,Decision Tree
614,Waitlist,0.05594405594405592,Decision Tree
616,Waitlist,0.05594405594405592,Decision Tree
617,Admit,1.0,Decision Tree
618,Waitlist,0.4807692307692302,Decision Tree
619,Waitlist,0.30769230769230754,Decision Tree
620,Waitlist,0.3749999999999997,Decision Tree
621,Waitlist,0.05594405594405592,Decision Tree
623,Waitlist,0.21052631578947356,Decision Tree
624,Waitlist,0.30769230769230754,Decision Tree
627,Waitlist,0.34782608695652145,Decision Tree
628,Waitlist,0.4374999999999996,Decision Tree
629,Waitlist,0.30769230769230754,Decision Tree
630,Waitlist,0.30769230769230754,Decision Tree
631,Waitlist,0.30769230769230754,Decision Tree
632,Admit,0.6666666666666664,Decision Tree
633,Waitlist,0.30769230769230754,Decision Tree
634,Waitlist,0.05594405594405592,Decision Tree
635,Admit,1.0,Decision Tree
636,Waitlist,0.37931034482758597,Decision Tree
637,Admit,0.7954545454545454,Decision Tree
638,Admit,0.7954545454545454,Decision Tree
639,Waitlist,0.2799999999999998,Decision Tree
640,Admit,1.0,Decision Tree
643,Waitlist,0.05594405594405592,Decision Tree
644,Waitlist,0.34782608695652145,Decision Tree
645,Waitlist,0.20588235294117638,Decision Tree
646,Waitlist,0.30769230769230754,Decision Tree
647,Waitlist,0.05594405594405592,Decision Tree
649,Admit,1.0,Decision Tree
650,Admit,1.0,Decision Tree
651,Waitlist,0.4374999999999996,Decision Tree
653,Waitlist,0.4374999999999996,Decision Tree
655,Waitlist,0.2799999999999998,Decision Tree
656,Waitlist,0.4374999999999996,Decision Tree
659,Waitlist,0.34782608695652145,Decision Tree
661,Waitlist,0.30769230769230754,Decision Tree
662,Waitlist,0.30769230769230754,Decision Tree
664,Waitlist,0.34782608695652145,Decision Tree
668,Waitlist,0.4374999999999996,Decision Tree
669,Admit,0.6666666666666664,Decision Tree
670,Waitlist,0.2799999999999998,Decision Tree
671,Waitlist,0.4374999999999996,Decision Tree
673,Waitlist,0.05594405594405592,Decision Tree
674,Admit,0.7954545454545454,Decision Tree
675,Admit,0.7954545454545454,Decision Tree
677,Waitlist,0.30769230769230754,Decision Tree
680,Waitlist,0.05594405594405592,Decision Tree
683,Waitlist,0.05594405594405592,Decision Tree
684,Waitlist,0.05594405594405592,Decision Tree
687,Waitlist,0.4374999999999996,Decision Tree
688,Waitlist,0.30769230769230754,Decision Tree
689,Waitlist,0.2799999999999998,Decision Tree
690,Admit,1.0,Decision Tree
691,Admit,1.0,Decision Tree
692,Waitlist,0.4374999999999996,Decision Tree
693,Waitlist,0.2799999999999998,Decision Tree
694,Waitlist,0.30769230769230754,Decision Tree
695,Waitlist,0.2799999999999998,Decision Tree
696,Waitlist,0.05594405594405592,Decision Tree
698,Waitlist,0.2799999999999998,Decision Tree
699,Waitlist,0.4374999999999996,Decision Tree
700,Waitlist,0.2799999999999998,Decision Tree
701,Waitlist,0.05594405594405592,Decision Tree
702,Admit,0.6666666666666664,Decision Tree
703,Waitlist,0.4807692307692302,Decision Tree
705,Waitlist,0.05594405594405592,Decision Tree
706,Waitlist,0.05594405594405592,Decision Tree
707,Admit,0.7954545454545454,Decision Tree
708,Waitlist,0.05594405594405592,Decision Tree
711,Waitlist,0.05594405594405592,Decision Tree
713,Waitlist,0.05594405594405592,Decision Tree
714,Waitlist,0.34782608695652145,Decision Tree
715,Admit,1.0,Decision Tree
716,Waitlist,0.30769230769230754,Decision Tree
718,Admit,0.6896551724137931,Decision Tree
720,Waitlist,0.2799999999999998,Decision Tree
721,Admit,0.7954545454545454,Decision Tree
723,Waitlist,0.4374999999999996,Decision Tree
724,Waitlist,0.2799999999999998,Decision Tree
725,Waitlist,0.34782608695652145,Decision Tree
726,Waitlist,0.2799999999999998,Decision Tree
727,Admit,0.7954545454545454,Decision Tree
728,Waitlist,0.4374999999999996,Decision Tree
730,Waitlist,0.30769230769230754,Decision Tree
731,Waitlist,0.4374999999999996,Decision Tree
734,Admit,1.0,Decision Tree
735,Waitlist,0.2799999999999998,Decision Tree
736,Waitlist,0.30769230769230754,Decision Tree
737,Waitlist,0.4807692307692302,Decision Tree
738,Waitlist,0.05594405594405592,Decision Tree
739,Admit,1.0,Decision Tree
740,Waitlist,0.34545454545454524,Decision Tree
741,Waitlist,0.4374999999999996,Decision Tree
742,Waitlist,0.05594405594405592,Decision Tree
743,Waitlist,0.34782608695652145,Decision Tree
744,Waitlist,0.05594405594405592,Decision Tree
745,Waitlist,0.05594405594405592,Decision Tree
746,Waitlist,0.30769230769230754,Decision Tree
750,Waitlist,0.45454545454545464,Decision Tree
752,Waitlist,0.37931034482758597,Decision Tree
755,Waitlist,0.4374999999999996,Decision Tree
757,Waitlist,0.20588235294117638,Decision Tree
758,Waitlist,0.4374999999999996,Decision Tree
759,Waitlist,0.05594405594405592,Decision Tree
760,Waitlist,0.34782608695652145,Decision Tree
762,Waitlist,0.05594405594405592,Decision Tree
763,Waitlist,0.05594405594405592,Decision Tree
764,Admit,0.6785714285714286,Decision Tree
766,Waitlist,0.30769230769230754,Decision Tree
768,Admit,1.0,Decision Tree
769,Waitlist,0.21052631578947356,Decision Tree
770,Waitlist,0.05594405594405592,Decision Tree
772,Waitlist,0.30769230769230754,Decision Tree
774,Waitlist,0.34782608695652145,Decision Tree
775,Waitlist,0.05594405594405592,Decision Tree
776,Waitlist,0.4374999999999996,Decision Tree
777,Waitlist,0.4374999999999996,Decision Tree
778,Admit,1.0,Decision Tree
779,Waitlist,0.34545454545454524,Decision Tree
781,Admit,0.6666666666666664,Decision Tree
783,Waitlist,0.4374999999999996,Decision Tree
784,Waitlist,0.30769230769230754,Decision Tree
785,Admit,1.0,Decision Tree
788,Waitlist,0.2799999999999998,Decision Tree
789,Waitlist,0.4374999999999996,Decision Tree
791,Waitlist,0.4374999999999996,Decision Tree
792,Waitlist,0.34782608695652145,Decision Tree
793,Waitlist,0.30769230769230754,Decision Tree
794,Waitlist,0.4374999999999996,Decision Tree
796,Waitlist,0.2799999999999998,Decision Tree
797,Waitlist,0.05594405594405592,Decision Tree
798,Waitlist,0.30769230769230754,Decision Tree
799,Waitlist,0.45454545454545464,Decision Tree
800,Waitlist,0.4374999999999996,Decision Tree
801,Waitlist,0.2799999999999998,Decision Tree
802,Waitlist,0.05594405594405592,Decision Tree
804,Waitlist,0.4374999999999996,Decision Tree
805,Waitlist,0.4807692307692302,Decision Tree
806,Waitlist,0.2799999999999998,Decision Tree
808,Waitlist,0.05594405594405592,Decision Tree
809,Admit,0.6785714285714286,Decision Tree
810,Admit,0.6785714285714286,Decision Tree
811,Waitlist,0.21052631578947356,Decision Tree
812,Waitlist,0.4374999999999996,Decision Tree
814,Waitlist,0.30769230769230754,Decision Tree
815,Waitlist,0.30769230769230754,Decision Tree
816,Admit,1.0,Decision Tree
817,Waitlist,0.4374999999999996,Decision Tree
818,Waitlist,0.2799999999999998,Decision Tree
821,Waitlist,0.2799999999999998,Decision Tree
822,Admit,1.0,Decision Tree
824,Waitlist,0.05594405594405592,Decision Tree
826,Waitlist,0.2799999999999998,Decision Tree
827,Waitlist,0.05594405594405592,Decision Tree
828,Waitlist,0.20588235294117638,Decision Tree
830,Waitlist,0.30769230769230754,Decision Tree
831,Waitlist,0.05594405594405592,Decision Tree
832,Waitlist,0.21052631578947356,Decision Tree
833,Waitlist,0.3749999999999997,Decision Tree
834,Waitlist,0.05594405594405592,Decision Tree
835,Waitlist,0.05594405594405592,Decision Tree
836,Waitlist,0.4374999999999996,Decision Tree
837,Admit,0.6666666666666664,Decision Tree
838,Admit,0.6785714285714286,Decision Tree
839,Waitlist,0.30769230769230754,Decision Tree
841,Waitlist,0.4374999999999996,Decision Tree
842,Waitlist,0.4374999999999996,Decision Tree
843,Waitlist,0.4374999999999996,Decision Tree
846,Waitlist,0.34782608695652145,Decision Tree
848,Waitlist,0.45454545454545464,Decision Tree
849,Waitlist,0.4374999999999996,Decision Tree
850,Waitlist,0.4374999999999996,Decision Tree
852,Admit,1.0,Decision Tree
856,Waitlist,0.4374999999999996,Decision Tree
857,Admit,0.6666666666666664,Decision Tree
858,Waitlist,0.4807692307692302,Decision Tree
860,Waitlist,0.20588235294117638,Decision Tree
861,Admit,1.0,Decision Tree
863,Waitlist,0.30769230769230754,Decision Tree
865,Waitlist,0.2799999999999998,Decision Tree
866,Waitlist,0.30769230769230754,Decision Tree
867,Waitlist,0.30769230769230754,Decision Tree
869,Waitlist,0.4807692307692302,Decision Tree
870,Waitlist,0.37931034482758597,Decision Tree
871,Waitlist,0.2799999999999998,Decision Tree
873,Admit,1.0,Decision Tree
874,Waitlist,0.2799999999999998,Decision Tree
875,Waitlist,0.05594405594405592,Decision Tree
876,Waitlist,0.34782608695652145,Decision Tree
877,Admit,0.6896551724137931,Decision Tree
878,Waitlist,0.3749999999999997,Decision Tree
879,Waitlist,0.05594405594405592,Decision Tree
881,Admit,1.0,Decision Tree
883,Admit,1.0,Decision Tree
884,Waitlist,0.4374999999999996,Decision Tree
885,Waitlist,0.05594405594405592,Decision Tree
888,Waitlist,0.4807692307692302,Decision Tree
889,Waitlist,0.4374999999999996,Decision Tree
890,Waitlist,0.2799999999999998,Decision Tree
891,Waitlist,0.4807692307692302,Decision Tree
892,Waitlist,0.05594405594405592,Decision Tree
893,Waitlist,0.20588235294117638,Decision Tree
894,Waitlist,0.30769230769230754,Decision Tree
895,Waitlist,0.4374999999999996,Decision Tree
898,Waitlist,0.3749999999999997,Decision Tree
899,Waitlist,0.05594405594405592,Decision Tree
900,Waitlist,0.34782608695652145,Decision Tree
901,Waitlist,0.30769230769230754,Decision Tree
902,Waitlist,0.4374999999999996,Decision Tree
903,Waitlist,0.30769230769230754,Decision Tree
906,Waitlist,0.4374999999999996,Decision Tree
907,Waitlist,0.34782608695652145,Decision Tree
908,Waitlist,0.30769230769230754,Decision Tree
909,Waitlist,0.34782608695652145,Decision Tree
910,Waitlist,0.05594405594405592,Decision Tree
911,Admit,1.0,Decision Tree
913,Admit,1.0,Decision Tree
914,Waitlist,0.30769230769230754,Decision Tree
915,Waitlist,0.34782608695652145,Decision Tree
916,Waitlist,0.4374999999999996,Decision Tree
917,Waitlist,0.4374999999999996,Decision Tree
918,Waitlist,0.4374999999999996,Decision Tree
919,Waitlist,0.34782608695652145,Decision Tree
920,Admit,0.6666666666666664,Decision Tree
921,Waitlist,0.34782608695652145,Decision Tree
923,Waitlist,0.3749999999999997,Decision Tree
924,Waitlist,0.30769230769230754,Decision Tree
925,Waitlist,0.34782608695652145,Decision Tree
927,Waitlist,0.4374999999999996,Decision Tree
929,Admit,1.0,Decision Tree
930,Waitlist,0.05594405594405592,Decision Tree
931,Waitlist,0.05594405594405592,Decision Tree
933,Waitlist,0.4374999999999996,Decision Tree
934,Waitlist,0.4374999999999996,Decision Tree
936,Waitlist,0.2799999999999998,Decision Tree
937,Waitlist,0.4374999999999996,Decision Tree
938,Admit,1.0,Decision Tree
940,Admit,0.7954545454545454,Decision Tree
941,Waitlist,0.30769230769230754,Decision Tree
942,Waitlist,0.30769230769230754,Decision Tree
943,Waitlist,0.4374999999999996,Decision Tree
945,Waitlist,0.37931034482758597,Decision Tree
946,Waitlist,0.30769230769230754,Decision Tree
947,Waitlist,0.45454545454545464,Decision Tree
948,Waitlist,0.05594405594405592,Decision Tree
949,Waitlist,0.30769230769230754,Decision Tree
950,Waitlist,0.4374999999999996,Decision Tree
951,Waitlist,0.4374999999999996,Decision Tree
952,Waitlist,0.30769230769230754,Decision Tree
953,Admit,0.6896551724137931,Decision Tree
954,Waitlist,0.4374999999999996,Decision Tree
955,Waitlist,0.4374999999999996,Decision Tree
956,Waitlist,0.34545454545454524,Decision Tree
957,Waitlist,0.2799999999999998,Decision Tree
958,Waitlist,0.4374999999999996,Decision Tree
959,Waitlist,0.20588235294117638,Decision Tree
960,Waitlist,0.4374999999999996,Decision Tree
963,Waitlist,0.34545454545454524,Decision Tree
964,Waitlist,0.30769230769230754,Decision Tree
965,Waitlist,0.34545454545454524,Decision Tree
966,Waitlist,0.4374999999999996,Decision Tree
967,Admit,0.7954545454545454,Decision Tree
970,Waitlist,0.21052631578947356,Decision Tree
971,Waitlist,0.4374999999999996,Decision Tree
972,Waitlist,0.20588235294117638,Decision Tree
973,Waitlist,0.30769230769230754,Decision Tree
974,Waitlist,0.4374999999999996,Decision Tree
976,Waitlist,0.05594405594405592,Decision Tree
977,Admit,1.0,Decision Tree
978,Admit,1.0,Decision Tree
979,Waitlist,0.4374999999999996,Decision Tree
980,Waitlist,0.34782608695652145,Decision Tree
981,Admit,1.0,Decision Tree
982,Waitlist,0.4374999999999996,Decision Tree
983,Waitlist,0.05594405594405592,Decision Tree
984,Admit,1.0,Decision Tree
985,Waitlist,0.05594405594405592,Decision Tree
986,Waitlist,0.30769230769230754,Decision Tree
987,Waitlist,0.4374999999999996,Decision Tree
988,Waitlist,0.34545454545454524,Decision Tree
989,Waitlist,0.2799999999999998,Decision Tree
991,Waitlist,0.30769230769230754,Decision Tree
992,Admit,1.0,Decision Tree
993,Waitlist,0.05594405594405592,Decision Tree
994,Waitlist,0.30769230769230754,Decision Tree
996,Waitlist,0.05594405594405592,Decision Tree
997,Waitlist,0.20588235294117638,Decision Tree
998,Waitlist,0.4374999999999996,Decision Tree
999,Waitlist,0.3749999999999997,Decision Tree
1001,Waitlist,0.4807692307692302,Decision Tree
1002,Waitlist,0.4374999999999996,Decision Tree
1003,Waitlist,0.34545454545454524,Decision Tree
1004,Admit,0.7954545454545454,Decision Tree
1005,Waitlist,0.3749999999999997,Decision Tree
1006,Waitlist,0.34782608695652145,Decision Tree
1007,Waitlist,0.30769230769230754,Decision Tree
1008,Waitlist,0.4374999999999996,Decision Tree
1010,Waitlist,0.05594405594405592,Decision Tree
1011,Admit,1.0,Decision Tree
1012,Waitlist,0.20588235294117638,Decision Tree
1013,Admit,0.7954545454545454,Decision Tree
1014,Admit,0.7954545454545454,Decision Tree
1015,Waitlist,0.2799999999999998,Decision Tree
1016,Waitlist,0.30769230769230754,Decision Tree
1019,Admit,1.0,Decision Tree
1020,Waitlist,0.30769230769230754,Decision Tree
1023,Waitlist,0.05594405594405592,Decision Tree
1024,Waitlist,0.05594405594405592,Decision Tree
1025,Waitlist,0.30769230769230754,Decision Tree
1026,Waitlist,0.4374999999999996,Decision Tree
1027,Admit,0.7954545454545454,Decision Tree
1028,Waitlist,0.30769230769230754,Decision Tree
1030,Waitlist,0.05594405594405592,Decision Tree
1031,Waitlist,0.05594405594405592,Decision Tree
1032,Waitlist,0.4374999999999996,Decision Tree
1034,Waitlist,0.30769230769230754,Decision Tree
1036,Waitlist,0.2799999999999998,Decision Tree
1037,Waitlist,0.30769230769230754,Decision Tree
1038,Waitlist,0.34545454545454524,Decision Tree
1039,Waitlist,0.34782608695652145,Decision Tree
1040,Waitlist,0.05594405594405592,Decision Tree
1041,Admit,1.0,Decision Tree
1043,Waitlist,0.30769230769230754,Decision Tree
1044,Waitlist,0.2799999999999998,Decision Tree
1046,Waitlist,0.05594405594405592,Decision Tree
1047,Waitlist,0.30769230769230754,Decision Tree
1048,Waitlist,0.4374999999999996,Decision Tree
1049,Waitlist,0.4374999999999996,Decision Tree
1050,Waitlist,0.4374999999999996,Decision Tree
1051,Waitlist,0.2799999999999998,Decision Tree
1052,Waitlist,0.2799999999999998,Decision Tree
1053,Waitlist,0.4374999999999996,Decision Tree
1054,Waitlist,0.4374999999999996,Decision Tree
1056,Waitlist,0.4374999999999996,Decision Tree
1057,Waitlist,0.20588235294117638,Decision Tree
1058,Waitlist,0.4807692307692302,Decision Tree
1059,Waitlist,0.3749999999999997,Decision Tree
1060,Waitlist,0.30769230769230754,Decision Tree
1061,Waitlist,0.4374999999999996,Decision Tree
1062,Waitlist,0.37931034482758597,Decision Tree
1064,Waitlist,0.4374999999999996,Decision Tree
1065,Waitlist,0.2799999999999998,Decision Tree
1066,Waitlist,0.05594405594405592,Decision Tree
1067,Waitlist,0.30769230769230754,Decision Tree
1068,Waitlist,0.30769230769230754,Decision Tree
1069,Waitlist,0.4374999999999996,Decision Tree
1070,Waitlist,0.05594405594405592,Decision Tree
1071,Waitlist,0.05594405594405592,Decision Tree
1072,Waitlist,0.05594405594405592,Decision Tree
1073,Waitlist,0.2799999999999998,Decision Tree
1075,Waitlist,0.4374999999999996,Decision Tree
1077,Waitlist,0.4374999999999996,Decision Tree
1080,Waitlist,0.34782608695652145,Decision Tree
1081,Waitlist,0.30769230769230754,Decision Tree
1082,Waitlist,0.2799999999999998,Decision Tree
1083,Waitlist,0.4374999999999996,Decision Tree
1084,Admit,0.7954545454545454,Decision Tree
1085,Waitlist,0.4374999999999996,Decision Tree
1086,Admit,1.0,Decision Tree
1088,Admit,1.0,Decision Tree
1089,Waitlist,0.4374999999999996,Decision Tree
1090,Waitlist,0.34782608695652145,Decision Tree
1091,Admit,0.6666666666666664,Decision Tree
1092,Admit,1.0,Decision Tree
1093,Waitlist,0.30769230769230754,Decision Tree
1094,Waitlist,0.21052631578947356,Decision Tree
1095,Waitlist,0.4374999999999996,Decision Tree
1097,Waitlist,0.4374999999999996,Decision Tree
1098,Waitlist,0.45454545454545464,Decision Tree
1099,Waitlist,0.4374999999999996,Decision Tree
1100,Waitlist,0.30769230769230754,Decision Tree
1101,Admit,1.0,Decision Tree
1102,Admit,1.0,Decision Tree
1103,Admit,1.0,Decision Tree
1104,Admit,1.0,Decision Tree
1105,Waitlist,0.4374999999999996,Decision Tree
1106,Waitlist,0.30769230769230754,Decision Tree
1107,Waitlist,0.4374999999999996,Decision Tree
1108,Waitlist,0.2799999999999998,Decision Tree
1109,Waitlist,0.4374999999999996,Decision Tree
1110,Waitlist,0.45454545454545464,Decision Tree
1111,Waitlist,0.4807692307692302,Decision Tree
1112,Waitlist,0.4374999999999996,Decision Tree
1113,Waitlist,0.30769230769230754,Decision Tree
1114,Admit,0.6666666666666664,Decision Tree
1115,Waitlist,0.05594405594405592,Decision Tree
1116,Waitlist,0.34782608695652145,Decision Tree
1117,Waitlist,0.34545454545454524,Decision Tree
1119,Waitlist,0.20588235294117638,Decision Tree
1120,Waitlist,0.21052631578947356,Decision Tree
1121,Waitlist,0.4374999999999996,Decision Tree
1123,Admit,1.0,Decision Tree
1124,Admit,1.0,Decision Tree
1126,Waitlist,0.05594405594405592,Decision Tree
1128,Waitlist,0.2799999999999998,Decision Tree
1129,Admit,0.6666666666666664,Decision Tree
1130,Admit,0.7954545454545454,Decision Tree
1131,Waitlist,0.4374999999999996,Decision Tree
1133,Waitlist,0.4807692307692302,Decision Tree
1134,Waitlist,0.05594405594405592,Decision Tree
1135,Admit,1.0,Decision Tree
1136,Waitlist,0.4374999999999996,Decision Tree
1137,Waitlist,0.4374999999999996,Decision Tree
1138,Waitlist,0.4374999999999996,Decision Tree
1139,Waitlist,0.37931034482758597,Decision Tree
1140,Waitlist,0.34782608695652145,Decision Tree
1141,Waitlist,0.34545454545454524,Decision Tree
1143,Admit,1.0,Decision Tree
1144,Waitlist,0.4807692307692302,Decision Tree
1145,Waitlist,0.30769230769230754,Decision Tree
1146,Waitlist,0.05594405594405592,Decision Tree
1148,Waitlist,0.05594405594405592,Decision Tree
1150,Waitlist,0.34545454545454524,Decision Tree
1151,Waitlist,0.4374999999999996,Decision Tree
1153,Admit,1.0,Decision Tree
1154,Waitlist,0.4374999999999996,Decision Tree
1155,Admit,1.0,Decision Tree
1156,Waitlist,0.34782608695652145,Decision Tree
1159,Waitlist,0.30769230769230754,Decision Tree
1160,Waitlist,0.30769230769230754,Decision Tree
1161,Admit,0.7692307692307686,Decision Tree
1162,Admit,0.6785714285714286,Decision Tree
1163,Waitlist,0.30769230769230754,Decision Tree
1165,Admit,1.0,Decision Tree
1166,Admit,1.0,Decision Tree
1167,Waitlist,0.2799999999999998,Decision Tree
1169,Waitlist,0.30769230769230754,Decision Tree
1171,Admit,0.6785714285714286,Decision Tree
1172,Waitlist,0.4374999999999996,Decision Tree
1173,Waitlist,0.4374999999999996,Decision Tree
1174,Waitlist,0.2799999999999998,Decision Tree
1176,Admit,1.0,Decision Tree
1177,Waitlist,0.34782608695652145,Decision Tree
1178,Waitlist,0.4374999999999996,Decision Tree
1179,Admit,0.6666666666666664,Decision Tree
1180,Waitlist,0.2799999999999998,Decision Tree
1181,Admit,1.0,Decision Tree
1183,Waitlist,0.30769230769230754,Decision Tree
1184,Waitlist,0.30769230769230754,Decision Tree
1185,Waitlist,0.05594405594405592,Decision Tree
1186,Waitlist,0.05594405594405592,Decision Tree
1188,Admit,0.6666666666666664,Decision Tree
1190,Admit,1.0,Decision Tree
1191,Waitlist,0.30769230769230754,Decision Tree
1192,Admit,1.0,Decision Tree
1193,Waitlist,0.4374999999999996,Decision Tree
1194,Waitlist,0.30769230769230754,Decision Tree
1195,Waitlist,0.2799999999999998,Decision Tree
1196,Admit,1.0,Decision Tree
1198,Waitlist,0.4374999999999996,Decision Tree
1200,Waitlist,0.05594405594405592,Decision Tree
1201,Waitlist,0.05594405594405592,Decision Tree
1202,Waitlist,0.4374999999999996,Decision Tree
1203,Waitlist,0.30769230769230754,Decision Tree
1204,Admit,0.6896551724137931,Decision Tree
1205,Waitlist,0.30769230769230754,Decision Tree
1206,Waitlist,0.30769230769230754,Decision Tree
1207,Waitlist,0.05594405594405592,Decision Tree
1208,Waitlist,0.21052631578947356,Decision Tree
1209,Admit,0.6896551724137931,Decision Tree
1210,Waitlist,0.4374999999999996,Decision Tree
1211,Waitlist,0.30769230769230754,Decision Tree
1212,Admit,0.6896551724137931,Decision Tree
1213,Waitlist,0.05594405594405592,Decision Tree
1214,Waitlist,0.4374999999999996,Decision Tree
1215,Waitlist,0.34782608695652145,Decision Tree
1216,Waitlist,0.30769230769230754,Decision Tree
1217,Waitlist,0.05594405594405592,Decision Tree
1219,Waitlist,0.4374999999999996,Decision Tree
1220,Waitlist,0.05594405594405592,Decision Tree
1221,Waitlist,0.05594405594405592,Decision Tree
1222,Admit,1.0,Decision Tree
1223,Waitlist,0.05594405594405592,Decision Tree
1224,Waitlist,0.4374999999999996,Decision Tree
1225,Waitlist,0.30769230769230754,Decision Tree
1226,Admit,1.0,Decision Tree
1227,Waitlist,0.4374999999999996,Decision Tree
1228,Waitlist,0.30769230769230754,Decision Tree
1229,Waitlist,0.4374999999999996,Decision Tree
1230,Admit,1.0,Decision Tree
1231,Waitlist,0.4374999999999996,Decision Tree
1232,Waitlist,0.30769230769230754,Decision Tree
1233,Waitlist,0.05594405594405592,Decision Tree
1234,Waitlist,0.2799999999999998,Decision Tree
1235,Waitlist,0.05594405594405592,Decision Tree
1236,Admit,1.0,Decision Tree
1237,Waitlist,0.30769230769230754,Decision Tree
1238,Waitlist,0.21052631578947356,Decision Tree
1240,Waitlist,0.4374999999999996,Decision Tree
1241,Admit,1.0,Decision Tree
1242,Waitlist,0.4374999999999996,Decision Tree
1243,Waitlist,0.4374999999999996,Decision Tree
1244,Waitlist,0.4374999999999996,Decision Tree
1245,Waitlist,0.05594405594405592,Decision Tree
1246,Waitlist,0.4374999999999996,Decision Tree
1247,Waitlist,0.45454545454545464,Decision Tree
1248,Waitlist,0.4374999999999996,Decision Tree
1249,Waitlist,0.34782608695652145,Decision Tree
1250,Waitlist,0.4374999999999996,Decision Tree
1251,Waitlist,0.4374999999999996,Decision Tree
1252,Waitlist,0.2799999999999998,Decision Tree
1253,Waitlist,0.4374999999999996,Decision Tree
1254,Waitlist,0.4374999999999996,Decision Tree
1255,Waitlist,0.4374999999999996,Decision Tree
1256,Waitlist,0.4374999999999996,Decision Tree
1257,Waitlist,0.4374999999999996,Decision Tree
1258,Waitlist,0.34782608695652145,Decision Tree
1259,Waitlist,0.30769230769230754,Decision Tree
1260,Waitlist,0.30769230769230754,Decision Tree
1261,Admit,0.6896551724137931,Decision Tree
1262,Waitlist,0.34545454545454524,Decision Tree
1263,Waitlist,0.30769230769230754,Decision Tree
1264,Waitlist,0.05594405594405592,Decision Tree
1265,Waitlist,0.20588235294117638,Decision Tree
1266,Waitlist,0.4807692307692302,Decision Tree
1267,Waitlist,0.4374999999999996,Decision Tree
1269,Waitlist,0.4374999999999996,Decision Tree
1270,Waitlist,0.21052631578947356,Decision Tree
1271,Waitlist,0.4374999999999996,Decision Tree
1273,Waitlist,0.4374999999999996,Decision Tree
1274,Waitlist,0.34782608695652145,Decision Tree
1275,Waitlist,0.05594405594405592,Decision Tree
1276,Waitlist,0.30769230769230754,Decision Tree
1277,Waitlist,0.2799999999999998,Decision Tree
1278,Waitlist,0.30769230769230754,Decision Tree
1279,Waitlist,0.34782608695652145,Decision Tree
1280,Waitlist,0.4374999999999996,Decision Tree
1281,Waitlist,0.21052631578947356,Decision Tree
1282,Waitlist,0.37931034482758597,Decision Tree
1283,Waitlist,0.4374999999999996,Decision Tree
1284,Waitlist,0.4374999999999996,Decision Tree
1285,Waitlist,0.4807692307692302,Decision Tree
1286,Waitlist,0.05594405594405592,Decision Tree
1287,Waitlist,0.20588235294117638,Decision Tree
1288,Waitlist,0.4374999999999996,Decision Tree
1289,Waitlist,0.21052631578947356,Decision Tree
1290,Waitlist,0.34782608695652145,Decision Tree
1291,Waitlist,0.4374999999999996,Decision Tree
1293,Admit,0.7692307692307686,Decision Tree
1294,Waitlist,0.30769230769230754,Decision Tree
1296,Waitlist,0.4807692307692302,Decision Tree
1298,Admit,1.0,Decision Tree
1299,Waitlist,0.21052631578947356,Decision Tree
1301,Admit,0.7272727272727268,Decision Tree
1303,Waitlist,0.34782608695652145,Decision Tree
1304,Waitlist,0.30769230769230754,Decision Tree
1305,Waitlist,0.34782608695652145,Decision Tree
1306,Waitlist,0.05594405594405592,Decision Tree
1307,Waitlist,0.05594405594405592,Decision Tree
1308,Waitlist,0.2799999999999998,Decision Tree
1309,Waitlist,0.3749999999999997,Decision Tree
1310,Waitlist,0.30769230769230754,Decision Tree
1311,Waitlist,0.4374999999999996,Decision Tree
1312,Admit,1.0,Decision Tree
1313,Admit,1.0,Decision Tree
1314,Waitlist,0.05594405594405592,Decision Tree
1316,Waitlist,0.34782608695652145,Decision Tree
1317,Waitlist,0.05594405594405592,Decision Tree
1318,Admit,0.6785714285714286,Decision Tree
1319,Admit,1.0,Decision Tree
1320,Waitlist,0.4374999999999996,Decision Tree
1321,Waitlist,0.34782608695652145,Decision Tree
1322,Waitlist,0.05594405594405592,Decision Tree
1323,Waitlist,0.05594405594405592,Decision Tree
1324,Waitlist,0.45454545454545464,Decision Tree
1325,Waitlist,0.4374999999999996,Decision Tree
1326,Waitlist,0.4374999999999996,Decision Tree
1327,Waitlist,0.05594405594405592,Decision Tree
1328,Waitlist,0.30769230769230754,Decision Tree
1329,Waitlist,0.21052631578947356,Decision Tree
1330,Waitlist,0.45454545454545464,Decision Tree
1331,Waitlist,0.4374999999999996,Decision Tree
1332,Waitlist,0.21052631578947356,Decision Tree
1333,Waitlist,0.05594405594405592,Decision Tree
1334,Waitlist,0.4374999999999996,Decision Tree
1335,Waitlist,0.30769230769230754,Decision Tree
1336,Waitlist,0.30769230769230754,Decision Tree
1337,Waitlist,0.05594405594405592,Decision Tree
1338,Admit,0.7954545454545454,Decision Tree
1339,Waitlist,0.05594405594405592,Decision Tree
1341,Waitlist,0.05594405594405592,Decision Tree
1342,Waitlist,0.2799999999999998,Decision Tree
1343,Waitlist,0.05594405594405592,Decision Tree
1344,Waitlist,0.4807692307692302,Decision Tree
1345,Admit,1.0,Decision Tree
1348,Waitlist,0.34782608695652145,Decision Tree
1349,Waitlist,0.4374999999999996,Decision Tree
1350,Waitlist,0.2799999999999998,Decision Tree
1351,Waitlist,0.30769230769230754,Decision Tree
1352,Waitlist,0.4374999999999996,Decision Tree
1353,Waitlist,0.34545454545454524,Decision Tree
1354,Waitlist,0.4374999999999996,Decision Tree
1355,Waitlist,0.4374999999999996,Decision Tree
1357,Waitlist,0.21052631578947356,Decision Tree
1359,Admit,1.0,Decision Tree
1361,Waitlist,0.30769230769230754,Decision Tree
1362,Admit,1.0,Decision Tree
1363,Waitlist,0.4374999999999996,Decision Tree
1364,Waitlist,0.30769230769230754,Decision Tree
1365,Waitlist,0.2799999999999998,Decision Tree
1366,Waitlist,0.4374999999999996,Decision Tree
1367,Waitlist,0.34782608695652145,Decision Tree
1368,Admit,0.7954545454545454,Decision Tree
1369,Waitlist,0.30769230769230754,Decision Tree
1370,Waitlist,0.4374999999999996,Decision Tree
1371,Waitlist,0.4374999999999996,Decision Tree
1372,Waitlist,0.30769230769230754,Decision Tree
1373,Waitlist,0.30769230769230754,Decision Tree
1374,Waitlist,0.4374999999999996,Decision Tree
1375,Admit,1.0,Decision Tree
1376,Waitlist,0.2799999999999998,Decision Tree
1378,Waitlist,0.21052631578947356,Decision Tree
1379,Waitlist,0.4374999999999996,Decision Tree
1380,Admit,0.7272727272727268,Decision Tree
1383,Waitlist,0.34545454545454524,Decision Tree
1384,Admit,1.0,Decision Tree
1385,Admit,1.0,Decision Tree
1386,Waitlist,0.05594405594405592,Decision Tree
1387,Waitlist,0.4374999999999996,Decision Tree
1389,Waitlist,0.34782608695652145,Decision Tree
1390,Waitlist,0.30769230769230754,Decision Tree
1391,Waitlist,0.30769230769230754,Decision Tree
1392,Admit,0.6666666666666664,Decision Tree
1393,Waitlist,0.20588235294117638,Decision Tree
1394,Admit,1.0,Decision Tree
1395,Waitlist,0.30769230769230754,Decision Tree
1397,Waitlist,0.2799999999999998,Decision Tree
1398,Waitlist,0.21052631578947356,Decision Tree
1399,Waitlist,0.30769230769230754,Decision Tree
1400,Admit,0.7954545454545454,Decision Tree
1401,Admit,1.0,Decision Tree
1402,Waitlist,0.30769230769230754,Decision Tree
1403,Waitlist,0.05594405594405592,Decision Tree
1404,Waitlist,0.4374999999999996,Decision Tree
1405,Waitlist,0.05594405594405592,Decision Tree
1406,Waitlist,0.4374999999999996,Decision Tree
1407,Waitlist,0.4374999999999996,Decision Tree
1408,Waitlist,0.4374999999999996,Decision Tree
1409,Waitlist,0.05594405594405592,Decision Tree
1410,Waitlist,0.4374999999999996,Decision Tree
1411,Waitlist,0.05594405594405592,Decision Tree
1412,Waitlist,0.34782608695652145,Decision Tree
1413,Waitlist,0.4807692307692302,Decision Tree
1414,Admit,1.0,Decision Tree
1415,Waitlist,0.34782608695652145,Decision Tree
1416,Waitlist,0.05594405594405592,Decision Tree
1417,Waitlist,0.4807692307692302,Decision Tree
1418,Waitlist,0.05594405594405592,Decision Tree
1419,Waitlist,0.4807692307692302,Decision Tree
1420,Waitlist,0.4374999999999996,Decision Tree
1422,Waitlist,0.05594405594405592,Decision Tree
1423,Waitlist,0.4374999999999996,Decision Tree
1424,Admit,1.0,Decision Tree
1425,Admit,0.6666666666666664,Decision Tree
1426,Waitlist,0.30769230769230754,Decision Tree
1427,Waitlist,0.05594405594405592,Decision Tree
1428,Waitlist,0.34782608695652145,Decision Tree
1429,Admit,1.0,Decision Tree
1430,Waitlist,0.30769230769230754,Decision Tree
1431,Waitlist,0.05594405594405592,Decision Tree
1432,Admit,0.7692307692307686,Decision Tree
1433,Waitlist,0.4807692307692302,Decision Tree
1434,Waitlist,0.2799999999999998,Decision Tree
1435,Admit,1.0,Decision Tree
1436,Admit,1.0,Decision Tree
1437,Waitlist,0.4374999999999996,Decision Tree
1438,Waitlist,0.34545454545454524,Decision Tree
1439,Waitlist,0.30769230769230754,Decision Tree
1440,Waitlist,0.4374999999999996,Decision Tree
1441,Admit,1.0,Decision Tree
1442,Waitlist,0.4374999999999996,Decision Tree
1443,Waitlist,0.45454545454545464,Decision Tree
1444,Waitlist,0.30769230769230754,Decision Tree
1445,Waitlist,0.05594405594405592,Decision Tree
1446,Waitlist,0.34782608695652145,Decision Tree
1448,Waitlist,0.30769230769230754,Decision Tree
1449,Waitlist,0.37931034482758597,Decision Tree
1450,Admit,1.0,Decision Tree
1451,Waitlist,0.30769230769230754,Decision Tree
1452,Waitlist,0.4374999999999996,Decision Tree
1453,Admit,1.0,Decision Tree
1455,Admit,1.0,Decision Tree
1456,Waitlist,0.05594405594405592,Decision Tree
1459,Waitlist,0.34782608695652145,Decision Tree
1460,Waitlist,0.21052631578947356,Decision Tree
1461,Waitlist,0.4374999999999996,Decision Tree
1462,Admit,1.0,Decision Tree
1464,Waitlist,0.2799999999999998,Decision Tree
1465,Waitlist,0.30769230769230754,Decision Tree
1466,Waitlist,0.05594405594405592,Decision Tree
1467,Admit,1.0,Decision Tree
1468,Waitlist,0.2799999999999998,Decision Tree
1469,Waitlist,0.4374999999999996,Decision Tree
1470,Waitlist,0.4374999999999996,Decision Tree
1471,Waitlist,0.34545454545454524,Decision Tree
1472,Admit,0.6666666666666664,Decision Tree
1473,Waitlist,0.34782608695652145,Decision Tree
1474,Waitlist,0.21052631578947356,Decision Tree
1475,Waitlist,0.05594405594405592,Decision Tree
1476,Waitlist,0.4374999999999996,Decision Tree
1477,Waitlist,0.05594405594405592,Decision Tree
1478,Waitlist,0.4374999999999996,Decision Tree
1479,Waitlist,0.05594405594405592,Decision Tree
1480,Waitlist,0.4374999999999996,Decision Tree
1481,Waitlist,0.05594405594405592,Decision Tree
1482,Admit,1.0,Decision Tree
1483,Waitlist,0.4374999999999996,Decision Tree
1484,Admit,0.7272727272727268,Decision Tree
1485,Waitlist,0.21052631578947356,Decision Tree
1486,Waitlist,0.45454545454545464,Decision Tree
1487,Waitlist,0.4374999999999996,Decision Tree
1488,Waitlist,0.30769230769230754,Decision Tree
1490,Waitlist,0.30769230769230754,Decision Tree
1491,Waitlist,0.4374999999999996,Decision Tree
1492,Waitlist,0.05594405594405592,Decision Tree
1493,Waitlist,0.30769230769230754,Decision Tree
1494,Waitlist,0.05594405594405592,Decision Tree
1495,Waitlist,0.4374999999999996,Decision Tree
1496,Waitlist,0.05594405594405592,Decision Tree
1498,Waitlist,0.4374999999999996,Decision Tree
1499,Waitlist,0.45454545454545464,Decision Tree
1500,Admit,0.7954545454545454,Decision Tree
1501,Waitlist,0.30769230769230754,Decision Tree
1502,Admit,1.0,Decision Tree
1503,Waitlist,0.4374999999999996,Decision Tree
1506,Waitlist,0.34782608695652145,Decision Tree
1507,Admit,1.0,Decision Tree
1509,Admit,1.0,Decision Tree
1510,Waitlist,0.30769230769230754,Decision Tree
1511,Waitlist,0.21052631578947356,Decision Tree
1512,Waitlist,0.2799999999999998,Decision Tree
1514,Admit,1.0,Decision Tree
1515,Waitlist,0.30769230769230754,Decision Tree
1516,Waitlist,0.30769230769230754,Decision Tree
1517,Admit,1.0,Decision Tree
1518,Waitlist,0.05594405594405592,Decision Tree
1519,Waitlist,0.34782608695652145,Decision Tree
1520,Waitlist,0.4374999999999996,Decision Tree
1521,Waitlist,0.34782608695652145,Decision Tree
1522,Waitlist,0.2799999999999998,Decision Tree
1523,Waitlist,0.21052631578947356,Decision Tree
1524,Waitlist,0.30769230769230754,Decision Tree
1525,Waitlist,0.4374999999999996,Decision Tree
1526,Waitlist,0.05594405594405592,Decision Tree
1527,Waitlist,0.4374999999999996,Decision Tree
1528,Waitlist,0.05594405594405592,Decision Tree
1529,Waitlist,0.4374999999999996,Decision Tree
1530,Waitlist,0.34782608695652145,Decision Tree
1531,Waitlist,0.4807692307692302,Decision Tree
1532,Waitlist,0.4374999999999996,Decision Tree
1533,Waitlist,0.2799999999999998,Decision Tree
1534,Waitlist,0.05594405594405592,Decision Tree
1536,Waitlist,0.4374999999999996,Decision Tree
1537,Waitlist,0.4374999999999996,Decision Tree
1538,Admit,1.0,Decision Tree
1539,Waitlist,0.05594405594405592,Decision Tree
1540,Waitlist,0.2799999999999998,Decision Tree
1541,Admit,0.6666666666666664,Decision Tree
1542,Waitlist,0.4374999999999996,Decision Tree
1543,Waitlist,0.34545454545454524,Decision Tree
1544,Waitlist,0.4374999999999996,Decision Tree
1545,Waitlist,0.34782608695652145,Decision Tree
1546,Admit,1.0,Decision Tree
1547,Admit,1.0,Decision Tree
1548,Waitlist,0.2799999999999998,Decision Tree
1549,Waitlist,0.4374999999999996,Decision Tree
1550,Waitlist,0.05594405594405592,Decision Tree
1551,Admit,1.0,Decision Tree
1553,Waitlist,0.21052631578947356,Decision Tree
1554,Waitlist,0.30769230769230754,Decision Tree
1556,Waitlist,0.4374999999999996,Decision Tree
1557,Waitlist,0.4374999999999996,Decision Tree
1558,Waitlist,0.2799999999999998,Decision Tree
1559,Waitlist,0.05594405594405592,Decision Tree
1560,Waitlist,0.30769230769230754,Decision Tree
1561,Admit,1.0,Decision Tree
1562,Waitlist,0.30769230769230754,Decision Tree
1563,Waitlist,0.05594405594405592,Decision Tree
1564,Waitlist,0.05594405594405592,Decision Tree
1566,Waitlist,0.45454545454545464,Decision Tree
1567,Waitlist,0.4374999999999996,Decision Tree
1568,Waitlist,0.2799999999999998,Decision Tree
1569,Waitlist,0.05594405594405592,Decision Tree
1570,Waitlist,0.4374999999999996,Decision Tree
1571,Waitlist,0.05594405594405592,Decision Tree
1572,Waitlist,0.20588235294117638,Decision Tree
1573,Waitlist,0.30769230769230754,Decision Tree
1574,Admit,1.0,Decision Tree
1575,Waitlist,0.05594405594405592,Decision Tree
1576,Waitlist,0.34782608695652145,Decision Tree
1577,Waitlist,0.4374999999999996,Decision Tree
1578,Waitlist,0.30769230769230754,Decision Tree
1579,Waitlist,0.4374999999999996,Decision Tree
1581,Waitlist,0.30769230769230754,Decision Tree
1582,Waitlist,0.4374999999999996,Decision Tree
1583,Waitlist,0.30769230769230754,Decision Tree
1584,Waitlist,0.4807692307692302,Decision Tree
1586,Waitlist,0.4807692307692302,Decision Tree
1587,Waitlist,0.45454545454545464,Decision Tree
1588,Waitlist,0.34545454545454524,Decision Tree
1589,Waitlist,0.30769230769230754,Decision Tree
1590,Waitlist,0.30769230769230754,Decision Tree
1591,Waitlist,0.30769230769230754,Decision Tree
1592,Admit,1.0,Decision Tree
1593,Waitlist,0.30769230769230754,Decision Tree
1594,Waitlist,0.4807692307692302,Decision Tree
1595,Waitlist,0.45454545454545464,Decision Tree
1597,Waitlist,0.05594405594405592,Decision Tree
1598,Waitlist,0.20588235294117638,Decision Tree
1599,Waitlist,0.4374999999999996,Decision Tree
1600,Waitlist,0.3749999999999997,Decision Tree
1602,Admit,1.0,Decision Tree
1603,Waitlist,0.05594405594405592,Decision Tree
1604,Waitlist,0.30769230769230754,Decision Tree
1605,Admit,1.0,Decision Tree
1606,Waitlist,0.45454545454545464,Decision Tree
1607,Waitlist,0.05594405594405592,Decision Tree
1609,Waitlist,0.45454545454545464,Decision Tree
1610,Waitlist,0.4374999999999996,Decision Tree
1611,Waitlist,0.21052631578947356,Decision Tree
1612,Waitlist,0.21052631578947356,Decision Tree
1613,Waitlist,0.4807692307692302,Decision Tree
1614,Waitlist,0.05594405594405592,Decision Tree
1615,Waitlist,0.4374999999999996,Decision Tree
1616,Waitlist,0.4807692307692302,Decision Tree
1617,Waitlist,0.30769230769230754,Decision Tree
1618,Admit,1.0,Decision Tree
1619,Waitlist,0.30769230769230754,Decision Tree
1621,Waitlist,0.34545454545454524,Decision Tree
1622,Waitlist,0.05594405594405592,Decision Tree
1623,Admit,1.0,Decision Tree
1624,Waitlist,0.05594405594405592,Decision Tree
1625,Waitlist,0.34545454545454524,Decision Tree
1626,Admit,1.0,Decision Tree
1627,Waitlist,0.05594405594405592,Decision Tree
1628,Admit,0.7954545454545454,Decision Tree
1629,Waitlist,0.4374999999999996,Decision Tree
1630,Waitlist,0.20588235294117638,Decision Tree
1631,Waitlist,0.4374999999999996,Decision Tree
1632,Admit,1.0,Decision Tree
1633,Waitlist,0.30769230769230754,Decision Tree
1634,Waitlist,0.4374999999999996,Decision Tree
1635,Waitlist,0.4807692307692302,Decision Tree
1636,Waitlist,0.30769230769230754,Decision Tree
1637,Waitlist,0.3749999999999997,Decision Tree
1638,Admit,1.0,Decision Tree
1639,Waitlist,0.05594405594405592,Decision Tree
1640,Admit,0.6785714285714286,Decision Tree
1641,Waitlist,0.30769230769230754,Decision Tree
1642,Waitlist,0.21052631578947356,Decision Tree
1643,Waitlist,0.30769230769230754,Decision Tree
1644,Waitlist,0.05594405594405592,Decision Tree
1645,Admit,1.0,Decision Tree
1647,Waitlist,0.34782608695652145,Decision Tree
1648,Waitlist,0.05594405594405592,Decision Tree
1649,Waitlist,0.05594405594405592,Decision Tree
1652,Waitlist,0.4374999999999996,Decision Tree
1653,Waitlist,0.4374999999999996,Decision Tree
1654,Admit,1.0,Decision Tree
1655,Admit,1.0,Decision Tree
1656,Admit,1.0,Decision Tree
1657,Waitlist,0.4374999999999996,Decision Tree
1658,Waitlist,0.4807692307692302,Decision Tree
1659,Waitlist,0.05594405594405592,Decision Tree
1660,Waitlist,0.4374999999999996,Decision Tree
1661,Admit,1.0,Decision Tree
1662,Waitlist,0.4374999999999996,Decision Tree
1664,Admit,1.0,Decision Tree
1665,Admit,1.0,Decision Tree
1666,Waitlist,0.4374999999999996,Decision Tree
1667,Waitlist,0.30769230769230754,Decision Tree
1669,Waitlist,0.2799999999999998,Decision Tree
1670,Waitlist,0.30769230769230754,Decision Tree
1671,Waitlist,0.4374999999999996,Decision Tree
1672,Waitlist,0.2799999999999998,Decision Tree
1673,Waitlist,0.05594405594405592,Decision Tree
1674,Waitlist,0.30769230769230754,Decision Tree
1675,Waitlist,0.2799999999999998,Decision Tree
1676,Waitlist,0.4374999999999996,Decision Tree
1677,Waitlist,0.30769230769230754,Decision Tree
1678,Waitlist,0.30769230769230754,Decision Tree
1679,Waitlist,0.4807692307692302,Decision Tree
1680,Waitlist,0.4374999999999996,Decision Tree
1681,Waitlist,0.4374999999999996,Decision Tree
1682,Waitlist,0.4374999999999996,Decision Tree
1684,Waitlist,0.4374999999999996,Decision Tree
1685,Waitlist,0.05594405594405592,Decision Tree
1686,Waitlist,0.2799999999999998,Decision Tree
1688,Waitlist,0.4807692307692302,Decision Tree
1689,Waitlist,0.30769230769230754,Decision Tree
1690,Waitlist,0.4374999999999996,Decision Tree
1691,Waitlist,0.3749999999999997,Decision Tree
1692,Waitlist,0.30769230769230754,Decision Tree
1693,Waitlist,0.34782608695652145,Decision Tree
1694,Waitlist,0.05594405594405592,Decision Tree
1695,Admit,1.0,Decision Tree
1696,Admit,1.0,Decision Tree
1698,Waitlist,0.30769230769230754,Decision Tree
1699,Waitlist,0.45454545454545464,Decision Tree
1700,Waitlist,0.05594405594405592,Decision Tree
1701,Waitlist,0.4374999999999996,Decision Tree
1702,Admit,1.0,Decision Tree
1703,Waitlist,0.4374999999999996,Decision Tree
1704,Waitlist,0.05594405594405592,Decision Tree
1705,Waitlist,0.05594405594405592,Decision Tree
1706,Waitlist,0.4374999999999996,Decision Tree
1708,Waitlist,0.34782608695652145,Decision Tree
1709,Waitlist,0.4374999999999996,Decision Tree
1710,Waitlist,0.45454545454545464,Decision Tree
1712,Waitlist,0.4374999999999996,Decision Tree
1713,Waitlist,0.30769230769230754,Decision Tree
1715,Admit,0.6666666666666664,Decision Tree
1716,Waitlist,0.30769230769230754,Decision Tree
1717,Waitlist,0.4374999999999996,Decision Tree
1719,Waitlist,0.4374999999999996,Decision Tree
1720,Waitlist,0.05594405594405592,Decision Tree
1721,Admit,0.7954545454545454,Decision Tree
1722,Admit,1.0,Decision Tree
1723,Waitlist,0.30769230769230754,Decision Tree
1724,Waitlist,0.21052631578947356,Decision Tree
1725,Admit,0.7692307692307686,Decision Tree
1726,Waitlist,0.30769230769230754,Decision Tree
1728,Waitlist,0.3749999999999997,Decision Tree
1729,Waitlist,0.34545454545454524,Decision Tree
1730,Waitlist,0.4374999999999996,Decision Tree
1731,Waitlist,0.4807692307692302,Decision Tree
1732,Waitlist,0.05594405594405592,Decision Tree
1733,Waitlist,0.05594405594405592,Decision Tree
1734,Waitlist,0.4374999999999996,Decision Tree
1735,Waitlist,0.05594405594405592,Decision Tree
1736,Waitlist,0.30769230769230754,Decision Tree
1737,Admit,1.0,Decision Tree
1738,Waitlist,0.30769230769230754,Decision Tree
1739,Waitlist,0.3749999999999997,Decision Tree
1740,Waitlist,0.05594405594405592,Decision Tree
1743,Waitlist,0.34782608695652145,Decision Tree
1744,Waitlist,0.05594405594405592,Decision Tree
1745,Waitlist,0.05594405594405592,Decision Tree
1746,Waitlist,0.05594405594405592,Decision Tree
1747,Waitlist,0.30769230769230754,Decision Tree
1748,Waitlist,0.05594405594405592,Decision Tree
1749,Waitlist,0.34782608695652145,Decision Tree
1750,Waitlist,0.34782608695652145,Decision Tree
1751,Waitlist,0.05594405594405592,Decision Tree
1752,Waitlist,0.30769230769230754,Decision Tree
1753,Waitlist,0.30769230769230754,Decision Tree
1754,Waitlist,0.05594405594405592,Decision Tree
1755,Waitlist,0.2799999999999998,Decision Tree
1756,Admit,1.0,Decision Tree
1757,Waitlist,0.05594405594405592,Decision Tree
1758,Waitlist,0.2799999999999998,Decision Tree
1759,Admit,1.0,Decision Tree
1760,Admit,0.7272727272727268,Decision Tree
1762,Admit,1.0,Decision Tree
1763,Waitlist,0.4374999999999996,Decision Tree
1765,Waitlist,0.30769230769230754,Decision Tree
1766,Waitlist,0.05594405594405592,Decision Tree
1767,Waitlist,0.30769230769230754,Decision Tree
1768,Waitlist,0.4374999999999996,Decision Tree
1769,Waitlist,0.2799999999999998,Decision Tree
1771,Admit,1.0,Decision Tree
1772,Waitlist,0.4374999999999996,Decision Tree
1773,Waitlist,0.4374999999999996,Decision Tree
1774,Waitlist,0.05594405594405592,Decision Tree
1775,Waitlist,0.05594405594405592,Decision Tree
1776,Waitlist,0.4807692307692302,Decision Tree
1777,Waitlist,0.2799999999999998,Decision Tree
1778,Admit,1.0,Decision Tree
1779,Waitlist,0.30769230769230754,Decision Tree
1780,Waitlist,0.05594405594405592,Decision Tree
1781,Waitlist,0.05594405594405592,Decision Tree
1782,Waitlist,0.30769230769230754,Decision Tree
1783,Waitlist,0.4374999999999996,Decision Tree
1784,Admit,1.0,Decision Tree
1785,Admit,1.0,Decision Tree
1786,Waitlist,0.05594405594405592,Decision Tree
1787,Waitlist,0.2799999999999998,Decision Tree
1788,Waitlist,0.2799999999999998,Decision Tree
1790,Waitlist,0.2799999999999998,Decision Tree
1791,Waitlist,0.05594405594405592,Decision Tree
1793,Waitlist,0.45454545454545464,Decision Tree
1794,Waitlist,0.05594405594405592,Decision Tree
1795,Waitlist,0.30769230769230754,Decision Tree
1796,Waitlist,0.30769230769230754,Decision Tree
1797,Waitlist,0.2799999999999998,Decision Tree
1798,Waitlist,0.34782608695652145,Decision Tree
1799,Waitlist,0.4374999999999996,Decision Tree
1800,Admit,1.0,Decision Tree
1801,Waitlist,0.2799999999999998,Decision Tree
1802,Waitlist,0.21052631578947356,Decision Tree
1803,Waitlist,0.34782608695652145,Decision Tree
1804,Waitlist,0.30769230769230754,Decision Tree
1805,Waitlist,0.30769230769230754,Decision Tree
1806,Waitlist,0.34782608695652145,Decision Tree
1807,Waitlist,0.30769230769230754,Decision Tree
1808,Waitlist,0.30769230769230754,Decision Tree
1809,Waitlist,0.05594405594405592,Decision Tree
1810,Waitlist,0.05594405594405592,Decision Tree
1811,Admit,0.6785714285714286,Decision Tree
1812,Waitlist,0.2799999999999998,Decision Tree
1813,Waitlist,0.05594405594405592,Decision Tree
1814,Waitlist,0.4374999999999996,Decision Tree
1815,Waitlist,0.05594405594405592,Decision Tree
1816,Waitlist,0.2799999999999998,Decision Tree
1817,Waitlist,0.4374999999999996,Decision Tree
1818,Admit,1.0,Decision Tree
1819,Waitlist,0.20588235294117638,Decision Tree
1821,Waitlist,0.30769230769230754,Decision Tree
1822,Waitlist,0.34782608695652145,Decision Tree
1823,Waitlist,0.4374999999999996,Decision Tree
1824,Admit,1.0,Decision Tree
1825,Waitlist,0.4374999999999996,Decision Tree
1826,Waitlist,0.4374999999999996,Decision Tree
1829,Waitlist,0.30769230769230754,Decision Tree
1830,Waitlist,0.4374999999999996,Decision Tree
1831,Admit,1.0,Decision Tree
1832,Waitlist,0.2799999999999998,Decision Tree
1833,Waitlist,0.30769230769230754,Decision Tree
1834,Admit,1.0,Decision Tree
1835,Waitlist,0.2799999999999998,Decision Tree
1836,Waitlist,0.30769230769230754,Decision Tree
1837,Waitlist,0.21052631578947356,Decision Tree
1838,Admit,1.0,Decision Tree
1839,Waitlist,0.05594405594405592,Decision Tree
1840,Waitlist,0.05594405594405592,Decision Tree
1841,Waitlist,0.4374999999999996,Decision Tree
1842,Admit,0.6666666666666664,Decision Tree
1843,Waitlist,0.05594405594405592,Decision Tree
1844,Waitlist,0.30769230769230754,Decision Tree
1845,Waitlist,0.45454545454545464,Decision Tree
1846,Waitlist,0.4374999999999996,Decision Tree
1847,Waitlist,0.30769230769230754,Decision Tree
1848,Waitlist,0.21052631578947356,Decision Tree
1849,Waitlist,0.05594405594405592,Decision Tree
1851,Waitlist,0.30769230769230754,Decision Tree
1852,Waitlist,0.30769230769230754,Decision Tree
1853,Admit,1.0,Decision Tree
1854,Waitlist,0.2799999999999998,Decision Tree
1855,Waitlist,0.4374999999999996,Decision Tree
1856,Waitlist,0.21052631578947356,Decision Tree
1857,Waitlist,0.4374999999999996,Decision Tree
1860,Waitlist,0.4807692307692302,Decision Tree
1861,Waitlist,0.4374999999999996,Decision Tree
1862,Waitlist,0.4374999999999996,Decision Tree
1865,Waitlist,0.05594405594405592,Decision Tree
1867,Waitlist,0.34782608695652145,Decision Tree
1868,Admit,1.0,Decision Tree
1869,Waitlist,0.05594405594405592,Decision Tree
1870,Waitlist,0.2799999999999998,Decision Tree
1871,Waitlist,0.2799999999999998,Decision Tree
1872,Admit,1.0,Decision Tree
1874,Waitlist,0.4807692307692302,Decision Tree
1875,Waitlist,0.05594405594405592,Decision Tree
1876,Waitlist,0.30769230769230754,Decision Tree
1877,Waitlist,0.2799999999999998,Decision Tree
1878,Waitlist,0.05594405594405592,Decision Tree
1879,Admit,0.6785714285714286,Decision Tree
1880,Waitlist,0.05594405594405592,Decision Tree
1881,Admit,0.6896551724137931,Decision Tree
1882,Waitlist,0.05594405594405592,Decision Tree
1883,Waitlist,0.05594405594405592,Decision Tree
1884,Waitlist,0.4374999999999996,Decision Tree
1885,Waitlist,0.21052631578947356,Decision Tree
1886,Waitlist,0.34782608695652145,Decision Tree
1887,Admit,1.0,Decision Tree
1888,Waitlist,0.4374999999999996,Decision Tree
1889,Admit,1.0,Decision Tree
1890,Waitlist,0.4374999999999996,Decision Tree
1891,Waitlist,0.4374999999999996,Decision Tree
1894,Admit,1.0,Decision Tree
1896,Waitlist,0.4807692307692302,Decision Tree
1897,Admit,1.0,Decision Tree
1899,Waitlist,0.30769230769230754,Decision Tree
1901,Admit,1.0,Decision Tree
1903,Waitlist,0.4374999999999996,Decision Tree
1904,Waitlist,0.2799999999999998,Decision Tree
1905,Waitlist,0.05594405594405592,Decision Tree
1906,Admit,1.0,Decision Tree
1907,Waitlist,0.2799999999999998,Decision Tree
1908,Waitlist,0.2799999999999998,Decision Tree
1909,Waitlist,0.2799999999999998,Decision Tree
1910,Waitlist,0.4374999999999996,Decision Tree
1911,Admit,0.7954545454545454,Decision Tree
1913,Admit,0.7954545454545454,Decision Tree
1914,Admit,1.0,Decision Tree
1915,Waitlist,0.05594405594405592,Decision Tree
1916,Waitlist,0.4374999999999996,Decision Tree
1917,Admit,0.7692307692307686,Decision Tree
1918,Waitlist,0.05594405594405592,Decision Tree
1919,Waitlist,0.05594405594405592,Decision Tree
1920,Admit,1.0,Decision Tree
1921,Admit,1.0,Decision Tree
1922,Admit,1.0,Decision Tree
1923,Waitlist,0.34782608695652145,Decision Tree
1925,Waitlist,0.34782608695652145,Decision Tree
1926,Waitlist,0.30769230769230754,Decision Tree
1927,Waitlist,0.2799999999999998,Decision Tree
1928,Waitlist,0.34782608695652145,Decision Tree
1929,Waitlist,0.30769230769230754,Decision Tree
1930,Waitlist,0.4374999999999996,Decision Tree
1931,Waitlist,0.30769230769230754,Decision Tree
1932,Waitlist,0.4374999999999996,Decision Tree
1933,Waitlist,0.05594405594405592,Decision Tree
1934,Waitlist,0.4374999999999996,Decision Tree
1935,Waitlist,0.4374999999999996,Decision Tree
1936,Waitlist,0.4374999999999996,Decision Tree
1938,Waitlist,0.3749999999999997,Decision Tree
1939,Waitlist,0.4374999999999996,Decision Tree
1940,Waitlist,0.2799999999999998,Decision Tree
1941,Waitlist,0.30769230769230754,Decision Tree
1942,Waitlist,0.05594405594405592,Decision Tree
1943,Waitlist,0.4374999999999996,Decision Tree
1945,Admit,1.0,Decision Tree
1946,Admit,1.0,Decision Tree
1947,Waitlist,0.4374999999999996,Decision Tree
1948,Admit,0.6785714285714286,Decision Tree
1949,Waitlist,0.05594405594405592,Decision Tree
1950,Admit,1.0,Decision Tree
1951,Waitlist,0.4374999999999996,Decision Tree
1952,Waitlist,0.05594405594405592,Decision Tree
1953,Admit,1.0,Decision Tree
1954,Waitlist,0.05594405594405592,Decision Tree
1955,Waitlist,0.4374999999999996,Decision Tree
1956,Waitlist,0.4374999999999996,Decision Tree
1958,Admit,1.0,Decision Tree
1959,Waitlist,0.05594405594405592,Decision Tree
1960,Waitlist,0.05594405594405592,Decision Tree
1961,Waitlist,0.2799999999999998,Decision Tree
1962,Admit,1.0,Decision Tree
1963,Waitlist,0.4374999999999996,Decision Tree
1964,Waitlist,0.30769230769230754,Decision Tree
1966,Admit,1.0,Decision Tree
1967,Admit,0.6666666666666664,Decision Tree
1968,Waitlist,0.34782608695652145,Decision Tree
1969,Waitlist,0.4374999999999996,Decision Tree
1970,Admit,1.0,Decision Tree
1971,Waitlist,0.4807692307692302,Decision Tree
1974,Waitlist,0.30769230769230754,Decision Tree
1975,Waitlist,0.4374999999999996,Decision Tree
1976,Waitlist,0.4374999999999996,Decision Tree
1977,Waitlist,0.2799999999999998,Decision Tree
1978,Waitlist,0.4374999999999996,Decision Tree
1979,Admit,1.0,Decision Tree
1980,Waitlist,0.4374999999999996,Decision Tree
1981,Waitlist,0.4374999999999996,Decision Tree
1982,Waitlist,0.34782608695652145,Decision Tree
1983,Admit,1.0,Decision Tree
1985,Waitlist,0.4807692307692302,Decision Tree
1986,Waitlist,0.4374999999999996,Decision Tree
1988,Waitlist,0.2799999999999998,Decision Tree
1990,Admit,0.6785714285714286,Decision Tree
1992,Waitlist,0.05594405594405592,Decision Tree
1993,Waitlist,0.2799999999999998,Decision Tree
1994,Waitlist,0.2799999999999998,Decision Tree
1995,Admit,1.0,Decision Tree
1996,Waitlist,0.2799999999999998,Decision Tree
1998,Admit,1.0,Decision Tree
1999,Waitlist,0.34782608695652145,Decision Tree
2000,Waitlist,0.30769230769230754,Decision Tree
2001,Waitlist,0.05594405594405592,Decision Tree
2002,Waitlist,0.34782608695652145,Decision Tree
2003,Waitlist,0.4374999999999996,Decision Tree
2004,Waitlist,0.05594405594405592,Decision Tree
2006,Waitlist,0.4374999999999996,Decision Tree
2008,Waitlist,0.05594405594405592,Decision Tree
2009,Waitlist,0.21052631578947356,Decision Tree
2010,Waitlist,0.37931034482758597,Decision Tree
2012,Waitlist,0.4374999999999996,Decision Tree
2013,Waitlist,0.34782608695652145,Decision Tree
2014,Waitlist,0.37931034482758597,Decision Tree
2015,Waitlist,0.05594405594405592,Decision Tree
2016,Waitlist,0.05594405594405592,Decision Tree
2017,Waitlist,0.05594405594405592,Decision Tree
2018,Admit,0.6666666666666664,Decision Tree
2019,Admit,0.6666666666666664,Decision Tree
2020,Admit,0.7272727272727268,Decision Tree
2021,Waitlist,0.30769230769230754,Decision Tree
2022,Waitlist,0.30769230769230754,Decision Tree
2023,Waitlist,0.30769230769230754,Decision Tree
2024,Admit,0.6896551724137931,Decision Tree
2025,Waitlist,0.21052631578947356,Decision Tree
2026,Waitlist,0.34782608695652145,Decision Tree
2028,Admit,0.6896551724137931,Decision Tree
2029,Waitlist,0.45454545454545464,Decision Tree
2030,Waitlist,0.45454545454545464,Decision Tree
2031,Waitlist,0.30769230769230754,Decision Tree
2032,Admit,1.0,Decision Tree
2033,Waitlist,0.05594405594405592,Decision Tree
2034,Waitlist,0.4374999999999996,Decision Tree
2035,Admit,1.0,Decision Tree
2037,Waitlist,0.05594405594405592,Decision Tree
2039,Waitlist,0.4374999999999996,Decision Tree
2040,Admit,1.0,Decision Tree
2041,Waitlist,0.2799999999999998,Decision Tree
2042,Admit,1.0,Decision Tree
2043,Waitlist,0.05594405594405592,Decision Tree
2044,Waitlist,0.4374999999999996,Decision Tree
2045,Waitlist,0.21052631578947356,Decision Tree
2046,Waitlist,0.30769230769230754,Decision Tree
2047,Waitlist,0.05594405594405592,Decision Tree
2048,Waitlist,0.34782608695652145,Decision Tree
2049,Waitlist,0.34782608695652145,Decision Tree
2052,Waitlist,0.4374999999999996,Decision Tree
2053,Waitlist,0.2799999999999998,Decision Tree
2056,Waitlist,0.05594405594405592,Decision Tree
2058,Waitlist,0.30769230769230754,Decision Tree
2059,Waitlist,0.4374999999999996,Decision Tree
2060,Waitlist,0.4374999999999996,Decision Tree
2061,Waitlist,0.2799999999999998,Decision Tree
2062,Waitlist,0.2799999999999998,Decision Tree
2063,Waitlist,0.4374999999999996,Decision Tree
2065,Waitlist,0.2799999999999998,Decision Tree
2066,Waitlist,0.30769230769230754,Decision Tree
2067,Waitlist,0.05594405594405592,Decision Tree
2068,Waitlist,0.4374999999999996,Decision Tree
2069,Waitlist,0.4374999999999996,Decision Tree
2070,Waitlist,0.2799999999999998,Decision Tree
2071,Waitlist,0.4374999999999996,Decision Tree
2072,Waitlist,0.45454545454545464,Decision Tree
2073,Waitlist,0.4374999999999996,Decision Tree
2074,Waitlist,0.2799999999999998,Decision Tree
2077,Waitlist,0.20588235294117638,Decision Tree
2078,Waitlist,0.2799999999999998,Decision Tree
2079,Waitlist,0.30769230769230754,Decision Tree
2080,Waitlist,0.2799999999999998,Decision Tree
2081,Waitlist,0.2799999999999998,Decision Tree
2082,Admit,1.0,Decision Tree
2083,Waitlist,0.34782608695652145,Decision Tree
2084,Waitlist,0.34545454545454524,Decision Tree
2086,Waitlist,0.30769230769230754,Decision Tree
2087,Waitlist,0.4807692307692302,Decision Tree
2088,Waitlist,0.05594405594405592,Decision Tree
2089,Admit,1.0,Decision Tree
2090,Waitlist,0.4374999999999996,Decision Tree
2091,Waitlist,0.4807692307692302,Decision Tree
2092,Waitlist,0.34782608695652145,Decision Tree
2093,Waitlist,0.34545454545454524,Decision Tree
2094,Waitlist,0.4374999999999996,Decision Tree
2095,Waitlist,0.45454545454545464,Decision Tree
2096,Waitlist,0.4374999999999996,Decision Tree
2097,Waitlist,0.30769230769230754,Decision Tree
2098,Waitlist,0.34545454545454524,Decision Tree
2099,Waitlist,0.30769230769230754,Decision Tree
2100,Waitlist,0.30769230769230754,Decision Tree
2101,Waitlist,0.05594405594405592,Decision Tree
2102,Waitlist,0.2799999999999998,Decision Tree
2103,Waitlist,0.4374999999999996,Decision Tree
2105,Waitlist,0.34545454545454524,Decision Tree
2106,Waitlist,0.05594405594405592,Decision Tree
2110,Waitlist,0.45454545454545464,Decision Tree
2111,Waitlist,0.30769230769230754,Decision Tree
2112,Waitlist,0.30769230769230754,Decision Tree
2113,Waitlist,0.30769230769230754,Decision Tree
2114,Waitlist,0.4374999999999996,Decision Tree
2115,Waitlist,0.4374999999999996,Decision Tree
2116,Waitlist,0.4374999999999996,Decision Tree
2118,Waitlist,0.4374999999999996,Decision Tree
2121,Waitlist,0.05594405594405592,Decision Tree
2123,Waitlist,0.4374999999999996,Decision Tree
2124,Waitlist,0.30769230769230754,Decision Tree
2126,Waitlist,0.05594405594405592,Decision Tree
2127,Admit,0.7954545454545454,Decision Tree
2128,Admit,1.0,Decision Tree
2129,Waitlist,0.4374999999999996,Decision Tree
2130,Waitlist,0.2799999999999998,Decision Tree
2131,Waitlist,0.4374999999999996,Decision Tree
2132,Waitlist,0.2799999999999998,Decision Tree
2133,Waitlist,0.4374999999999996,Decision Tree
2134,Admit,1.0,Decision Tree
2135,Waitlist,0.20588235294117638,Decision Tree
2136,Waitlist,0.30769230769230754,Decision Tree
2138,Admit,1.0,Decision Tree
2139,Waitlist,0.30769230769230754,Decision Tree
2140,Waitlist,0.2799999999999998,Decision Tree
2141,Waitlist,0.2799999999999998,Decision Tree
2142,Waitlist,0.34782608695652145,Decision Tree
2143,Waitlist,0.2799999999999998,Decision Tree
2144,Waitlist,0.4374999999999996,Decision Tree
2145,Admit,1.0,Decision Tree
2146,Waitlist,0.45454545454545464,Decision Tree
2147,Admit,0.6896551724137931,Decision Tree
2149,Waitlist,0.4374999999999996,Decision Tree
2150,Admit,1.0,Decision Tree
2151,Waitlist,0.4374999999999996,Decision Tree
2152,Waitlist,0.4374999999999996,Decision Tree
2153,Waitlist,0.30769230769230754,Decision Tree
2154,Waitlist,0.34782608695652145,Decision Tree
2155,Waitlist,0.30769230769230754,Decision Tree
2156,Waitlist,0.30769230769230754,Decision Tree
2157,Admit,1.0,Decision Tree
2158,Waitlist,0.4374999999999996,Decision Tree
2159,Admit,1.0,Decision Tree
2160,Waitlist,0.05594405594405592,Decision Tree
2161,Waitlist,0.34782608695652145,Decision Tree
2163,Admit,1.0,Decision Tree
2164,Waitlist,0.4374999999999996,Decision Tree
2165,Waitlist,0.05594405594405592,Decision Tree
2167,Admit,0.7954545454545454,Decision Tree
2168,Waitlist,0.2799999999999998,Decision Tree
2169,Waitlist,0.30769230769230754,Decision Tree
2170,Admit,1.0,Decision Tree
2171,Waitlist,0.05594405594405592,Decision Tree
2172,Waitlist,0.30769230769230754,Decision Tree
2174,Waitlist,0.30769230769230754,Decision Tree
2175,Admit,1.0,Decision Tree
2176,Waitlist,0.3749999999999997,Decision Tree
2177,Waitlist,0.4374999999999996,Decision Tree
2178,Waitlist,0.34545454545454524,Decision Tree
2179,Waitlist,0.05594405594405592,Decision Tree
2180,Waitlist,0.21052631578947356,Decision Tree
2181,Waitlist,0.45454545454545464,Decision Tree
2182,Admit,1.0,Decision Tree
2183,Waitlist,0.05594405594405592,Decision Tree
2184,Waitlist,0.34545454545454524,Decision Tree
2185,Admit,0.6785714285714286,Decision Tree
2186,Admit,1.0,Decision Tree
2187,Waitlist,0.4374999999999996,Decision Tree
2188,Waitlist,0.4374999999999996,Decision Tree
2189,Waitlist,0.34545454545454524,Decision Tree
2190,Waitlist,0.34782608695652145,Decision Tree
2191,Waitlist,0.2799999999999998,Decision Tree
2192,Admit,0.6896551724137931,Decision Tree
2193,Waitlist,0.05594405594405592,Decision Tree
2194,Waitlist,0.30769230769230754,Decision Tree
2195,Waitlist,0.34782608695652145,Decision Tree
2196,Admit,1.0,Decision Tree
2197,Waitlist,0.30769230769230754,Decision Tree
2199,Waitlist,0.4374999999999996,Decision Tree
2200,Waitlist,0.37931034482758597,Decision Tree
2201,Waitlist,0.4374999999999996,Decision Tree
2202,Waitlist,0.2799999999999998,Decision Tree
2203,Waitlist,0.34782608695652145,Decision Tree
2205,Waitlist,0.37931034482758597,Decision Tree
2206,Waitlist,0.05594405594405592,Decision Tree
2208,Waitlist,0.4374999999999996,Decision Tree
2209,Waitlist,0.30769230769230754,Decision Tree
2210,Admit,1.0,Decision Tree
2211,Waitlist,0.30769230769230754,Decision Tree
2212,Waitlist,0.21052631578947356,Decision Tree
2213,Waitlist,0.05594405594405592,Decision Tree
2214,Admit,1.0,Decision Tree
2215,Waitlist,0.4374999999999996,Decision Tree
2216,Waitlist,0.05594405594405592,Decision Tree
2217,Waitlist,0.4374999999999996,Decision Tree
2218,Waitlist,0.05594405594405592,Decision Tree
2220,Waitlist,0.4374999999999996,Decision Tree
2221,Admit,0.6666666666666664,Decision Tree
2222,Waitlist,0.05594405594405592,Decision Tree
2223,Admit,0.7954545454545454,Decision Tree
2224,Waitlist,0.21052631578947356,Decision Tree
2225,Waitlist,0.4374999999999996,Decision Tree
2226,Waitlist,0.4374999999999996,Decision Tree
2230,Waitlist,0.05594405594405592,Decision Tree
2232,Waitlist,0.2799999999999998,Decision Tree
2233,Waitlist,0.05594405594405592,Decision Tree
2234,Waitlist,0.4374999999999996,Decision Tree
2235,Waitlist,0.30769230769230754,Decision Tree
2236,Waitlist,0.05594405594405592,Decision Tree
2237,Waitlist,0.05594405594405592,Decision Tree
2238,Admit,1.0,Decision Tree
2239,Waitlist,0.4374999999999996,Decision Tree
2240,Admit,1.0,Decision Tree
2241,Waitlist,0.05594405594405592,Decision Tree
2242,Admit,0.7954545454545454,Decision Tree
2243,Waitlist,0.30769230769230754,Decision Tree
2244,Admit,1.0,Decision Tree
2245,Waitlist,0.05594405594405592,Decision Tree
2247,Waitlist,0.20588235294117638,Decision Tree
2248,Admit,0.6785714285714286,Decision Tree
2249,Waitlist,0.30769230769230754,Decision Tree
2250,Waitlist,0.4807692307692302,Decision Tree
2251,Waitlist,0.45454545454545464,Decision Tree
2253,Waitlist,0.30769230769230754,Decision Tree
2255,Waitlist,0.34782608695652145,Decision Tree
2256,Waitlist,0.4374999999999996,Decision Tree
2257,Waitlist,0.05594405594405592,Decision Tree
2258,Waitlist,0.05594405594405592,Decision Tree
2259,Waitlist,0.30769230769230754,Decision Tree
2260,Admit,0.7954545454545454,Decision Tree
2261,Waitlist,0.30769230769230754,Decision Tree
2262,Waitlist,0.2799999999999998,Decision Tree
2263,Waitlist,0.30769230769230754,Decision Tree
2264,Admit,1.0,Decision Tree
2265,Waitlist,0.4374999999999996,Decision Tree
2266,Waitlist,0.4807692307692302,Decision Tree
2267,Waitlist,0.4374999999999996,Decision Tree
2268,Waitlist,0.34782608695652145,Decision Tree
2269,Waitlist,0.30769230769230754,Decision Tree
2270,Waitlist,0.30769230769230754,Decision Tree
2271,Admit,1.0,Decision Tree
2272,Waitlist,0.05594405594405592,Decision Tree
2273,Waitlist,0.4374999999999996,Decision Tree
2274,Waitlist,0.30769230769230754,Decision Tree
2275,Waitlist,0.20588235294117638,Decision Tree
2276,Waitlist,0.05594405594405592,Decision Tree
2278,Waitlist,0.4374999999999996,Decision Tree
2280,Waitlist,0.30769230769230754,Decision Tree
2282,Waitlist,0.34782608695652145,Decision Tree
2283,Admit,1.0,Decision Tree
2284,Waitlist,0.4374999999999996,Decision Tree
2285,Admit,1.0,Decision Tree
2286,Waitlist,0.21052631578947356,Decision Tree
2287,Waitlist,0.4374999999999996,Decision Tree
2288,Waitlist,0.05594405594405592,Decision Tree
2290,Admit,1.0,Decision Tree
2292,Waitlist,0.21052631578947356,Decision Tree
2293,Admit,1.0,Decision Tree
2294,Waitlist,0.34782608695652145,Decision Tree
2295,Waitlist,0.34545454545454524,Decision Tree
2298,Waitlist,0.4807692307692302,Decision Tree
2299,Waitlist,0.05594405594405592,Decision Tree
2300,Waitlist,0.34782608695652145,Decision Tree
2301,Waitlist,0.05594405594405592,Decision Tree
2302,Waitlist,0.05594405594405592,Decision Tree
2303,Waitlist,0.05594405594405592,Decision Tree
2304,Waitlist,0.30769230769230754,Decision Tree
2305,Waitlist,0.30769230769230754,Decision Tree
2306,Waitlist,0.4374999999999996,Decision Tree
2307,Waitlist,0.4374999999999996,Decision Tree
2308,Waitlist,0.4374999999999996,Decision Tree
2309,Admit,1.0,Decision Tree
2310,Waitlist,0.4374999999999996,Decision Tree
2312,Waitlist,0.30769230769230754,Decision Tree
2313,Admit,0.6896551724137931,Decision Tree
2315,Waitlist,0.30769230769230754,Decision Tree
2316,Waitlist,0.4374999999999996,Decision Tree
2317,Waitlist,0.4374999999999996,Decision Tree
2318,Waitlist,0.05594405594405592,Decision Tree
2319,Waitlist,0.30769230769230754,Decision Tree
2320,Admit,1.0,Decision Tree
2321,Waitlist,0.05594405594405592,Decision Tree
2322,Waitlist,0.34782608695652145,Decision Tree
2323,Waitlist,0.2799999999999998,Decision Tree
2324,Waitlist,0.05594405594405592,Decision Tree
2325,Waitlist,0.45454545454545464,Decision Tree
2326,Waitlist,0.30769230769230754,Decision Tree
2327,Waitlist,0.30769230769230754,Decision Tree
2328,Waitlist,0.4374999999999996,Decision Tree
2329,Admit,0.7954545454545454,Decision Tree
2330,Admit,1.0,Decision Tree
2331,Waitlist,0.34545454545454524,Decision Tree
2332,Admit,0.6785714285714286,Decision Tree
2333,Admit,0.7954545454545454,Decision Tree
2335,Waitlist,0.05594405594405592,Decision Tree
2336,Admit,1.0,Decision Tree
2337,Waitlist,0.30769230769230754,Decision Tree
2338,Waitlist,0.05594405594405592,Decision Tree
2339,Waitlist,0.2799999999999998,Decision Tree
2340,Waitlist,0.2799999999999998,Decision Tree
2341,Waitlist,0.4374999999999996,Decision Tree
2342,Admit,1.0,Decision Tree
2343,Waitlist,0.2799999999999998,Decision Tree
2344,Waitlist,0.20588235294117638,Decision Tree
2346,Waitlist,0.30769230769230754,Decision Tree
2347,Waitlist,0.05594405594405592,Decision Tree
2348,Waitlist,0.05594405594405592,Decision Tree
2350,Waitlist,0.4374999999999996,Decision Tree
2351,Admit,0.7272727272727268,Decision Tree
2352,Waitlist,0.30769230769230754,Decision Tree
2353,Waitlist,0.4374999999999996,Decision Tree
2355,Waitlist,0.30769230769230754,Decision Tree
2357,Waitlist,0.30769230769230754,Decision Tree
2358,Waitlist,0.4374999999999996,Decision Tree
2359,Waitlist,0.4374999999999996,Decision Tree
2361,Admit,0.6666666666666664,Decision Tree
2362,Admit,1.0,Decision Tree
2363,Waitlist,0.4374999999999996,Decision Tree
2364,Waitlist,0.30769230769230754,Decision Tree
2365,Waitlist,0.21052631578947356,Decision Tree
2366,Waitlist,0.4807692307692302,Decision Tree
2367,Waitlist,0.20588235294117638,Decision Tree
2369,Admit,0.7272727272727268,Decision Tree
2370,Waitlist,0.05594405594405592,Decision Tree
2371,Waitlist,0.05594405594405592,Decision Tree
2372,Waitlist,0.4374999999999996,Decision Tree
2373,Waitlist,0.4807692307692302,Decision Tree
2374,Waitlist,0.05594405594405592,Decision Tree
2375,Waitlist,0.2799999999999998,Decision Tree
2376,Waitlist,0.05594405594405592,Decision Tree
2377,Waitlist,0.34782608695652145,Decision Tree
2379,Admit,1.0,Decision Tree
2380,Waitlist,0.45454545454545464,Decision Tree
2381,Admit,1.0,Decision Tree
2382,Waitlist,0.3749999999999997,Decision Tree
2383,Waitlist,0.2799999999999998,Decision Tree
2384,Waitlist,0.30769230769230754,Decision Tree
2385,Waitlist,0.4807692307692302,Decision Tree
2387,Waitlist,0.4374999999999996,Decision Tree
2388,Waitlist,0.4374999999999996,Decision Tree
2389,Admit,1.0,Decision Tree
2390,Admit,1.0,Decision Tree
2391,Waitlist,0.05594405594405592,Decision Tree
2392,Admit,0.6666666666666664,Decision Tree
2394,Waitlist,0.30769230769230754,Decision Tree
2395,Waitlist,0.4374999999999996,Decision Tree
2396,Waitlist,0.4807692307692302,Decision Tree
2397,Waitlist,0.30769230769230754,Decision Tree
2399,Waitlist,0.34545454545454524,Decision Tree
2400,Waitlist,0.4807692307692302,Decision Tree
2401,Waitlist,0.4807692307692302,Decision Tree
2402,Waitlist,0.4374999999999996,Decision Tree
2403,Waitlist,0.2799999999999998,Decision Tree
2404,Waitlist,0.30769230769230754,Decision Tree
2405,Waitlist,0.20588235294117638,Decision Tree
2406,Waitlist,0.2799999999999998,Decision Tree
2407,Waitlist,0.30769230769230754,Decision Tree
2408,Waitlist,0.2799999999999998,Decision Tree
2409,Waitlist,0.4374999999999996,Decision Tree
2411,Waitlist,0.4374999999999996,Decision Tree
2412,Waitlist,0.2799999999999998,Decision Tree
2413,Waitlist,0.30769230769230754,Decision Tree
2414,Waitlist,0.37931034482758597,Decision Tree
2415,Waitlist,0.05594405594405592,Decision Tree
2416,Admit,1.0,Decision Tree
2417,Waitlist,0.45454545454545464,Decision Tree
2418,Waitlist,0.4374999999999996,Decision Tree
2419,Waitlist,0.4374999999999996,Decision Tree
2420,Waitlist,0.30769230769230754,Decision Tree
2422,Admit,1.0,Decision Tree
2423,Waitlist,0.05594405594405592,Decision Tree
2424,Waitlist,0.4374999999999996,Decision Tree
2425,Waitlist,0.30769230769230754,Decision Tree
2426,Waitlist,0.4374999999999996,Decision Tree
2427,Waitlist,0.05594405594405592,Decision Tree
2428,Waitlist,0.2799999999999998,Decision Tree
2429,Waitlist,0.4374999999999996,Decision Tree
2430,Waitlist,0.2799999999999998,Decision Tree
2431,Admit,1.0,Decision Tree
2432,Waitlist,0.34782608695652145,Decision Tree
2433,Waitlist,0.34782608695652145,Decision Tree
2434,Admit,0.7954545454545454,Decision Tree
2435,Waitlist,0.4374999999999996,Decision Tree
2436,Admit,1.0,Decision Tree
2437,Admit,1.0,Decision Tree
2438,Waitlist,0.4374999999999996,Decision Tree
2439,Waitlist,0.4374999999999996,Decision Tree
2440,Waitlist,0.30769230769230754,Decision Tree
2441,Waitlist,0.45454545454545464,Decision Tree
2442,Waitlist,0.37931034482758597,Decision Tree
2444,Waitlist,0.4374999999999996,Decision Tree
2445,Waitlist,0.2799999999999998,Decision Tree
2446,Waitlist,0.45454545454545464,Decision Tree
2447,Admit,0.6666666666666664,Decision Tree
2448,Waitlist,0.4374999999999996,Decision Tree
2449,Waitlist,0.05594405594405592,Decision Tree
2450,Waitlist,0.05594405594405592,Decision Tree
2451,Waitlist,0.4374999999999996,Decision Tree
2452,Waitlist,0.4374999999999996,Decision Tree
2453,Waitlist,0.05594405594405592,Decision Tree
2454,Waitlist,0.4374999999999996,Decision Tree
2455,Waitlist,0.4374999999999996,Decision Tree
2456,Waitlist,0.4374999999999996,Decision Tree
2457,Waitlist,0.05594405594405592,Decision Tree
2458,Waitlist,0.30769230769230754,Decision Tree
2459,Waitlist,0.2799999999999998,Decision Tree
2460,Waitlist,0.05594405594405592,Decision Tree
2462,Admit,1.0,Decision Tree
2463,Waitlist,0.34782608695652145,Decision Tree
2464,Admit,1.0,Decision Tree
2465,Waitlist,0.30769230769230754,Decision Tree
2466,Waitlist,0.30769230769230754,Decision Tree
2468,Waitlist,0.4807692307692302,Decision Tree
2469,Admit,0.6785714285714286,Decision Tree
2470,Waitlist,0.34545454545454524,Decision Tree
2471,Waitlist,0.30769230769230754,Decision Tree
2472,Admit,0.7954545454545454,Decision Tree
2473,Waitlist,0.05594405594405592,Decision Tree
2474,Waitlist,0.4374999999999996,Decision Tree
2475,Waitlist,0.3749999999999997,Decision Tree
2476,Admit,1.0,Decision Tree
2477,Admit,0.6666666666666664,Decision Tree
2478,Waitlist,0.30769230769230754,Decision Tree
2479,Waitlist,0.4374999999999996,Decision Tree
2480,Waitlist,0.30769230769230754,Decision Tree
2481,Admit,1.0,Decision Tree
2483,Waitlist,0.30769230769230754,Decision Tree
2484,Waitlist,0.2799999999999998,Decision Tree
2485,Waitlist,0.2799999999999998,Decision Tree
2486,Waitlist,0.20588235294117638,Decision Tree
2487,Waitlist,0.30769230769230754,Decision Tree
2488,Waitlist,0.21052631578947356,Decision Tree
2489,Admit,1.0,Decision Tree
2491,Waitlist,0.34782608695652145,Decision Tree
2492,Waitlist,0.4374999999999996,Decision Tree
2493,Waitlist,0.05594405594405592,Decision Tree
2494,Admit,1.0,Decision Tree
2495,Waitlist,0.4374999999999996,Decision Tree
2496,Admit,0.7954545454545454,Decision Tree
2497,Waitlist,0.05594405594405592,Decision Tree
2498,Admit,1.0,Decision Tree
2499,Waitlist,0.4374999999999996,Decision Tree
2500,Waitlist,0.4374999999999996,Decision Tree
2501,Waitlist,0.4374999999999996,Decision Tree
2502,Waitlist,0.30769230769230754,Decision Tree
2503,Waitlist,0.4374999999999996,Decision Tree
2504,Waitlist,0.30769230769230754,Decision Tree
2505,Admit,1.0,Decision Tree
2507,Waitlist,0.3749999999999997,Decision Tree
2508,Admit,1.0,Decision Tree
2509,Admit,1.0,Decision Tree
2510,Waitlist,0.34545454545454524,Decision Tree
2511,Waitlist,0.30769230769230754,Decision Tree
2512,Waitlist,0.30769230769230754,Decision Tree
2513,Waitlist,0.05594405594405592,Decision Tree
2514,Waitlist,0.30769230769230754,Decision Tree
2515,Waitlist,0.30769230769230754,Decision Tree
2516,Admit,1.0,Decision Tree
2517,Waitlist,0.30769230769230754,Decision Tree
2518,Waitlist,0.05594405594405592,Decision Tree
2520,Admit,1.0,Decision Tree
2521,Waitlist,0.2799999999999998,Decision Tree
2523,Waitlist,0.30769230769230754,Decision Tree
2524,Admit,1.0,Decision Tree
2525,Waitlist,0.4374999999999996,Decision Tree
2526,Waitlist,0.34782608695652145,Decision Tree
2527,Admit,1.0,Decision Tree
2528,Waitlist,0.21052631578947356,Decision Tree
2529,Waitlist,0.4374999999999996,Decision Tree
2530,Waitlist,0.05594405594405592,Decision Tree
2531,Waitlist,0.2799999999999998,Decision Tree
2532,Waitlist,0.30769230769230754,Decision Tree
2534,Waitlist,0.2799999999999998,Decision Tree
2535,Waitlist,0.05594405594405592,Decision Tree
2536,Waitlist,0.05594405594405592,Decision Tree
2537,Waitlist,0.4374999999999996,Decision Tree
2538,Waitlist,0.4807692307692302,Decision Tree
2539,Waitlist,0.4374999999999996,Decision Tree
2540,Waitlist,0.4374999999999996,Decision Tree
2541,Waitlist,0.30769230769230754,Decision Tree
2542,Waitlist,0.30769230769230754,Decision Tree
2544,Waitlist,0.4374999999999996,Decision Tree
2545,Admit,0.6896551724137931,Decision Tree
2547,Waitlist,0.30769230769230754,Decision Tree
2548,Waitlist,0.2799999999999998,Decision Tree
2549,Admit,1.0,Decision Tree
2550,Waitlist,0.37931034482758597,Decision Tree
2551,Waitlist,0.4374999999999996,Decision Tree
2552,Waitlist,0.30769230769230754,Decision Tree
2553,Waitlist,0.30769230769230754,Decision Tree
2554,Waitlist,0.30769230769230754,Decision Tree
2555,Waitlist,0.05594405594405592,Decision Tree
2556,Waitlist,0.4374999999999996,Decision Tree
2557,Admit,0.6666666666666664,Decision Tree
2558,Waitlist,0.4374999999999996,Decision Tree
2559,Waitlist,0.30769230769230754,Decision Tree
2560,Waitlist,0.4374999999999996,Decision Tree
2561,Waitlist,0.2799999999999998,Decision Tree
2562,Waitlist,0.2799999999999998,Decision Tree
2563,Waitlist,0.05594405594405592,Decision Tree
2564,Waitlist,0.05594405594405592,Decision Tree
2565,Admit,1.0,Decision Tree
2567,Waitlist,0.05594405594405592,Decision Tree
2568,Waitlist,0.30769230769230754,Decision Tree
2569,Waitlist,0.30769230769230754,Decision Tree
2570,Waitlist,0.34782608695652145,Decision Tree
2571,Waitlist,0.4807692307692302,Decision Tree
2572,Waitlist,0.05594405594405592,Decision Tree
2573,Admit,0.6896551724137931,Decision Tree
2574,Admit,1.0,Decision Tree
2575,Admit,1.0,Decision Tree
2576,Waitlist,0.34782608695652145,Decision Tree
2577,Waitlist,0.4374999999999996,Decision Tree
2578,Admit,1.0,Decision Tree
2579,Waitlist,0.2799999999999998,Decision Tree
2580,Waitlist,0.21052631578947356,Decision Tree
2581,Waitlist,0.45454545454545464,Decision Tree
2582,Waitlist,0.30769230769230754,Decision Tree
2583,Admit,1.0,Decision Tree
2585,Admit,0.6785714285714286,Decision Tree
2586,Waitlist,0.30769230769230754,Decision Tree
2587,Waitlist,0.05594405594405592,Decision Tree
2588,Admit,0.7272727272727268,Decision Tree
2590,Admit,1.0,Decision Tree
2593,Waitlist,0.4374999999999996,Decision Tree
2594,Waitlist,0.21052631578947356,Decision Tree
2596,Admit,1.0,Decision Tree
2597,Admit,0.7954545454545454,Decision Tree
2598,Waitlist,0.4374999999999996,Decision Tree
2599,Waitlist,0.4374999999999996,Decision Tree
2600,Waitlist,0.2799999999999998,Decision Tree
2601,Waitlist,0.05594405594405592,Decision Tree
2602,Admit,1.0,Decision Tree
2603,Waitlist,0.4374999999999996,Decision Tree
2604,Waitlist,0.30769230769230754,Decision Tree
2605,Waitlist,0.05594405594405592,Decision Tree
2606,Waitlist,0.4374999999999996,Decision Tree
2607,Waitlist,0.2799999999999998,Decision Tree
2608,Waitlist,0.30769230769230754,Decision Tree
2610,Waitlist,0.30769230769230754,Decision Tree
2611,Admit,1.0,Decision Tree
2613,Admit,0.6785714285714286,Decision Tree
2614,Waitlist,0.2799999999999998,Decision Tree
2615,Waitlist,0.4374999999999996,Decision Tree
2616,Waitlist,0.4374999999999996,Decision Tree
2617,Waitlist,0.30769230769230754,Decision Tree
2618,Admit,1.0,Decision Tree
2620,Waitlist,0.4374999999999996,Decision Tree
2621,Waitlist,0.05594405594405592,Decision Tree
2623,Waitlist,0.4374999999999996,Decision Tree
2624,Admit,1.0,Decision Tree
2625,Waitlist,0.05594405594405592,Decision Tree
2626,Waitlist,0.4807692307692302,Decision Tree
2627,Waitlist,0.30769230769230754,Decision Tree
2628,Waitlist,0.30769230769230754,Decision Tree
2629,Waitlist,0.4374999999999996,Decision Tree
2630,Waitlist,0.4374999999999996,Decision Tree
2631,Waitlist,0.4374999999999996,Decision Tree
2632,Waitlist,0.2799999999999998,Decision Tree
2633,Waitlist,0.05594405594405592,Decision Tree
2634,Waitlist,0.05594405594405592,Decision Tree
2635,Waitlist,0.2799999999999998,Decision Tree
2637,Waitlist,0.34782608695652145,Decision Tree
2638,Waitlist,0.30769230769230754,Decision Tree
2639,Waitlist,0.34782608695652145,Decision Tree
2640,Waitlist,0.30769230769230754,Decision Tree
2641,Waitlist,0.45454545454545464,Decision Tree
2642,Admit,0.7954545454545454,Decision Tree
2643,Waitlist,0.4807692307692302,Decision Tree
2644,Waitlist,0.05594405594405592,Decision Tree
2645,Waitlist,0.2799999999999998,Decision Tree
2647,Waitlist,0.30769230769230754,Decision Tree
2649,Waitlist,0.05594405594405592,Decision Tree
2650,Admit,1.0,Decision Tree
2651,Waitlist,0.4374999999999996,Decision Tree
2652,Waitlist,0.34782608695652145,Decision Tree
2655,Waitlist,0.34782608695652145,Decision Tree
2656,Waitlist,0.30769230769230754,Decision Tree
2659,Waitlist,0.34782608695652145,Decision Tree
2660,Waitlist,0.30769230769230754,Decision Tree
2663,Waitlist,0.05594405594405592,Decision Tree
2664,Waitlist,0.4807692307692302,Decision Tree
2665,Waitlist,0.30769230769230754,Decision Tree
2666,Waitlist,0.4374999999999996,Decision Tree
2667,Waitlist,0.4374999999999996,Decision Tree
2668,Waitlist,0.2799999999999998,Decision Tree
2669,Waitlist,0.30769230769230754,Decision Tree
2670,Waitlist,0.30769230769230754,Decision Tree
2671,Waitlist,0.4374999999999996,Decision Tree
2673,Waitlist,0.05594405594405592,Decision Tree
2674,Waitlist,0.45454545454545464,Decision Tree
2675,Waitlist,0.30769230769230754,Decision Tree
2676,Waitlist,0.2799999999999998,Decision Tree
2679,Waitlist,0.34782608695652145,Decision Tree
2680,Waitlist,0.4374999999999996,Decision Tree
2681,Waitlist,0.2799999999999998,Decision Tree
2683,Waitlist,0.05594405594405592,Decision Tree
2685,Waitlist,0.05594405594405592,Decision Tree
2687,Waitlist,0.4374999999999996,Decision Tree
2688,Admit,1.0,Decision Tree
2689,Admit,1.0,Decision Tree
2691,Waitlist,0.4374999999999996,Decision Tree
2692,Waitlist,0.4374999999999996,Decision Tree
2695,Waitlist,0.21052631578947356,Decision Tree
2696,Waitlist,0.2799999999999998,Decision Tree
2697,Admit,0.7692307692307686,Decision Tree
2698,Waitlist,0.2799999999999998,Decision Tree
2699,Admit,0.7954545454545454,Decision Tree
2701,Waitlist,0.45454545454545464,Decision Tree
2702,Waitlist,0.45454545454545464,Decision Tree
2703,Waitlist,0.30769230769230754,Decision Tree
2704,Waitlist,0.2799999999999998,Decision Tree
2705,Waitlist,0.34782608695652145,Decision Tree
2706,Waitlist,0.05594405594405592,Decision Tree
2707,Waitlist,0.30769230769230754,Decision Tree
2709,Admit,1.0,Decision Tree
2710,Admit,0.7272727272727268,Decision Tree
2711,Waitlist,0.30769230769230754,Decision Tree
2712,Admit,0.6896551724137931,Decision Tree
2713,Waitlist,0.4374999999999996,Decision Tree
2714,Waitlist,0.20588235294117638,Decision Tree
2716,Waitlist,0.05594405594405592,Decision Tree
2717,Waitlist,0.30769230769230754,Decision Tree
2718,Waitlist,0.34782608695652145,Decision Tree
2719,Admit,0.6785714285714286,Decision Tree
2720,Admit,1.0,Decision Tree
2721,Waitlist,0.2799999999999998,Decision Tree
2722,Admit,1.0,Decision Tree
2723,Admit,0.6896551724137931,Decision Tree
2724,Admit,1.0,Decision Tree
2726,Waitlist,0.4374999999999996,Decision Tree
2727,Waitlist,0.4374999999999996,Decision Tree
2728,Waitlist,0.05594405594405592,Decision Tree
2729,Waitlist,0.21052631578947356,Decision Tree
2731,Waitlist,0.30769230769230754,Decision Tree
2732,Waitlist,0.34782608695652145,Decision Tree
2733,Admit,1.0,Decision Tree
2734,Waitlist,0.05594405594405592,Decision Tree
2735,Admit,0.6785714285714286,Decision Tree
2736,Waitlist,0.30769230769230754,Decision Tree
2737,Admit,1.0,Decision Tree
2738,Waitlist,0.05594405594405592,Decision Tree
2739,Waitlist,0.30769230769230754,Decision Tree
2740,Waitlist,0.05594405594405592,Decision Tree
2744,Admit,0.6785714285714286,Decision Tree
2745,Waitlist,0.4374999999999996,Decision Tree
2747,Waitlist,0.34545454545454524,Decision Tree
2748,Admit,1.0,Decision Tree
2749,Waitlist,0.05594405594405592,Decision Tree
2750,Waitlist,0.4374999999999996,Decision Tree
2751,Waitlist,0.30769230769230754,Decision Tree
2752,Waitlist,0.05594405594405592,Decision Tree
2753,Waitlist,0.4374999999999996,Decision Tree
2754,Waitlist,0.30769230769230754,Decision Tree
2755,Waitlist,0.4374999999999996,Decision Tree
2756,Waitlist,0.4374999999999996,Decision Tree
2757,Waitlist,0.30769230769230754,Decision Tree
2758,Waitlist,0.05594405594405592,Decision Tree
2759,Waitlist,0.4807692307692302,Decision Tree
2760,Waitlist,0.4374999999999996,Decision Tree
2761,Waitlist,0.45454545454545464,Decision Tree
2762,Waitlist,0.4374999999999996,Decision Tree
2763,Waitlist,0.05594405594405592,Decision Tree
2765,Waitlist,0.30769230769230754,Decision Tree
2766,Waitlist,0.30769230769230754,Decision Tree
2768,Admit,1.0,Decision Tree
2769,Waitlist,0.30769230769230754,Decision Tree
2770,Waitlist,0.30769230769230754,Decision Tree
2771,Admit,0.6666666666666664,Decision Tree
2773,Waitlist,0.34782608695652145,Decision Tree
2774,Admit,1.0,Decision Tree
2777,Waitlist,0.30769230769230754,Decision Tree
2778,Waitlist,0.30769230769230754,Decision Tree
2779,Waitlist,0.05594405594405592,Decision Tree
2780,Admit,0.7954545454545454,Decision Tree
2782,Waitlist,0.05594405594405592,Decision Tree
2783,Waitlist,0.2799999999999998,Decision Tree
2784,Waitlist,0.4374999999999996,Decision Tree
2785,Waitlist,0.30769230769230754,Decision Tree
2787,Waitlist,0.30769230769230754,Decision Tree
2788,Waitlist,0.4374999999999996,Decision Tree
2789,Admit,1.0,Decision Tree
2791,Waitlist,0.4374999999999996,Decision Tree
2792,Waitlist,0.4807692307692302,Decision Tree
2793,Waitlist,0.20588235294117638,Decision Tree
2794,Waitlist,0.30769230769230754,Decision Tree
2795,Waitlist,0.34545454545454524,Decision Tree
2796,Waitlist,0.4374999999999996,Decision Tree
2797,Waitlist,0.30769230769230754,Decision Tree
2799,Waitlist,0.30769230769230754,Decision Tree
2800,Waitlist,0.30769230769230754,Decision Tree
2801,Waitlist,0.05594405594405592,Decision Tree
2804,Waitlist,0.05594405594405592,Decision Tree
2805,Admit,0.7954545454545454,Decision Tree
2806,Waitlist,0.4374999999999996,Decision Tree
2807,Waitlist,0.4374999999999996,Decision Tree
2808,Waitlist,0.30769230769230754,Decision Tree
2809,Waitlist,0.05594405594405592,Decision Tree
2810,Waitlist,0.4374999999999996,Decision Tree
2811,Waitlist,0.4807692307692302,Decision Tree
2812,Waitlist,0.4374999999999996,Decision Tree
2813,Waitlist,0.4374999999999996,Decision Tree
2814,Waitlist,0.30769230769230754,Decision Tree
2815,Waitlist,0.30769230769230754,Decision Tree
2816,Waitlist,0.30769230769230754,Decision Tree
2817,Waitlist,0.4374999999999996,Decision Tree
2818,Waitlist,0.45454545454545464,Decision Tree
2820,Waitlist,0.4374999999999996,Decision Tree
2821,Admit,1.0,Decision Tree
2822,Waitlist,0.4374999999999996,Decision Tree
2823,Waitlist,0.30769230769230754,Decision Tree
2824,Waitlist,0.05594405594405592,Decision Tree
2825,Waitlist,0.4374999999999996,Decision Tree
2826,Waitlist,0.2799999999999998,Decision Tree
2828,Waitlist,0.05594405594405592,Decision Tree
2829,Admit,1.0,Decision Tree
2831,Waitlist,0.21052631578947356,Decision Tree
2832,Waitlist,0.34782608695652145,Decision Tree
2833,Waitlist,0.30769230769230754,Decision Tree
2834,Waitlist,0.05594405594405592,Decision Tree
2835,Waitlist,0.20588235294117638,Decision Tree
2836,Waitlist,0.4374999999999996,Decision Tree
2837,Waitlist,0.21052631578947356,Decision Tree
2838,Waitlist,0.30769230769230754,Decision Tree
2839,Waitlist,0.4374999999999996,Decision Tree
2840,Waitlist,0.20588235294117638,Decision Tree
2841,Waitlist,0.05594405594405592,Decision Tree
2842,Waitlist,0.4807692307692302,Decision Tree
2843,Waitlist,0.05594405594405592,Decision Tree
2844,Waitlist,0.20588235294117638,Decision Tree
2845,Waitlist,0.4807692307692302,Decision Tree
2846,Waitlist,0.30769230769230754,Decision Tree
2847,Waitlist,0.2799999999999998,Decision Tree
2848,Waitlist,0.4374999999999996,Decision Tree
2849,Admit,1.0,Decision Tree
2850,Waitlist,0.05594405594405592,Decision Tree
2851,Waitlist,0.21052631578947356,Decision Tree
2852,Waitlist,0.37931034482758597,Decision Tree
2853,Waitlist,0.2799999999999998,Decision Tree
2855,Waitlist,0.4374999999999996,Decision Tree
2856,Admit,0.7954545454545454,Decision Tree
2857,Waitlist,0.4374999999999996,Decision Tree
2858,Waitlist,0.05594405594405592,Decision Tree
2859,Waitlist,0.05594405594405592,Decision Tree
2861,Waitlist,0.30769230769230754,Decision Tree
2862,Waitlist,0.4374999999999996,Decision Tree
2863,Waitlist,0.37931034482758597,Decision Tree
2864,Waitlist,0.05594405594405592,Decision Tree
2865,Admit,0.6666666666666664,Decision Tree
2866,Waitlist,0.34782608695652145,Decision Tree
2867,Waitlist,0.4374999999999996,Decision Tree
2868,Waitlist,0.30769230769230754,Decision Tree
2869,Waitlist,0.2799999999999998,Decision Tree
2870,Waitlist,0.34782608695652145,Decision Tree
2871,Waitlist,0.4374999999999996,Decision Tree
2872,Waitlist,0.34782608695652145,Decision Tree
2873,Admit,1.0,Decision Tree
2874,Waitlist,0.4374999999999996,Decision Tree
2875,Waitlist,0.37931034482758597,Decision Tree
2876,Waitlist,0.2799999999999998,Decision Tree
2877,Waitlist,0.2799999999999998,Decision Tree
2878,Waitlist,0.30769230769230754,Decision Tree
2880,Waitlist,0.05594405594405592,Decision Tree
2881,Waitlist,0.30769230769230754,Decision Tree
2882,Waitlist,0.30769230769230754,Decision Tree
2883,Admit,1.0,Decision Tree
2884,Admit,1.0,Decision Tree
2885,Waitlist,0.05594405594405592,Decision Tree
2886,Waitlist,0.4374999999999996,Decision Tree
2887,Waitlist,0.30769230769230754,Decision Tree
2889,Waitlist,0.05594405594405592,Decision Tree
2890,Waitlist,0.30769230769230754,Decision Tree
2891,Waitlist,0.05594405594405592,Decision Tree
2892,Waitlist,0.05594405594405592,Decision Tree
2893,Admit,0.7272727272727268,Decision Tree
2894,Waitlist,0.4374999999999996,Decision Tree
2895,Waitlist,0.4807692307692302,Decision Tree
2896,Waitlist,0.34782608695652145,Decision Tree
2897,Waitlist,0.4374999999999996,Decision Tree
2898,Waitlist,0.05594405594405592,Decision Tree
2900,Waitlist,0.21052631578947356,Decision Tree
2901,Waitlist,0.4374999999999996,Decision Tree
2902,Admit,1.0,Decision Tree
2903,Waitlist,0.30769230769230754,Decision Tree
2904,Waitlist,0.30769230769230754,Decision Tree
2905,Waitlist,0.05594405594405592,Decision Tree
2906,Waitlist,0.30769230769230754,Decision Tree
2908,Admit,0.6666666666666664,Decision Tree
2909,Admit,1.0,Decision Tree
2910,Waitlist,0.20588235294117638,Decision Tree
2911,Waitlist,0.30769230769230754,Decision Tree
2912,Admit,0.7954545454545454,Decision Tree
2913,Waitlist,0.4374999999999996,Decision Tree
2915,Waitlist,0.4374999999999996,Decision Tree
2916,Waitlist,0.21052631578947356,Decision Tree
2917,Waitlist,0.37931034482758597,Decision Tree
2918,Admit,0.6666666666666664,Decision Tree
2919,Waitlist,0.4374999999999996,Decision Tree
2920,Admit,1.0,Decision Tree
2921,Waitlist,0.37931034482758597,Decision Tree
2922,Waitlist,0.2799999999999998,Decision Tree
2923,Waitlist,0.05594405594405592,Decision Tree
2924,Waitlist,0.45454545454545464,Decision Tree
2925,Admit,1.0,Decision Tree
2926,Admit,1.0,Decision Tree
2927,Admit,1.0,Decision Tree
2928,Waitlist,0.4374999999999996,Decision Tree
2929,Waitlist,0.30769230769230754,Decision Tree
2930,Admit,1.0,Decision Tree
2931,Waitlist,0.4374999999999996,Decision Tree
2932,Admit,1.0,Decision Tree
2933,Admit,1.0,Decision Tree
2934,Waitlist,0.05594405594405592,Decision Tree
2935,Waitlist,0.30769230769230754,Decision Tree
2936,Waitlist,0.30769230769230754,Decision Tree
2937,Admit,0.7954545454545454,Decision Tree
2938,Waitlist,0.2799999999999998,Decision Tree
2939,Waitlist,0.45454545454545464,Decision Tree
2940,Waitlist,0.4807692307692302,Decision Tree
2941,Waitlist,0.4374999999999996,Decision Tree
2942,Waitlist,0.05594405594405592,Decision Tree
2943,Waitlist,0.4374999999999996,Decision Tree
2944,Waitlist,0.34782608695652145,Decision Tree
2945,Waitlist,0.21052631578947356,Decision Tree
2946,Waitlist,0.30769230769230754,Decision Tree
2947,Waitlist,0.34782608695652145,Decision Tree
2948,Waitlist,0.2799999999999998,Decision Tree
2949,Waitlist,0.05594405594405592,Decision Tree
2950,Waitlist,0.34782608695652145,Decision Tree
2951,Waitlist,0.30769230769230754,Decision Tree
2952,Admit,1.0,Decision Tree
2953,Admit,1.0,Decision Tree
2954,Waitlist,0.30769230769230754,Decision Tree
2955,Waitlist,0.2799999999999998,Decision Tree
2956,Admit,0.7954545454545454,Decision Tree
2957,Waitlist,0.2799999999999998,Decision Tree
2958,Waitlist,0.30769230769230754,Decision Tree
2959,Waitlist,0.4374999999999996,Decision Tree
2960,Waitlist,0.30769230769230754,Decision Tree
2962,Waitlist,0.05594405594405592,Decision Tree
2963,Waitlist,0.30769230769230754,Decision Tree
2964,Waitlist,0.05594405594405592,Decision Tree
2965,Waitlist,0.05594405594405592,Decision Tree
2966,Waitlist,0.4374999999999996,Decision Tree
2967,Waitlist,0.21052631578947356,Decision Tree
2968,Waitlist,0.30769230769230754,Decision Tree
2969,Admit,1.0,Decision Tree
2970,Waitlist,0.05594405594405592,Decision Tree
2971,Waitlist,0.4374999999999996,Decision Tree
2972,Admit,0.7954545454545454,Decision Tree
2973,Waitlist,0.34782608695652145,Decision Tree
2975,Waitlist,0.05594405594405592,Decision Tree
2976,Waitlist,0.34782608695652145,Decision Tree
2977,Waitlist,0.30769230769230754,Decision Tree
2978,Admit,1.0,Decision Tree
2979,Waitlist,0.2799999999999998,Decision Tree
2980,Waitlist,0.05594405594405592,Decision Tree
2982,Admit,1.0,Decision Tree
2984,Waitlist,0.4374999999999996,Decision Tree
2985,Waitlist,0.05594405594405592,Decision Tree
2986,Waitlist,0.30769230769230754,Decision Tree
2987,Waitlist,0.4374999999999996,Decision Tree
2989,Waitlist,0.4807692307692302,Decision Tree
2990,Waitlist,0.2799999999999998,Decision Tree
2991,Waitlist,0.34782608695652145,Decision Tree
2992,Waitlist,0.4374999999999996,Decision Tree
2993,Admit,0.6666666666666664,Decision Tree
2994,Waitlist,0.30769230769230754,Decision Tree
2995,Admit,1.0,Decision Tree
2996,Waitlist,0.34545454545454524,Decision Tree
2997,Waitlist,0.34782608695652145,Decision Tree
2998,Waitlist,0.05594405594405592,Decision Tree
2999,Waitlist,0.05594405594405592,Decision Tree
3002,Admit,1.0,Decision Tree
3003,Waitlist,0.05594405594405592,Decision Tree
3004,Waitlist,0.4807692307692302,Decision Tree
3005,Waitlist,0.05594405594405592,Decision Tree
3006,Waitlist,0.05594405594405592,Decision Tree
3007,Waitlist,0.4807692307692302,Decision Tree
3008,Admit,1.0,Decision Tree
3009,Waitlist,0.2799999999999998,Decision Tree
3010,Waitlist,0.34545454545454524,Decision Tree
3011,Waitlist,0.30769230769230754,Decision Tree
3012,Waitlist,0.34545454545454524,Decision Tree
3013,Admit,1.0,Decision Tree
3014,Waitlist,0.4374999999999996,Decision Tree
3016,Waitlist,0.05594405594405592,Decision Tree
3017,Admit,1.0,Decision Tree
3018,Waitlist,0.30769230769230754,Decision Tree
3019,Waitlist,0.05594405594405592,Decision Tree
3022,Waitlist,0.2799999999999998,Decision Tree
3023,Waitlist,0.21052631578947356,Decision Tree
3024,Waitlist,0.2799999999999998,Decision Tree
3026,Waitlist,0.21052631578947356,Decision Tree
3027,Waitlist,0.4374999999999996,Decision Tree
3028,Waitlist,0.4374999999999996,Decision Tree
3029,Admit,1.0,Decision Tree
3031,Admit,0.7692307692307686,Decision Tree
3032,Admit,0.7954545454545454,Decision Tree
3033,Waitlist,0.34782608695652145,Decision Tree
3035,Waitlist,0.21052631578947356,Decision Tree
3038,Waitlist,0.4374999999999996,Decision Tree
3039,Waitlist,0.30769230769230754,Decision Tree
3040,Waitlist,0.34782608695652145,Decision Tree
3041,Waitlist,0.05594405594405592,Decision Tree
3042,Waitlist,0.30769230769230754,Decision Tree
3043,Waitlist,0.34782608695652145,Decision Tree
3045,Waitlist,0.2799999999999998,Decision Tree
3046,Admit,1.0,Decision Tree
3047,Waitlist,0.4374999999999996,Decision Tree
3049,Waitlist,0.4374999999999996,Decision Tree
3051,Admit,1.0,Decision Tree
3052,Admit,0.7272727272727268,Decision Tree
3053,Waitlist,0.05594405594405592,Decision Tree
3054,Waitlist,0.37931034482758597,Decision Tree
3055,Waitlist,0.05594405594405592,Decision Tree
3056,Waitlist,0.2799999999999998,Decision Tree
3057,Admit,0.7954545454545454,Decision Tree
3058,Admit,0.7692307692307686,Decision Tree
3059,Waitlist,0.05594405594405592,Decision Tree
3060,Waitlist,0.4374999999999996,Decision Tree
3061,Admit,1.0,Decision Tree
3062,Waitlist,0.30769230769230754,Decision Tree
3063,Waitlist,0.30769230769230754,Decision Tree
3065,Waitlist,0.34545454545454524,Decision Tree
3066,Waitlist,0.05594405594405592,Decision Tree
3069,Waitlist,0.4374999999999996,Decision Tree
3070,Admit,1.0,Decision Tree
3072,Waitlist,0.2799999999999998,Decision Tree
3074,Waitlist,0.2799999999999998,Decision Tree
3075,Waitlist,0.2799999999999998,Decision Tree
3076,Waitlist,0.05594405594405592,Decision Tree
3077,Waitlist,0.34782608695652145,Decision Tree
3078,Waitlist,0.34782608695652145,Decision Tree
3079,Waitlist,0.05594405594405592,Decision Tree
3080,Waitlist,0.4374999999999996,Decision Tree
3081,Waitlist,0.45454545454545464,Decision Tree
3082,Waitlist,0.2799999999999998,Decision Tree
3084,Waitlist,0.2799999999999998,Decision Tree
3085,Waitlist,0.30769230769230754,Decision Tree
3087,Waitlist,0.34782608695652145,Decision Tree
3088,Admit,0.6896551724137931,Decision Tree
3089,Admit,0.7272727272727268,Decision Tree
3090,Waitlist,0.4374999999999996,Decision Tree
3092,Admit,1.0,Decision Tree
3093,Waitlist,0.30769230769230754,Decision Tree
3094,Waitlist,0.34782608695652145,Decision Tree
3095,Admit,0.6666666666666664,Decision Tree
3096,Admit,1.0,Decision Tree
3098,Waitlist,0.05594405594405592,Decision Tree
3099,Waitlist,0.37931034482758597,Decision Tree
3100,Waitlist,0.30769230769230754,Decision Tree
3101,Waitlist,0.4374999999999996,Decision Tree
3102,Waitlist,0.4374999999999996,Decision Tree
3103,Waitlist,0.05594405594405592,Decision Tree
3104,Waitlist,0.4374999999999996,Decision Tree
3105,Waitlist,0.4374999999999996,Decision Tree
3107,Waitlist,0.30769230769230754,Decision Tree
3108,Waitlist,0.2799999999999998,Decision Tree
3109,Waitlist,0.05594405594405592,Decision Tree
3110,Waitlist,0.21052631578947356,Decision Tree
3111,Waitlist,0.2799999999999998,Decision Tree
3112,Waitlist,0.34782608695652145,Decision Tree
3113,Waitlist,0.37931034482758597,Decision Tree
3114,Waitlist,0.30769230769230754,Decision Tree
3115,Waitlist,0.30769230769230754,Decision Tree
3116,Waitlist,0.21052631578947356,Decision Tree
3117,Waitlist,0.30769230769230754,Decision Tree
3118,Waitlist,0.05594405594405592,Decision Tree
3119,Waitlist,0.4374999999999996,Decision Tree
3120,Waitlist,0.4374999999999996,Decision Tree
3121,Waitlist,0.4374999999999996,Decision Tree
3122,Admit,0.6666666666666664,Decision Tree
3123,Waitlist,0.30769230769230754,Decision Tree
3124,Waitlist,0.4374999999999996,Decision Tree
3125,Admit,1.0,Decision Tree
3126,Admit,0.6896551724137931,Decision Tree
3127,Admit,1.0,Decision Tree
3128,Waitlist,0.05594405594405592,Decision Tree
3129,Waitlist,0.30769230769230754,Decision Tree
3130,Waitlist,0.30769230769230754,Decision Tree
3131,Waitlist,0.30769230769230754,Decision Tree
3132,Waitlist,0.4807692307692302,Decision Tree
3133,Waitlist,0.05594405594405592,Decision Tree
3134,Waitlist,0.2799999999999998,Decision Tree
3135,Admit,1.0,Decision Tree
3136,Admit,1.0,Decision Tree
3137,Waitlist,0.4374999999999996,Decision Tree
3138,Waitlist,0.05594405594405592,Decision Tree
3139,Waitlist,0.45454545454545464,Decision Tree
3140,Waitlist,0.4374999999999996,Decision Tree
3141,Waitlist,0.4374999999999996,Decision Tree
3142,Waitlist,0.4374999999999996,Decision Tree
3143,Waitlist,0.30769230769230754,Decision Tree
3144,Admit,1.0,Decision Tree
3145,Waitlist,0.3749999999999997,Decision Tree
3146,Admit,0.6666666666666664,Decision Tree
3147,Waitlist,0.34782608695652145,Decision Tree
3148,Admit,0.7954545454545454,Decision Tree
3149,Waitlist,0.4374999999999996,Decision Tree
3150,Waitlist,0.30769230769230754,Decision Tree
3151,Waitlist,0.4374999999999996,Decision Tree
3152,Admit,0.7692307692307686,Decision Tree
3154,Waitlist,0.4374999999999996,Decision Tree
3155,Waitlist,0.05594405594405592,Decision Tree
3156,Admit,0.7954545454545454,Decision Tree
3157,Waitlist,0.05594405594405592,Decision Tree
3158,Waitlist,0.4374999999999996,Decision Tree
3160,Waitlist,0.4807692307692302,Decision Tree
3161,Waitlist,0.34782608695652145,Decision Tree
3163,Waitlist,0.30769230769230754,Decision Tree
3164,Waitlist,0.30769230769230754,Decision Tree
3165,Waitlist,0.30769230769230754,Decision Tree
3166,Waitlist,0.05594405594405592,Decision Tree
3169,Admit,0.7692307692307686,Decision Tree
3171,Admit,1.0,Decision Tree
3173,Waitlist,0.05594405594405592,Decision Tree
3174,Admit,1.0,Decision Tree
3175,Waitlist,0.05594405594405592,Decision Tree
3176,Waitlist,0.05594405594405592,Decision Tree
3178,Waitlist,0.2799999999999998,Decision Tree
3179,Admit,1.0,Decision Tree
3180,Waitlist,0.4374999999999996,Decision Tree
3182,Waitlist,0.4807692307692302,Decision Tree
3183,Waitlist,0.2799999999999998,Decision Tree
3186,Waitlist,0.05594405594405592,Decision Tree
3187,Waitlist,0.4807692307692302,Decision Tree
3188,Waitlist,0.05594405594405592,Decision Tree
3189,Waitlist,0.05594405594405592,Decision Tree
3190,Waitlist,0.4374999999999996,Decision Tree
3191,Waitlist,0.4374999999999996,Decision Tree
3192,Admit,1.0,Decision Tree
3193,Waitlist,0.30769230769230754,Decision Tree
3194,Waitlist,0.05594405594405592,Decision Tree
3195,Waitlist,0.05594405594405592,Decision Tree
3196,Waitlist,0.05594405594405592,Decision Tree
3197,Waitlist,0.2799999999999998,Decision Tree
3198,Waitlist,0.30769230769230754,Decision Tree
3199,Waitlist,0.05594405594405592,Decision Tree
3200,Waitlist,0.2799999999999998,Decision Tree
3201,Waitlist,0.45454545454545464,Decision Tree
3202,Admit,1.0,Decision Tree
3203,Waitlist,0.20588235294117638,Decision Tree
3204,Waitlist,0.05594405594405592,Decision Tree
3205,Waitlist,0.4374999999999996,Decision Tree
3206,Admit,0.6666666666666664,Decision Tree
3207,Admit,1.0,Decision Tree
3209,Waitlist,0.05594405594405592,Decision Tree
3210,Waitlist,0.4374999999999996,Decision Tree
3211,Waitlist,0.4374999999999996,Decision Tree
3212,Admit,0.7954545454545454,Decision Tree
3213,Waitlist,0.4374999999999996,Decision Tree
3214,Waitlist,0.05594405594405592,Decision Tree
3216,Admit,0.7954545454545454,Decision Tree
3217,Waitlist,0.2799999999999998,Decision Tree
3218,Waitlist,0.4374999999999996,Decision Tree
3220,Waitlist,0.37931034482758597,Decision Tree
3221,Waitlist,0.30769230769230754,Decision Tree
3223,Waitlist,0.05594405594405592,Decision Tree
3224,Waitlist,0.45454545454545464,Decision Tree
3226,Waitlist,0.4374999999999996,Decision Tree
3228,Admit,0.7954545454545454,Decision Tree
3229,Admit,1.0,Decision Tree
3230,Waitlist,0.30769230769230754,Decision Tree
3231,Admit,0.7954545454545454,Decision Tree
3232,Admit,1.0,Decision Tree
3233,Waitlist,0.2799999999999998,Decision Tree
3234,Waitlist,0.30769230769230754,Decision Tree
3235,Waitlist,0.4374999999999996,Decision Tree
3236,Admit,1.0,Decision Tree
3237,Waitlist,0.4374999999999996,Decision Tree
3238,Waitlist,0.4374999999999996,Decision Tree
3240,Admit,1.0,Decision Tree
3241,Admit,1.0,Decision Tree
3242,Waitlist,0.34782608695652145,Decision Tree
3243,Waitlist,0.05594405594405592,Decision Tree
3244,Waitlist,0.34782608695652145,Decision Tree
3245,Waitlist,0.34782608695652145,Decision Tree
3246,Waitlist,0.05594405594405592,Decision Tree
3247,Waitlist,0.05594405594405592,Decision Tree
3248,Waitlist,0.05594405594405592,Decision Tree
3249,Waitlist,0.30769230769230754,Decision Tree
3250,Waitlist,0.34782608695652145,Decision Tree
3251,Waitlist,0.30769230769230754,Decision Tree
3252,Admit,0.6785714285714286,Decision Tree
3257,Waitlist,0.2799999999999998,Decision Tree
3258,Admit,1.0,Decision Tree
3259,Waitlist,0.05594405594405592,Decision Tree
3260,Admit,1.0,Decision Tree
3261,Waitlist,0.20588235294117638,Decision Tree
3262,Waitlist,0.30769230769230754,Decision Tree
3263,Waitlist,0.37931034482758597,Decision Tree
3264,Admit,1.0,Decision Tree
3266,Waitlist,0.05594405594405592,Decision Tree
3267,Admit,0.7692307692307686,Decision Tree
3268,Waitlist,0.34782608695652145,Decision Tree
3269,Waitlist,0.30769230769230754,Decision Tree
3270,Waitlist,0.05594405594405592,Decision Tree
3271,Waitlist,0.45454545454545464,Decision Tree
3272,Admit,0.7954545454545454,Decision Tree
3273,Waitlist,0.30769230769230754,Decision Tree
3274,Waitlist,0.05594405594405592,Decision Tree
3275,Waitlist,0.4374999999999996,Decision Tree
3276,Waitlist,0.05594405594405592,Decision Tree
3277,Waitlist,0.4374999999999996,Decision Tree
3278,Admit,0.6785714285714286,Decision Tree
3279,Waitlist,0.4374999999999996,Decision Tree
3282,Waitlist,0.4374999999999996,Decision Tree
3283,Admit,1.0,Decision Tree
3284,Waitlist,0.4374999999999996,Decision Tree
3285,Waitlist,0.4807692307692302,Decision Tree
3286,Waitlist,0.4374999999999996,Decision Tree
3287,Waitlist,0.30769230769230754,Decision Tree
3288,Waitlist,0.05594405594405592,Decision Tree
3289,Admit,1.0,Decision Tree
3290,Waitlist,0.4374999999999996,Decision Tree
3291,Waitlist,0.30769230769230754,Decision Tree
3292,Admit,0.7954545454545454,Decision Tree
3293,Admit,0.6896551724137931,Decision Tree
3294,Waitlist,0.05594405594405592,Decision Tree
3295,Waitlist,0.30769230769230754,Decision Tree
3297,Waitlist,0.30769230769230754,Decision Tree
3298,Waitlist,0.4374999999999996,Decision Tree
3299,Waitlist,0.2799999999999998,Decision Tree
3301,Waitlist,0.05594405594405592,Decision Tree
3302,Waitlist,0.4374999999999996,Decision Tree
3303,Waitlist,0.30769230769230754,Decision Tree
3304,Waitlist,0.4374999999999996,Decision Tree
3305,Waitlist,0.3749999999999997,Decision Tree
3306,Admit,1.0,Decision Tree
3307,Waitlist,0.45454545454545464,Decision Tree
3308,Waitlist,0.30769230769230754,Decision Tree
3311,Admit,1.0,Decision Tree
3312,Waitlist,0.34782608695652145,Decision Tree
3313,Waitlist,0.05594405594405592,Decision Tree
3314,Waitlist,0.4374999999999996,Decision Tree
3315,Waitlist,0.34782608695652145,Decision Tree
3316,Waitlist,0.4374999999999996,Decision Tree
3317,Waitlist,0.05594405594405592,Decision Tree
3318,Waitlist,0.30769230769230754,Decision Tree
3319,Waitlist,0.34782608695652145,Decision Tree
3320,Waitlist,0.4374999999999996,Decision Tree
3321,Admit,0.6896551724137931,Decision Tree
3322,Waitlist,0.05594405594405592,Decision Tree
3323,Waitlist,0.2799999999999998,Decision Tree
3324,Admit,0.6666666666666664,Decision Tree
3325,Waitlist,0.4374999999999996,Decision Tree
3326,Waitlist,0.30769230769230754,Decision Tree
3328,Waitlist,0.30769230769230754,Decision Tree
3329,Waitlist,0.05594405594405592,Decision Tree
3330,Waitlist,0.4374999999999996,Decision Tree
3331,Waitlist,0.05594405594405592,Decision Tree
3332,Waitlist,0.20588235294117638,Decision Tree
3333,Waitlist,0.30769230769230754,Decision Tree
3334,Waitlist,0.05594405594405592,Decision Tree
3335,Waitlist,0.3749999999999997,Decision Tree
3336,Waitlist,0.2799999999999998,Decision Tree
3337,Waitlist,0.4374999999999996,Decision Tree
3338,Waitlist,0.4374999999999996,Decision Tree
3339,Waitlist,0.4374999999999996,Decision Tree
3340,Waitlist,0.4374999999999996,Decision Tree
3343,Admit,0.7692307692307686,Decision Tree
3344,Waitlist,0.4807692307692302,Decision Tree
3346,Waitlist,0.30769230769230754,Decision Tree
3347,Waitlist,0.21052631578947356,Decision Tree
3348,Waitlist,0.4374999999999996,Decision Tree
3349,Admit,0.7954545454545454,Decision Tree
3350,Waitlist,0.4374999999999996,Decision Tree
3351,Waitlist,0.30769230769230754,Decision Tree
3352,Waitlist,0.30769230769230754,Decision Tree
3353,Waitlist,0.37931034482758597,Decision Tree
3354,Waitlist,0.30769230769230754,Decision Tree
3355,Waitlist,0.21052631578947356,Decision Tree
3356,Waitlist,0.30769230769230754,Decision Tree
3357,Waitlist,0.4807692307692302,Decision Tree
3358,Waitlist,0.4374999999999996,Decision Tree
3359,Waitlist,0.30769230769230754,Decision Tree
3361,Waitlist,0.2799999999999998,Decision Tree
3363,Waitlist,0.4374999999999996,Decision Tree
3365,Waitlist,0.2799999999999998,Decision Tree
3366,Waitlist,0.30769230769230754,Decision Tree
3367,Waitlist,0.4374999999999996,Decision Tree
3368,Waitlist,0.05594405594405592,Decision Tree
3369,Waitlist,0.4374999999999996,Decision Tree
3370,Waitlist,0.30769230769230754,Decision Tree
3371,Waitlist,0.05594405594405592,Decision Tree
3372,Admit,0.6785714285714286,Decision Tree
3373,Waitlist,0.4374999999999996,Decision Tree
3374,Waitlist,0.34782608695652145,Decision Tree
3375,Waitlist,0.30769230769230754,Decision Tree
3376,Admit,0.7692307692307686,Decision Tree
3377,Waitlist,0.20588235294117638,Decision Tree
3378,Waitlist,0.3749999999999997,Decision Tree
3379,Admit,0.6666666666666664,Decision Tree
3381,Waitlist,0.2799999999999998,Decision Tree
3382,Waitlist,0.05594405594405592,Decision Tree
3383,Waitlist,0.34782608695652145,Decision Tree
3384,Waitlist,0.30769230769230754,Decision Tree
3385,Waitlist,0.30769230769230754,Decision Tree
3386,Waitlist,0.4374999999999996,Decision Tree
3387,Waitlist,0.30769230769230754,Decision Tree
3388,Admit,1.0,Decision Tree
3389,Waitlist,0.05594405594405592,Decision Tree
3390,Waitlist,0.2799999999999998,Decision Tree
3391,Admit,1.0,Decision Tree
3392,Waitlist,0.2799999999999998,Decision Tree
3393,Waitlist,0.05594405594405592,Decision Tree
3395,Waitlist,0.34782608695652145,Decision Tree
3396,Waitlist,0.4374999999999996,Decision Tree
3398,Admit,1.0,Decision Tree
3399,Waitlist,0.4374999999999996,Decision Tree
3400,Waitlist,0.34782608695652145,Decision Tree
3401,Admit,0.7954545454545454,Decision Tree
3402,Waitlist,0.30769230769230754,Decision Tree
3403,Waitlist,0.05594405594405592,Decision Tree
3404,Admit,0.7692307692307686,Decision Tree
3405,Admit,0.7692307692307686,Decision Tree
3406,Waitlist,0.30769230769230754,Decision Tree
3407,Admit,1.0,Decision Tree
3408,Waitlist,0.30769230769230754,Decision Tree
3412,Waitlist,0.30769230769230754,Decision Tree
3413,Waitlist,0.4374999999999996,Decision Tree
3414,Waitlist,0.4374999999999996,Decision Tree
3415,Waitlist,0.4807692307692302,Decision Tree
3416,Waitlist,0.30769230769230754,Decision Tree
3417,Waitlist,0.30769230769230754,Decision Tree
3418,Admit,1.0,Decision Tree
3419,Waitlist,0.30769230769230754,Decision Tree
3420,Waitlist,0.21052631578947356,Decision Tree
3421,Waitlist,0.37931034482758597,Decision Tree
3422,Admit,1.0,Decision Tree
3423,Waitlist,0.05594405594405592,Decision Tree
3424,Waitlist,0.34545454545454524,Decision Tree
3425,Waitlist,0.05594405594405592,Decision Tree
3426,Admit,1.0,Decision Tree
3427,Waitlist,0.4374999999999996,Decision Tree
3428,Waitlist,0.30769230769230754,Decision Tree
3429,Waitlist,0.2799999999999998,Decision Tree
3430,Waitlist,0.30769230769230754,Decision Tree
3431,Waitlist,0.45454545454545464,Decision Tree
3432,Waitlist,0.4807692307692302,Decision Tree
3433,Admit,1.0,Decision Tree
3434,Waitlist,0.05594405594405592,Decision Tree
3435,Waitlist,0.4807692307692302,Decision Tree
3436,Waitlist,0.2799999999999998,Decision Tree
3437,Waitlist,0.05594405594405592,Decision Tree
3438,Waitlist,0.34782608695652145,Decision Tree
3439,Waitlist,0.4374999999999996,Decision Tree
3440,Admit,0.6785714285714286,Decision Tree
3441,Waitlist,0.30769230769230754,Decision Tree
3442,Waitlist,0.4374999999999996,Decision Tree
3445,Waitlist,0.30769230769230754,Decision Tree
3447,Waitlist,0.30769230769230754,Decision Tree
3448,Waitlist,0.30769230769230754,Decision Tree
3449,Waitlist,0.2799999999999998,Decision Tree
3451,Waitlist,0.30769230769230754,Decision Tree
3452,Waitlist,0.34782608695652145,Decision Tree
3453,Waitlist,0.05594405594405592,Decision Tree
3454,Admit,0.7954545454545454,Decision Tree
3455,Waitlist,0.30769230769230754,Decision Tree
3456,Admit,1.0,Decision Tree
3457,Waitlist,0.30769230769230754,Decision Tree
3459,Waitlist,0.30769230769230754,Decision Tree
3460,Admit,1.0,Decision Tree
3461,Waitlist,0.4374999999999996,Decision Tree
3462,Waitlist,0.30769230769230754,Decision Tree
3464,Waitlist,0.4374999999999996,Decision Tree
3465,Waitlist,0.30769230769230754,Decision Tree
3466,Waitlist,0.21052631578947356,Decision Tree
3467,Waitlist,0.05594405594405592,Decision Tree
3468,Waitlist,0.34545454545454524,Decision Tree
3469,Waitlist,0.05594405594405592,Decision Tree
3470,Waitlist,0.21052631578947356,Decision Tree
3471,Waitlist,0.4374999999999996,Decision Tree
3472,Waitlist,0.4374999999999996,Decision Tree
3473,Waitlist,0.30769230769230754,Decision Tree
3474,Waitlist,0.05594405594405592,Decision Tree
3475,Admit,1.0,Decision Tree
3476,Waitlist,0.34782608695652145,Decision Tree
3477,Waitlist,0.05594405594405592,Decision Tree
3478,Waitlist,0.4374999999999996,Decision Tree
3479,Waitlist,0.4374999999999996,Decision Tree
3480,Waitlist,0.30769230769230754,Decision Tree
3481,Waitlist,0.2799999999999998,Decision Tree
3482,Admit,1.0,Decision Tree
3483,Admit,1.0,Decision Tree
3484,Admit,0.7954545454545454,Decision Tree
3485,Waitlist,0.34782608695652145,Decision Tree
3488,Waitlist,0.4374999999999996,Decision Tree
3489,Waitlist,0.21052631578947356,Decision Tree
3490,Waitlist,0.4374999999999996,Decision Tree
3491,Waitlist,0.4374999999999996,Decision Tree
3492,Admit,0.6785714285714286,Decision Tree
3493,Waitlist,0.2799999999999998,Decision Tree
3494,Admit,1.0,Decision Tree
3496,Waitlist,0.05594405594405592,Decision Tree
3497,Admit,1.0,Decision Tree
3498,Waitlist,0.4374999999999996,Decision Tree
3499,Waitlist,0.4374999999999996,Decision Tree
3500,Waitlist,0.4807692307692302,Decision Tree
3501,Waitlist,0.3749999999999997,Decision Tree
3502,Waitlist,0.4374999999999996,Decision Tree
3503,Waitlist,0.05594405594405592,Decision Tree
3504,Waitlist,0.20588235294117638,Decision Tree
3505,Waitlist,0.2799999999999998,Decision Tree
3507,Admit,1.0,Decision Tree
3508,Admit,0.7272727272727268,Decision Tree
3509,Waitlist,0.34782608695652145,Decision Tree
3510,Waitlist,0.4374999999999996,Decision Tree
3511,Waitlist,0.4374999999999996,Decision Tree
3512,Waitlist,0.30769230769230754,Decision Tree
3513,Waitlist,0.4374999999999996,Decision Tree
3514,Waitlist,0.34782608695652145,Decision Tree
3515,Waitlist,0.34545454545454524,Decision Tree
3517,Waitlist,0.05594405594405592,Decision Tree
3518,Waitlist,0.4807692307692302,Decision Tree
3519,Waitlist,0.05594405594405592,Decision Tree
3520,Waitlist,0.3749999999999997,Decision Tree
3521,Waitlist,0.4374999999999996,Decision Tree
3522,Waitlist,0.4374999999999996,Decision Tree
3523,Waitlist,0.4807692307692302,Decision Tree
3524,Waitlist,0.05594405594405592,Decision Tree
3525,Waitlist,0.30769230769230754,Decision Tree
3526,Waitlist,0.21052631578947356,Decision Tree
3527,Waitlist,0.4374999999999996,Decision Tree
3528,Waitlist,0.05594405594405592,Decision Tree
3529,Waitlist,0.2799999999999998,Decision Tree
3530,Waitlist,0.05594405594405592,Decision Tree
3531,Waitlist,0.05594405594405592,Decision Tree
3532,Waitlist,0.30769230769230754,Decision Tree
3534,Admit,1.0,Decision Tree
3535,Waitlist,0.30769230769230754,Decision Tree
3536,Waitlist,0.30769230769230754,Decision Tree
3537,Waitlist,0.4374999999999996,Decision Tree
3538,Waitlist,0.4374999999999996,Decision Tree
3540,Admit,1.0,Decision Tree
3541,Waitlist,0.30769230769230754,Decision Tree
3542,Waitlist,0.2799999999999998,Decision Tree
3543,Waitlist,0.05594405594405592,Decision Tree
3544,Waitlist,0.4374999999999996,Decision Tree
3545,Waitlist,0.30769230769230754,Decision Tree
3547,Waitlist,0.2799999999999998,Decision Tree
3548,Waitlist,0.05594405594405592,Decision Tree
3549,Waitlist,0.34782608695652145,Decision Tree
3550,Admit,0.6666666666666664,Decision Tree
3551,Waitlist,0.34782608695652145,Decision Tree
3553,Admit,0.6785714285714286,Decision Tree
3554,Waitlist,0.05594405594405592,Decision Tree
3555,Waitlist,0.34545454545454524,Decision Tree
3556,Admit,0.6666666666666664,Decision Tree
3557,Waitlist,0.2799999999999998,Decision Tree
3558,Waitlist,0.4374999999999996,Decision Tree
3559,Admit,0.7692307692307686,Decision Tree
3560,Admit,1.0,Decision Tree
3561,Waitlist,0.21052631578947356,Decision Tree
3562,Waitlist,0.4374999999999996,Decision Tree
3563,Waitlist,0.2799999999999998,Decision Tree
3564,Waitlist,0.05594405594405592,Decision Tree
3565,Waitlist,0.4374999999999996,Decision Tree
3566,Waitlist,0.4374999999999996,Decision Tree
3567,Waitlist,0.45454545454545464,Decision Tree
3568,Admit,0.7954545454545454,Decision Tree
3569,Waitlist,0.34782608695652145,Decision Tree
3570,Admit,0.7954545454545454,Decision Tree
3572,Waitlist,0.05594405594405592,Decision Tree
3573,Waitlist,0.05594405594405592,Decision Tree
3575,Waitlist,0.34782608695652145,Decision Tree
3576,Waitlist,0.05594405594405592,Decision Tree
3579,Waitlist,0.30769230769230754,Decision Tree
3580,Waitlist,0.3749999999999997,Decision Tree
3581,Waitlist,0.34782608695652145,Decision Tree
3583,Admit,1.0,Decision Tree
3584,Waitlist,0.30769230769230754,Decision Tree
3585,Admit,1.0,Decision Tree
3586,Admit,1.0,Decision Tree
3587,Waitlist,0.4374999999999996,Decision Tree
3588,Admit,1.0,Decision Tree
3589,Admit,1.0,Decision Tree
3590,Waitlist,0.4374999999999996,Decision Tree
3591,Admit,1.0,Decision Tree
3593,Waitlist,0.4807692307692302,Decision Tree
3595,Waitlist,0.05594405594405592,Decision Tree
3596,Waitlist,0.2799999999999998,Decision Tree
3597,Admit,0.6666666666666664,Decision Tree
3599,Waitlist,0.30769230769230754,Decision Tree
3600,Admit,1.0,Decision Tree
3601,Admit,0.7692307692307686,Decision Tree
3602,Waitlist,0.2799999999999998,Decision Tree
3603,Waitlist,0.2799999999999998,Decision Tree
3604,Waitlist,0.34782608695652145,Decision Tree
3605,Waitlist,0.4374999999999996,Decision Tree
3606,Waitlist,0.30769230769230754,Decision Tree
3607,Waitlist,0.30769230769230754,Decision Tree
3608,Waitlist,0.05594405594405592,Decision Tree
3609,Waitlist,0.4807692307692302,Decision Tree
3610,Waitlist,0.2799999999999998,Decision Tree
3611,Waitlist,0.05594405594405592,Decision Tree
3612,Admit,0.7954545454545454,Decision Tree
3614,Waitlist,0.2799999999999998,Decision Tree
3615,Waitlist,0.4374999999999996,Decision Tree
3617,Admit,1.0,Decision Tree
3618,Waitlist,0.4374999999999996,Decision Tree
3619,Waitlist,0.05594405594405592,Decision Tree
3621,Waitlist,0.4374999999999996,Decision Tree
3622,Waitlist,0.2799999999999998,Decision Tree
3623,Waitlist,0.4374999999999996,Decision Tree
3624,Waitlist,0.05594405594405592,Decision Tree
3625,Waitlist,0.05594405594405592,Decision Tree
3626,Waitlist,0.05594405594405592,Decision Tree
3627,Waitlist,0.05594405594405592,Decision Tree
3628,Waitlist,0.05594405594405592,Decision Tree
3629,Waitlist,0.4374999999999996,Decision Tree
3630,Waitlist,0.4374999999999996,Decision Tree
3631,Waitlist,0.30769230769230754,Decision Tree
3632,Admit,1.0,Decision Tree
3633,Waitlist,0.4374999999999996,Decision Tree
3635,Admit,1.0,Decision Tree
3636,Waitlist,0.4807692307692302,Decision Tree
3637,Waitlist,0.4374999999999996,Decision Tree
3638,Waitlist,0.30769230769230754,Decision Tree
3639,Waitlist,0.30769230769230754,Decision Tree
3641,Waitlist,0.4374999999999996,Decision Tree
3642,Waitlist,0.05594405594405592,Decision Tree
3643,Waitlist,0.05594405594405592,Decision Tree
3645,Waitlist,0.05594405594405592,Decision Tree
3646,Admit,0.7954545454545454,Decision Tree
3647,Waitlist,0.21052631578947356,Decision Tree
3648,Waitlist,0.34782608695652145,Decision Tree
3649,Waitlist,0.3749999999999997,Decision Tree
3650,Waitlist,0.21052631578947356,Decision Tree
3651,Waitlist,0.05594405594405592,Decision Tree
3652,Waitlist,0.30769230769230754,Decision Tree
3653,Waitlist,0.05594405594405592,Decision Tree
3654,Waitlist,0.30769230769230754,Decision Tree
3655,Admit,0.6666666666666664,Decision Tree
3656,Waitlist,0.34782608695652145,Decision Tree
3657,Admit,0.7954545454545454,Decision Tree
3658,Waitlist,0.30769230769230754,Decision Tree
3659,Waitlist,0.05594405594405592,Decision Tree
3660,Waitlist,0.4374999999999996,Decision Tree
3662,Admit,1.0,Decision Tree
3663,Waitlist,0.05594405594405592,Decision Tree
3665,Waitlist,0.30769230769230754,Decision Tree
3666,Admit,1.0,Decision Tree
3667,Waitlist,0.30769230769230754,Decision Tree
3668,Waitlist,0.34545454545454524,Decision Tree
3669,Waitlist,0.4374999999999996,Decision Tree
3670,Waitlist,0.4374999999999996,Decision Tree
3671,Waitlist,0.30769230769230754,Decision Tree
3672,Waitlist,0.30769230769230754,Decision Tree
3673,Admit,1.0,Decision Tree
3674,Waitlist,0.34782608695652145,Decision Tree
3675,Waitlist,0.30769230769230754,Decision Tree
3676,Waitlist,0.05594405594405592,Decision Tree
3677,Waitlist,0.34782608695652145,Decision Tree
3678,Admit,0.6666666666666664,Decision Tree
3679,Admit,1.0,Decision Tree
3680,Waitlist,0.4374999999999996,Decision Tree
3681,Waitlist,0.30769230769230754,Decision Tree
3683,Waitlist,0.4374999999999996,Decision Tree
3684,Waitlist,0.05594405594405592,Decision Tree
3685,Waitlist,0.05594405594405592,Decision Tree
3686,Admit,0.6666666666666664,Decision Tree
3687,Waitlist,0.4374999999999996,Decision Tree
3688,Waitlist,0.4374999999999996,Decision Tree
3689,Waitlist,0.05594405594405592,Decision Tree
3690,Waitlist,0.4374999999999996,Decision Tree
3691,Admit,0.7954545454545454,Decision Tree
3692,Waitlist,0.4374999999999996,Decision Tree
3693,Waitlist,0.34782608695652145,Decision Tree
3694,Admit,1.0,Decision Tree
3695,Waitlist,0.45454545454545464,Decision Tree
3696,Waitlist,0.05594405594405592,Decision Tree
3697,Waitlist,0.05594405594405592,Decision Tree
3698,Waitlist,0.05594405594405592,Decision Tree
3699,Waitlist,0.05594405594405592,Decision Tree
3700,Waitlist,0.4374999999999996,Decision Tree
3701,Waitlist,0.4374999999999996,Decision Tree
3702,Waitlist,0.30769230769230754,Decision Tree
3703,Waitlist,0.4374999999999996,Decision Tree
3705,Waitlist,0.34545454545454524,Decision Tree
3706,Waitlist,0.45454545454545464,Decision Tree
3707,Waitlist,0.05594405594405592,Decision Tree
3708,Waitlist,0.30769230769230754,Decision Tree
3709,Waitlist,0.2799999999999998,Decision Tree
3710,Waitlist,0.4374999999999996,Decision Tree
3711,Waitlist,0.05594405594405592,Decision Tree
3712,Waitlist,0.34782608695652145,Decision Tree
3713,Waitlist,0.2799999999999998,Decision Tree
3714,Waitlist,0.4807692307692302,Decision Tree
3715,Waitlist,0.05594405594405592,Decision Tree
3716,Admit,1.0,Decision Tree
3717,Waitlist,0.20588235294117638,Decision Tree
3718,Waitlist,0.05594405594405592,Decision Tree
3719,Waitlist,0.30769230769230754,Decision Tree
3720,Waitlist,0.30769230769230754,Decision Tree
3721,Admit,1.0,Decision Tree
3722,Admit,0.7954545454545454,Decision Tree
3723,Waitlist,0.05594405594405592,Decision Tree
3724,Waitlist,0.05594405594405592,Decision Tree
3725,Waitlist,0.05594405594405592,Decision Tree
3726,Admit,1.0,Decision Tree
3727,Waitlist,0.21052631578947356,Decision Tree
3728,Waitlist,0.05594405594405592,Decision Tree
3729,Waitlist,0.4374999999999996,Decision Tree
3730,Waitlist,0.30769230769230754,Decision Tree
3731,Waitlist,0.21052631578947356,Decision Tree
3732,Admit,1.0,Decision Tree
3733,Waitlist,0.05594405594405592,Decision Tree
3734,Admit,0.6896551724137931,Decision Tree
3735,Waitlist,0.30769230769230754,Decision Tree
3736,Waitlist,0.4374999999999996,Decision Tree
3737,Admit,1.0,Decision Tree
3739,Waitlist,0.05594405594405592,Decision Tree
3740,Waitlist,0.4374999999999996,Decision Tree
3741,Waitlist,0.4374999999999996,Decision Tree
3742,Admit,1.0,Decision Tree
3743,Waitlist,0.05594405594405592,Decision Tree
3744,Waitlist,0.34782608695652145,Decision Tree
3745,Waitlist,0.2799999999999998,Decision Tree
3746,Admit,1.0,Decision Tree
3748,Waitlist,0.4374999999999996,Decision Tree
3750,Waitlist,0.30769230769230754,Decision Tree
3751,Admit,0.6666666666666664,Decision Tree
3752,Waitlist,0.05594405594405592,Decision Tree
3753,Waitlist,0.45454545454545464,Decision Tree
3754,Waitlist,0.30769230769230754,Decision Tree
3755,Waitlist,0.05594405594405592,Decision Tree
3756,Waitlist,0.30769230769230754,Decision Tree
3757,Waitlist,0.4374999999999996,Decision Tree
3758,Admit,1.0,Decision Tree
3759,Waitlist,0.05594405594405592,Decision Tree
3761,Waitlist,0.20588235294117638,Decision Tree
3763,Admit,0.7692307692307686,Decision Tree
3765,Waitlist,0.30769230769230754,Decision Tree
3766,Waitlist,0.05594405594405592,Decision Tree
3767,Waitlist,0.30769230769230754,Decision Tree
3768,Waitlist,0.4807692307692302,Decision Tree
3769,Waitlist,0.05594405594405592,Decision Tree
3770,Waitlist,0.37931034482758597,Decision Tree
3771,Waitlist,0.30769230769230754,Decision Tree
3772,Waitlist,0.34545454545454524,Decision Tree
3773,Waitlist,0.05594405594405592,Decision Tree
3774,Waitlist,0.4374999999999996,Decision Tree
3775,Waitlist,0.05594405594405592,Decision Tree
3776,Waitlist,0.34782608695652145,Decision Tree
3778,Waitlist,0.4374999999999996,Decision Tree
3779,Waitlist,0.05594405594405592,Decision Tree
3782,Waitlist,0.05594405594405592,Decision Tree
3783,Waitlist,0.4374999999999996,Decision Tree
3785,Waitlist,0.30769230769230754,Decision Tree
3786,Waitlist,0.4807692307692302,Decision Tree
3787,Waitlist,0.20588235294117638,Decision Tree
3788,Waitlist,0.30769230769230754,Decision Tree
3789,Admit,1.0,Decision Tree
3790,Waitlist,0.05594405594405592,Decision Tree
3791,Waitlist,0.05594405594405592,Decision Tree
3793,Waitlist,0.4374999999999996,Decision Tree
3794,Waitlist,0.37931034482758597,Decision Tree
3795,Waitlist,0.4374999999999996,Decision Tree
3796,Waitlist,0.05594405594405592,Decision Tree
3797,Admit,1.0,Decision Tree
3798,Admit,0.7954545454545454,Decision Tree
3801,Admit,1.0,Decision Tree
3802,Waitlist,0.05594405594405592,Decision Tree
3803,Waitlist,0.37931034482758597,Decision Tree
3804,Waitlist,0.34782608695652145,Decision Tree
3806,Waitlist,0.4374999999999996,Decision Tree
3807,Waitlist,0.4374999999999996,Decision Tree
3808,Admit,0.7692307692307686,Decision Tree
3809,Waitlist,0.30769230769230754,Decision Tree
3810,Waitlist,0.34545454545454524,Decision Tree
3811,Waitlist,0.30769230769230754,Decision Tree
3812,Admit,0.7954545454545454,Decision Tree
3813,Waitlist,0.2799999999999998,Decision Tree
3814,Waitlist,0.45454545454545464,Decision Tree
3815,Waitlist,0.34782608695652145,Decision Tree
3816,Waitlist,0.05594405594405592,Decision Tree
3817,Waitlist,0.05594405594405592,Decision Tree
3818,Admit,1.0,Decision Tree
3819,Waitlist,0.4374999999999996,Decision Tree
3820,Admit,0.7954545454545454,Decision Tree
3821,Waitlist,0.4374999999999996,Decision Tree
3822,Waitlist,0.2799999999999998,Decision Tree
3823,Waitlist,0.45454545454545464,Decision Tree
3824,Waitlist,0.2799999999999998,Decision Tree
3825,Waitlist,0.4374999999999996,Decision Tree
3826,Waitlist,0.4374999999999996,Decision Tree
3827,Waitlist,0.2799999999999998,Decision Tree
3828,Waitlist,0.4374999999999996,Decision Tree
3829,Waitlist,0.30769230769230754,Decision Tree
3830,Waitlist,0.30769230769230754,Decision Tree
3831,Waitlist,0.4374999999999996,Decision Tree
3832,Waitlist,0.2799999999999998,Decision Tree
3833,Waitlist,0.05594405594405592,Decision Tree
3835,Admit,1.0,Decision Tree
3838,Admit,0.7272727272727268,Decision Tree
3839,Waitlist,0.05594405594405592,Decision Tree
3840,Waitlist,0.30769230769230754,Decision Tree
3841,Waitlist,0.34782608695652145,Decision Tree
3842,Admit,1.0,Decision Tree
3843,Waitlist,0.30769230769230754,Decision Tree
3844,Waitlist,0.4374999999999996,Decision Tree
3845,Waitlist,0.2799999999999998,Decision Tree
3846,Admit,1.0,Decision Tree
3847,Waitlist,0.37931034482758597,Decision Tree
3848,Waitlist,0.4374999999999996,Decision Tree
3849,Waitlist,0.05594405594405592,Decision Tree
3850,Admit,1.0,Decision Tree
3851,Waitlist,0.34782608695652145,Decision Tree
3852,Waitlist,0.4807692307692302,Decision Tree
3853,Waitlist,0.05594405594405592,Decision Tree
3854,Waitlist,0.4374999999999996,Decision Tree
3855,Waitlist,0.21052631578947356,Decision Tree
3856,Admit,1.0,Decision Tree
3857,Waitlist,0.4374999999999996,Decision Tree
3858,Admit,0.6785714285714286,Decision Tree
3859,Waitlist,0.21052631578947356,Decision Tree
3860,Waitlist,0.05594405594405592,Decision Tree
3861,Admit,0.7954545454545454,Decision Tree
3863,Waitlist,0.05594405594405592,Decision Tree
3864,Waitlist,0.34782608695652145,Decision Tree
3865,Waitlist,0.2799999999999998,Decision Tree
3866,Waitlist,0.34782608695652145,Decision Tree
3867,Waitlist,0.4374999999999996,Decision Tree
3868,Waitlist,0.21052631578947356,Decision Tree
3869,Waitlist,0.30769230769230754,Decision Tree
3870,Waitlist,0.34782608695652145,Decision Tree
3871,Waitlist,0.4807692307692302,Decision Tree
3872,Waitlist,0.05594405594405592,Decision Tree
3873,Waitlist,0.30769230769230754,Decision Tree
3874,Admit,1.0,Decision Tree
3876,Waitlist,0.30769230769230754,Decision Tree
3878,Waitlist,0.30769230769230754,Decision Tree
3879,Waitlist,0.4374999999999996,Decision Tree
3880,Waitlist,0.4374999999999996,Decision Tree
3882,Waitlist,0.4374999999999996,Decision Tree
3884,Waitlist,0.34545454545454524,Decision Tree
3885,Waitlist,0.20588235294117638,Decision Tree
3887,Waitlist,0.4374999999999996,Decision Tree
3888,Admit,1.0,Decision Tree
3889,Waitlist,0.05594405594405592,Decision Tree
3891,Waitlist,0.30769230769230754,Decision Tree
3892,Admit,0.6666666666666664,Decision Tree
3893,Admit,0.7272727272727268,Decision Tree
3894,Waitlist,0.4374999999999996,Decision Tree
3895,Waitlist,0.05594405594405592,Decision Tree
3896,Admit,0.7272727272727268,Decision Tree
3897,Waitlist,0.30769230769230754,Decision Tree
3898,Waitlist,0.21052631578947356,Decision Tree
3899,Waitlist,0.4807692307692302,Decision Tree
3900,Waitlist,0.34545454545454524,Decision Tree
3901,Waitlist,0.34782608695652145,Decision Tree
3902,Admit,0.6666666666666664,Decision Tree
3903,Waitlist,0.34782608695652145,Decision Tree
3905,Waitlist,0.4374999999999996,Decision Tree
3906,Waitlist,0.2799999999999998,Decision Tree
3907,Admit,1.0,Decision Tree
3908,Waitlist,0.05594405594405592,Decision Tree
3909,Waitlist,0.4374999999999996,Decision Tree
3910,Admit,1.0,Decision Tree
3911,Waitlist,0.4374999999999996,Decision Tree
3912,Waitlist,0.4374999999999996,Decision Tree
3913,Admit,1.0,Decision Tree
3914,Waitlist,0.2799999999999998,Decision Tree
3915,Waitlist,0.05594405594405592,Decision Tree
3916,Waitlist,0.30769230769230754,Decision Tree
3917,Admit,1.0,Decision Tree
3918,Waitlist,0.4807692307692302,Decision Tree
3919,Waitlist,0.30769230769230754,Decision Tree
3920,Waitlist,0.30769230769230754,Decision Tree
3921,Waitlist,0.34782608695652145,Decision Tree
3922,Waitlist,0.34782608695652145,Decision Tree
3923,Waitlist,0.4374999999999996,Decision Tree
3924,Waitlist,0.34782608695652145,Decision Tree
3925,Admit,1.0,Decision Tree
3926,Admit,1.0,Decision Tree
3927,Admit,1.0,Decision Tree
3928,Waitlist,0.30769230769230754,Decision Tree
3929,Waitlist,0.4374999999999996,Decision Tree
3930,Waitlist,0.2799999999999998,Decision Tree
3931,Admit,1.0,Decision Tree
3932,Waitlist,0.30769230769230754,Decision Tree
3933,Waitlist,0.05594405594405592,Decision Tree
3934,Waitlist,0.34545454545454524,Decision Tree
3936,Waitlist,0.34545454545454524,Decision Tree
3937,Admit,0.7954545454545454,Decision Tree
3938,Waitlist,0.4374999999999996,Decision Tree
3939,Waitlist,0.30769230769230754,Decision Tree
3940,Waitlist,0.45454545454545464,Decision Tree
3941,Waitlist,0.05594405594405592,Decision Tree
3942,Waitlist,0.4807692307692302,Decision Tree
3943,Admit,1.0,Decision Tree
3944,Admit,0.7954545454545454,Decision Tree
3945,Waitlist,0.05594405594405592,Decision Tree
3946,Waitlist,0.30769230769230754,Decision Tree
3947,Waitlist,0.30769230769230754,Decision Tree
3948,Waitlist,0.30769230769230754,Decision Tree
3950,Admit,1.0,Decision Tree
3951,Waitlist,0.4374999999999996,Decision Tree
3952,Waitlist,0.4374999999999996,Decision Tree
3953,Waitlist,0.05594405594405592,Decision Tree
3954,Waitlist,0.05594405594405592,Decision Tree
3956,Waitlist,0.05594405594405592,Decision Tree
3959,Waitlist,0.34545454545454524,Decision Tree
3960,Waitlist,0.05594405594405592,Decision Tree
3961,Waitlist,0.30769230769230754,Decision Tree
3962,Admit,1.0,Decision Tree
3963,Admit,1.0,Decision Tree
3965,Waitlist,0.4374999999999996,Decision Tree
3966,Waitlist,0.30769230769230754,Decision Tree
3967,Waitlist,0.30769230769230754,Decision Tree
3968,Waitlist,0.30769230769230754,Decision Tree
3969,Waitlist,0.4374999999999996,Decision Tree
3970,Admit,0.6666666666666664,Decision Tree
3971,Admit,1.0,Decision Tree
3972,Waitlist,0.20588235294117638,Decision Tree
3973,Admit,0.7954545454545454,Decision Tree
3977,Waitlist,0.4374999999999996,Decision Tree
3978,Waitlist,0.21052631578947356,Decision Tree
3979,Waitlist,0.30769230769230754,Decision Tree
3980,Waitlist,0.30769230769230754,Decision Tree
3981,Admit,1.0,Decision Tree
3982,Waitlist,0.4374999999999996,Decision Tree
3983,Waitlist,0.4374999999999996,Decision Tree
3984,Waitlist,0.21052631578947356,Decision Tree
3985,Waitlist,0.05594405594405592,Decision Tree
3987,Waitlist,0.4374999999999996,Decision Tree
3988,Admit,1.0,Decision Tree
3989,Admit,1.0,Decision Tree
3990,Waitlist,0.05594405594405592,Decision Tree
3991,Waitlist,0.30769230769230754,Decision Tree
3992,Admit,0.7954545454545454,Decision Tree
3993,Admit,1.0,Decision Tree
3994,Waitlist,0.4374999999999996,Decision Tree
3995,Waitlist,0.4374999999999996,Decision Tree
3996,Admit,1.0,Decision Tree
3997,Waitlist,0.4807692307692302,Decision Tree
3999,Waitlist,0.2799999999999998,Decision Tree
4000,Waitlist,0.05594405594405592,Decision Tree
4001,Admit,1.0,Decision Tree
4002,Admit,1.0,Decision Tree
4003,Waitlist,0.30769230769230754,Decision Tree
4004,Admit,0.6666666666666664,Decision Tree
4005,Waitlist,0.4374999999999996,Decision Tree
4006,Waitlist,0.4374999999999996,Decision Tree
4007,Waitlist,0.05594405594405592,Decision Tree
4008,Waitlist,0.30769230769230754,Decision Tree
4009,Waitlist,0.34782608695652145,Decision Tree
4010,Waitlist,0.4374999999999996,Decision Tree
4011,Waitlist,0.30769230769230754,Decision Tree
4012,Waitlist,0.30769230769230754,Decision Tree
4013,Waitlist,0.4374999999999996,Decision Tree
4014,Waitlist,0.4374999999999996,Decision Tree
4015,Admit,1.0,Decision Tree
4016,Waitlist,0.05594405594405592,Decision Tree
4017,Waitlist,0.4374999999999996,Decision Tree
4019,Waitlist,0.30769230769230754,Decision Tree
4020,Waitlist,0.30769230769230754,Decision Tree
4021,Waitlist,0.2799999999999998,Decision Tree
4022,Admit,1.0,Decision Tree
4023,Waitlist,0.4374999999999996,Decision Tree
4026,Waitlist,0.30769230769230754,Decision Tree
4027,Waitlist,0.30769230769230754,Decision Tree
4028,Admit,1.0,Decision Tree
4032,Waitlist,0.05594405594405592,Decision Tree
4033,Waitlist,0.34782608695652145,Decision Tree
4034,Waitlist,0.05594405594405592,Decision Tree
4035,Waitlist,0.05594405594405592,Decision Tree
4036,Waitlist,0.2799999999999998,Decision Tree
4037,Admit,1.0,Decision Tree
4038,Waitlist,0.34782608695652145,Decision Tree
4039,Waitlist,0.4374999999999996,Decision Tree
4040,Waitlist,0.05594405594405592,Decision Tree
4041,Waitlist,0.21052631578947356,Decision Tree
4042,Waitlist,0.34782608695652145,Decision Tree
4043,Waitlist,0.05594405594405592,Decision Tree
4044,Waitlist,0.30769230769230754,Decision Tree
4045,Waitlist,0.05594405594405592,Decision Tree
4046,Waitlist,0.34782608695652145,Decision Tree
4047,Waitlist,0.4374999999999996,Decision Tree
4048,Waitlist,0.4374999999999996,Decision Tree
4050,Waitlist,0.30769230769230754,Decision Tree
4051,Admit,1.0,Decision Tree
4052,Admit,1.0,Decision Tree
4053,Waitlist,0.4374999999999996,Decision Tree
4054,Admit,1.0,Decision Tree
4055,Waitlist,0.34782608695652145,Decision Tree
4056,Waitlist,0.4807692307692302,Decision Tree
4057,Waitlist,0.34782608695652145,Decision Tree
4058,Waitlist,0.2799999999999998,Decision Tree
4059,Waitlist,0.4374999999999996,Decision Tree
4060,Waitlist,0.4374999999999996,Decision Tree
4061,Waitlist,0.45454545454545464,Decision Tree
4062,Admit,1.0,Decision Tree
4063,Waitlist,0.21052631578947356,Decision Tree
4064,Waitlist,0.30769230769230754,Decision Tree
4065,Waitlist,0.30769230769230754,Decision Tree
4066,Waitlist,0.4374999999999996,Decision Tree
4067,Waitlist,0.4374999999999996,Decision Tree
4068,Waitlist,0.05594405594405592,Decision Tree
4069,Admit,0.6785714285714286,Decision Tree
4070,Admit,0.6666666666666664,Decision Tree
4071,Admit,1.0,Decision Tree
4072,Waitlist,0.30769230769230754,Decision Tree
4074,Waitlist,0.21052631578947356,Decision Tree
4075,Waitlist,0.30769230769230754,Decision Tree
4076,Waitlist,0.4374999999999996,Decision Tree
4077,Waitlist,0.05594405594405592,Decision Tree
4078,Admit,0.7954545454545454,Decision Tree
4079,Waitlist,0.4374999999999996,Decision Tree
4080,Admit,1.0,Decision Tree
4081,Waitlist,0.4374999999999996,Decision Tree
4084,Waitlist,0.4374999999999996,Decision Tree
4085,Waitlist,0.4374999999999996,Decision Tree
4086,Waitlist,0.4807692307692302,Decision Tree
4087,Waitlist,0.30769230769230754,Decision Tree
4088,Waitlist,0.05594405594405592,Decision Tree
4089,Waitlist,0.45454545454545464,Decision Tree
4090,Waitlist,0.30769230769230754,Decision Tree
4091,Waitlist,0.05594405594405592,Decision Tree
4093,Waitlist,0.45454545454545464,Decision Tree
4095,Waitlist,0.4374999999999996,Decision Tree
4096,Waitlist,0.20588235294117638,Decision Tree
4097,Waitlist,0.34782608695652145,Decision Tree
4098,Waitlist,0.05594405594405592,Decision Tree
4103,Waitlist,0.4374999999999996,Decision Tree
4104,Waitlist,0.4374999999999996,Decision Tree
4106,Waitlist,0.4374999999999996,Decision Tree
4107,Waitlist,0.4374999999999996,Decision Tree
4108,Waitlist,0.05594405594405592,Decision Tree
4109,Admit,1.0,Decision Tree
4110,Waitlist,0.2799999999999998,Decision Tree
4111,Waitlist,0.05594405594405592,Decision Tree
4112,Waitlist,0.30769230769230754,Decision Tree
4113,Waitlist,0.05594405594405592,Decision Tree
4114,Admit,1.0,Decision Tree
4115,Admit,0.6896551724137931,Decision Tree
4116,Admit,1.0,Decision Tree
4117,Admit,1.0,Decision Tree
4118,Waitlist,0.21052631578947356,Decision Tree
4119,Waitlist,0.30769230769230754,Decision Tree
4120,Waitlist,0.34782608695652145,Decision Tree
4121,Admit,0.6785714285714286,Decision Tree
4122,Admit,1.0,Decision Tree
4123,Waitlist,0.4807692307692302,Decision Tree
4124,Admit,0.7272727272727268,Decision Tree
4125,Waitlist,0.4374999999999996,Decision Tree
4126,Waitlist,0.20588235294117638,Decision Tree
4127,Waitlist,0.30769230769230754,Decision Tree
4128,Waitlist,0.05594405594405592,Decision Tree
4129,Waitlist,0.45454545454545464,Decision Tree
4130,Admit,1.0,Decision Tree
4131,Waitlist,0.30769230769230754,Decision Tree
4132,Waitlist,0.4807692307692302,Decision Tree
4134,Waitlist,0.4374999999999996,Decision Tree
4135,Waitlist,0.30769230769230754,Decision Tree
4136,Waitlist,0.4374999999999996,Decision Tree
4137,Admit,1.0,Decision Tree
4138,Waitlist,0.30769230769230754,Decision Tree
4139,Waitlist,0.34782608695652145,Decision Tree
4140,Waitlist,0.4374999999999996,Decision Tree
4141,Waitlist,0.45454545454545464,Decision Tree
4142,Waitlist,0.30769230769230754,Decision Tree
4143,Waitlist,0.2799999999999998,Decision Tree
4146,Admit,1.0,Decision Tree
4147,Waitlist,0.05594405594405592,Decision Tree
4149,Waitlist,0.34782608695652145,Decision Tree
4150,Waitlist,0.05594405594405592,Decision Tree
4151,Waitlist,0.2799999999999998,Decision Tree
4154,Waitlist,0.30769230769230754,Decision Tree
4156,Waitlist,0.4374999999999996,Decision Tree
4157,Waitlist,0.30769230769230754,Decision Tree
4158,Waitlist,0.4374999999999996,Decision Tree
4159,Waitlist,0.05594405594405592,Decision Tree
4160,Waitlist,0.05594405594405592,Decision Tree
4162,Waitlist,0.34782608695652145,Decision Tree
4163,Waitlist,0.4807692307692302,Decision Tree
4164,Admit,0.7954545454545454,Decision Tree
4165,Waitlist,0.30769230769230754,Decision Tree
4166,Waitlist,0.05594405594405592,Decision Tree
4167,Waitlist,0.4374999999999996,Decision Tree
4168,Waitlist,0.30769230769230754,Decision Tree
4169,Waitlist,0.05594405594405592,Decision Tree
4170,Waitlist,0.2799999999999998,Decision Tree
4172,Waitlist,0.21052631578947356,Decision Tree
4173,Admit,0.6785714285714286,Decision Tree
4174,Waitlist,0.30769230769230754,Decision Tree
4175,Waitlist,0.05594405594405592,Decision Tree
4176,Waitlist,0.34782608695652145,Decision Tree
4177,Waitlist,0.4374999999999996,Decision Tree
4178,Waitlist,0.4374999999999996,Decision Tree
4179,Waitlist,0.4374999999999996,Decision Tree
4181,Waitlist,0.30769230769230754,Decision Tree
4182,Waitlist,0.30769230769230754,Decision Tree
4183,Admit,1.0,Decision Tree
4184,Waitlist,0.4374999999999996,Decision Tree
4185,Waitlist,0.45454545454545464,Decision Tree
4186,Waitlist,0.4374999999999996,Decision Tree
4187,Waitlist,0.30769230769230754,Decision Tree
4188,Waitlist,0.4374999999999996,Decision Tree
4189,Waitlist,0.45454545454545464,Decision Tree
4192,Waitlist,0.05594405594405592,Decision Tree
4193,Waitlist,0.2799999999999998,Decision Tree
4195,Waitlist,0.4374999999999996,Decision Tree
4196,Admit,1.0,Decision Tree
4197,Waitlist,0.30769230769230754,Decision Tree
4198,Waitlist,0.30769230769230754,Decision Tree
4199,Waitlist,0.2799999999999998,Decision Tree
4200,Waitlist,0.05594405594405592,Decision Tree
4201,Admit,0.7272727272727268,Decision Tree
4203,Waitlist,0.05594405594405592,Decision Tree
4204,Waitlist,0.05594405594405592,Decision Tree
4205,Waitlist,0.34782608695652145,Decision Tree
4206,Waitlist,0.45454545454545464,Decision Tree
4207,Waitlist,0.2799999999999998,Decision Tree
4208,Waitlist,0.4374999999999996,Decision Tree
4209,Waitlist,0.30769230769230754,Decision Tree
4210,Waitlist,0.2799999999999998,Decision Tree
4211,Waitlist,0.05594405594405592,Decision Tree
4212,Waitlist,0.05594405594405592,Decision Tree
4213,Waitlist,0.4807692307692302,Decision Tree
4214,Waitlist,0.4374999999999996,Decision Tree
4215,Waitlist,0.30769230769230754,Decision Tree
4217,Waitlist,0.2799999999999998,Decision Tree
4218,Waitlist,0.05594405594405592,Decision Tree
4220,Waitlist,0.4807692307692302,Decision Tree
4221,Waitlist,0.30769230769230754,Decision Tree
4222,Waitlist,0.34782608695652145,Decision Tree
4224,Waitlist,0.4374999999999996,Decision Tree
4225,Waitlist,0.30769230769230754,Decision Tree
4226,Waitlist,0.05594405594405592,Decision Tree
4228,Waitlist,0.4374999999999996,Decision Tree
4230,Waitlist,0.30769230769230754,Decision Tree
4231,Waitlist,0.34782608695652145,Decision Tree
4232,Waitlist,0.4374999999999996,Decision Tree
4233,Waitlist,0.4374999999999996,Decision Tree
4234,Waitlist,0.4374999999999996,Decision Tree
4235,Waitlist,0.4374999999999996,Decision Tree
4236,Admit,0.7954545454545454,Decision Tree
4237,Waitlist,0.05594405594405592,Decision Tree
4239,Admit,1.0,Decision Tree
4240,Waitlist,0.30769230769230754,Decision Tree
4241,Waitlist,0.30769230769230754,Decision Tree
4242,Waitlist,0.34782608695652145,Decision Tree
4243,Waitlist,0.4374999999999996,Decision Tree
4244,Waitlist,0.30769230769230754,Decision Tree
4245,Waitlist,0.30769230769230754,Decision Tree
4247,Waitlist,0.4374999999999996,Decision Tree
4248,Admit,0.7954545454545454,Decision Tree
4249,Waitlist,0.30769230769230754,Decision Tree
4250,Waitlist,0.2799999999999998,Decision Tree
4251,Waitlist,0.30769230769230754,Decision Tree
4253,Admit,0.7954545454545454,Decision Tree
4255,Waitlist,0.05594405594405592,Decision Tree
4256,Waitlist,0.05594405594405592,Decision Tree
4257,Admit,0.7954545454545454,Decision Tree
4258,Waitlist,0.4374999999999996,Decision Tree
4259,Admit,0.7954545454545454,Decision Tree
4260,Waitlist,0.4374999999999996,Decision Tree
4261,Waitlist,0.2799999999999998,Decision Tree
4262,Waitlist,0.4807692307692302,Decision Tree
4263,Waitlist,0.4374999999999996,Decision Tree
4264,Waitlist,0.4374999999999996,Decision Tree
4265,Admit,0.7954545454545454,Decision Tree
4266,Waitlist,0.2799999999999998,Decision Tree
4267,Waitlist,0.05594405594405592,Decision Tree
4269,Waitlist,0.05594405594405592,Decision Tree
4270,Waitlist,0.30769230769230754,Decision Tree
4271,Waitlist,0.05594405594405592,Decision Tree
4272,Waitlist,0.30769230769230754,Decision Tree
4273,Waitlist,0.4374999999999996,Decision Tree
4274,Waitlist,0.05594405594405592,Decision Tree
4276,Waitlist,0.4374999999999996,Decision Tree
4277,Waitlist,0.30769230769230754,Decision Tree
4279,Admit,0.6785714285714286,Decision Tree
4280,Waitlist,0.05594405594405592,Decision Tree
4281,Waitlist,0.30769230769230754,Decision Tree
4284,Admit,1.0,Decision Tree
4285,Waitlist,0.05594405594405592,Decision Tree
4286,Waitlist,0.30769230769230754,Decision Tree
4287,Waitlist,0.34782608695652145,Decision Tree
4290,Waitlist,0.4807692307692302,Decision Tree
4294,Waitlist,0.30769230769230754,Decision Tree
4295,Waitlist,0.4374999999999996,Decision Tree
4296,Admit,0.7954545454545454,Decision Tree
4297,Waitlist,0.05594405594405592,Decision Tree
4298,Admit,1.0,Decision Tree
4300,Admit,1.0,Decision Tree
4301,Waitlist,0.34782608695652145,Decision Tree
4302,Waitlist,0.05594405594405592,Decision Tree
4303,Waitlist,0.34782608695652145,Decision Tree
4304,Waitlist,0.30769230769230754,Decision Tree
4305,Waitlist,0.4374999999999996,Decision Tree
4306,Waitlist,0.30769230769230754,Decision Tree
4307,Admit,0.7954545454545454,Decision Tree
4309,Waitlist,0.30769230769230754,Decision Tree
4310,Waitlist,0.4374999999999996,Decision Tree
4311,Admit,1.0,Decision Tree
4312,Waitlist,0.4374999999999996,Decision Tree
4313,Admit,1.0,Decision Tree
4314,Waitlist,0.30769230769230754,Decision Tree
4315,Admit,1.0,Decision Tree
4317,Waitlist,0.34782608695652145,Decision Tree
4318,Waitlist,0.4374999999999996,Decision Tree
4319,Waitlist,0.30769230769230754,Decision Tree
4320,Waitlist,0.37931034482758597,Decision Tree
4321,Waitlist,0.30769230769230754,Decision Tree
4322,Waitlist,0.2799999999999998,Decision Tree
4323,Admit,0.7954545454545454,Decision Tree
4324,Waitlist,0.30769230769230754,Decision Tree
4326,Waitlist,0.4374999999999996,Decision Tree
4327,Waitlist,0.05594405594405592,Decision Tree
4328,Admit,1.0,Decision Tree
4329,Admit,0.6896551724137931,Decision Tree
4330,Waitlist,0.4374999999999996,Decision Tree
4331,Waitlist,0.30769230769230754,Decision Tree
4332,Waitlist,0.05594405594405592,Decision Tree
4333,Waitlist,0.30769230769230754,Decision Tree
4334,Waitlist,0.4374999999999996,Decision Tree
4335,Waitlist,0.05594405594405592,Decision Tree
4336,Waitlist,0.30769230769230754,Decision Tree
4337,Admit,0.7272727272727268,Decision Tree
4338,Admit,1.0,Decision Tree
4339,Waitlist,0.34545454545454524,Decision Tree
4341,Waitlist,0.4374999999999996,Decision Tree
4342,Waitlist,0.4374999999999996,Decision Tree
4343,Waitlist,0.21052631578947356,Decision Tree
4344,Waitlist,0.4374999999999996,Decision Tree
4345,Admit,1.0,Decision Tree
4346,Admit,0.6666666666666664,Decision Tree
4347,Waitlist,0.2799999999999998,Decision Tree
4348,Waitlist,0.34545454545454524,Decision Tree
4351,Waitlist,0.34545454545454524,Decision Tree
4352,Waitlist,0.4374999999999996,Decision Tree
4353,Waitlist,0.30769230769230754,Decision Tree
4354,Waitlist,0.45454545454545464,Decision Tree
4355,Waitlist,0.05594405594405592,Decision Tree
4356,Waitlist,0.4374999999999996,Decision Tree
4358,Waitlist,0.2799999999999998,Decision Tree
4359,Admit,1.0,Decision Tree
4360,Waitlist,0.05594405594405592,Decision Tree
4362,Waitlist,0.30769230769230754,Decision Tree
4363,Waitlist,0.4374999999999996,Decision Tree
4364,Waitlist,0.3749999999999997,Decision Tree
4365,Admit,1.0,Decision Tree
4366,Waitlist,0.4374999999999996,Decision Tree
4367,Admit,0.6666666666666664,Decision Tree
4368,Admit,1.0,Decision Tree
4369,Waitlist,0.4374999999999996,Decision Tree
4371,Waitlist,0.05594405594405592,Decision Tree
4372,Waitlist,0.4374999999999996,Decision Tree
4373,Waitlist,0.4374999999999996,Decision Tree
4374,Waitlist,0.4374999999999996,Decision Tree
4375,Admit,0.7954545454545454,Decision Tree
4376,Waitlist,0.2799999999999998,Decision Tree
4377,Waitlist,0.21052631578947356,Decision Tree
4378,Admit,1.0,Decision Tree
4379,Admit,1.0,Decision Tree
4380,Waitlist,0.30769230769230754,Decision Tree
4381,Waitlist,0.30769230769230754,Decision Tree
4382,Waitlist,0.30769230769230754,Decision Tree
4383,Waitlist,0.3749999999999997,Decision Tree
4384,Admit,0.7954545454545454,Decision Tree
4385,Waitlist,0.4374999999999996,Decision Tree
4387,Waitlist,0.30769230769230754,Decision Tree
4388,Waitlist,0.2799999999999998,Decision Tree
4389,Waitlist,0.4374999999999996,Decision Tree
4390,Waitlist,0.05594405594405592,Decision Tree
4392,Waitlist,0.4807692307692302,Decision Tree
4394,Waitlist,0.45454545454545464,Decision Tree
4395,Waitlist,0.34545454545454524,Decision Tree
4396,Waitlist,0.34782608695652145,Decision Tree
4397,Waitlist,0.05594405594405592,Decision Tree
4399,Admit,1.0,Decision Tree
4400,Waitlist,0.34782608695652145,Decision Tree
4401,Waitlist,0.34782608695652145,Decision Tree
4402,Admit,0.6666666666666664,Decision Tree
4403,Waitlist,0.30769230769230754,Decision Tree
4404,Waitlist,0.4374999999999996,Decision Tree
4405,Waitlist,0.05594405594405592,Decision Tree
4406,Waitlist,0.30769230769230754,Decision Tree
4407,Waitlist,0.2799999999999998,Decision Tree
4408,Waitlist,0.2799999999999998,Decision Tree
4409,Admit,1.0,Decision Tree
4410,Waitlist,0.30769230769230754,Decision Tree
4412,Waitlist,0.4807692307692302,Decision Tree
4413,Waitlist,0.30769230769230754,Decision Tree
4414,Waitlist,0.4374999999999996,Decision Tree
4415,Admit,0.7954545454545454,Decision Tree
4416,Waitlist,0.05594405594405592,Decision Tree
4417,Waitlist,0.4374999999999996,Decision Tree
4418,Admit,0.7954545454545454,Decision Tree
4419,Waitlist,0.4374999999999996,Decision Tree
4420,Waitlist,0.4374999999999996,Decision Tree
4421,Admit,1.0,Decision Tree
4422,Waitlist,0.05594405594405592,Decision Tree
4423,Waitlist,0.4374999999999996,Decision Tree
4425,Waitlist,0.30769230769230754,Decision Tree
4426,Waitlist,0.30769230769230754,Decision Tree
4427,Waitlist,0.2799999999999998,Decision Tree
4428,Waitlist,0.2799999999999998,Decision Tree
4429,Waitlist,0.30769230769230754,Decision Tree
4430,Admit,0.7954545454545454,Decision Tree
4431,Waitlist,0.4374999999999996,Decision Tree
4432,Waitlist,0.05594405594405592,Decision Tree
4433,Waitlist,0.05594405594405592,Decision Tree
4435,Waitlist,0.4374999999999996,Decision Tree
4436,Waitlist,0.37931034482758597,Decision Tree
4437,Waitlist,0.4374999999999996,Decision Tree
4438,Waitlist,0.4374999999999996,Decision Tree
4439,Waitlist,0.34545454545454524,Decision Tree
4440,Waitlist,0.4374999999999996,Decision Tree
4441,Admit,0.7954545454545454,Decision Tree
4442,Waitlist,0.21052631578947356,Decision Tree
4443,Waitlist,0.05594405594405592,Decision Tree
4444,Waitlist,0.05594405594405592,Decision Tree
4445,Admit,1.0,Decision Tree
4446,Waitlist,0.30769230769230754,Decision Tree
4450,Waitlist,0.21052631578947356,Decision Tree
4451,Waitlist,0.05594405594405592,Decision Tree
4453,Waitlist,0.05594405594405592,Decision Tree
4454,Waitlist,0.2799999999999998,Decision Tree
4456,Admit,1.0,Decision Tree
4457,Waitlist,0.05594405594405592,Decision Tree
4458,Admit,0.7954545454545454,Decision Tree
4459,Waitlist,0.4374999999999996,Decision Tree
4460,Waitlist,0.2799999999999998,Decision Tree
4461,Waitlist,0.05594405594405592,Decision Tree
4462,Waitlist,0.34545454545454524,Decision Tree
4463,Waitlist,0.37931034482758597,Decision Tree
4464,Waitlist,0.30769230769230754,Decision Tree
4465,Waitlist,0.30769230769230754,Decision Tree
4466,Waitlist,0.20588235294117638,Decision Tree
4467,Admit,1.0,Decision Tree
4468,Admit,0.7272727272727268,Decision Tree
4469,Waitlist,0.4374999999999996,Decision Tree
4470,Waitlist,0.30769230769230754,Decision Tree
4471,Waitlist,0.30769230769230754,Decision Tree
4472,Waitlist,0.21052631578947356,Decision Tree
4473,Waitlist,0.4374999999999996,Decision Tree
4475,Waitlist,0.30769230769230754,Decision Tree
4477,Admit,1.0,Decision Tree
4479,Waitlist,0.05594405594405592,Decision Tree
4480,Waitlist,0.4374999999999996,Decision Tree
4481,Admit,0.6666666666666664,Decision Tree
4482,Waitlist,0.34545454545454524,Decision Tree
4483,Waitlist,0.05594405594405592,Decision Tree
4484,Waitlist,0.05594405594405592,Decision Tree
4485,Admit,1.0,Decision Tree
4487,Waitlist,0.3749999999999997,Decision Tree
4489,Admit,1.0,Decision Tree
4490,Waitlist,0.4374999999999996,Decision Tree
4491,Waitlist,0.30769230769230754,Decision Tree
4493,Waitlist,0.05594405594405592,Decision Tree
4494,Waitlist,0.4374999999999996,Decision Tree
4495,Waitlist,0.4374999999999996,Decision Tree
4496,Waitlist,0.30769230769230754,Decision Tree
4499,Waitlist,0.4374999999999996,Decision Tree
4500,Waitlist,0.30769230769230754,Decision Tree
4501,Waitlist,0.4807692307692302,Decision Tree
4502,Waitlist,0.05594405594405592,Decision Tree
4503,Waitlist,0.2799999999999998,Decision Tree
4506,Admit,0.7692307692307686,Decision Tree
4507,Waitlist,0.30769230769230754,Decision Tree
4508,Waitlist,0.34782608695652145,Decision Tree
4509,Waitlist,0.05594405594405592,Decision Tree
4511,Admit,0.6896551724137931,Decision Tree
4512,Admit,1.0,Decision Tree
4513,Admit,1.0,Decision Tree
4514,Admit,1.0,Decision Tree
4515,Waitlist,0.37931034482758597,Decision Tree
4516,Admit,0.6666666666666664,Decision Tree
4517,Waitlist,0.30769230769230754,Decision Tree
4518,Admit,1.0,Decision Tree
4519,Waitlist,0.45454545454545464,Decision Tree
4520,Waitlist,0.30769230769230754,Decision Tree
4521,Waitlist,0.4374999999999996,Decision Tree
4522,Waitlist,0.05594405594405592,Decision Tree
4523,Admit,1.0,Decision Tree
4524,Waitlist,0.30769230769230754,Decision Tree
4525,Admit,1.0,Decision Tree
4526,Admit,1.0,Decision Tree
4527,Waitlist,0.34782608695652145,Decision Tree
4528,Waitlist,0.4374999999999996,Decision Tree
4529,Waitlist,0.4374999999999996,Decision Tree
4530,Waitlist,0.4374999999999996,Decision Tree
4531,Waitlist,0.4374999999999996,Decision Tree
4532,Waitlist,0.4374999999999996,Decision Tree
4533,Waitlist,0.2799999999999998,Decision Tree
4534,Waitlist,0.4807692307692302,Decision Tree
4535,Waitlist,0.05594405594405592,Decision Tree
4536,Waitlist,0.2799999999999998,Decision Tree
4537,Waitlist,0.30769230769230754,Decision Tree
4538,Waitlist,0.30769230769230754,Decision Tree
4539,Waitlist,0.4374999999999996,Decision Tree
4541,Waitlist,0.30769230769230754,Decision Tree
4542,Admit,1.0,Decision Tree
4543,Waitlist,0.4374999999999996,Decision Tree
4544,Waitlist,0.34782608695652145,Decision Tree
4545,Waitlist,0.05594405594405592,Decision Tree
4547,Waitlist,0.30769230769230754,Decision Tree
4548,Waitlist,0.2799999999999998,Decision Tree
4549,Waitlist,0.2799999999999998,Decision Tree
4550,Waitlist,0.30769230769230754,Decision Tree
4551,Admit,1.0,Decision Tree
4552,Waitlist,0.05594405594405592,Decision Tree
4553,Waitlist,0.4374999999999996,Decision Tree
4554,Waitlist,0.2799999999999998,Decision Tree
4555,Waitlist,0.34545454545454524,Decision Tree
4556,Waitlist,0.4374999999999996,Decision Tree
4557,Waitlist,0.3749999999999997,Decision Tree
4558,Admit,0.7954545454545454,Decision Tree
4560,Waitlist,0.37931034482758597,Decision Tree
4561,Waitlist,0.2799999999999998,Decision Tree
4563,Waitlist,0.34782608695652145,Decision Tree
4564,Waitlist,0.05594405594405592,Decision Tree
4565,Waitlist,0.2799999999999998,Decision Tree
4566,Admit,0.6896551724137931,Decision Tree
4567,Waitlist,0.4374999999999996,Decision Tree
4568,Waitlist,0.4807692307692302,Decision Tree
4570,Waitlist,0.30769230769230754,Decision Tree
4571,Waitlist,0.05594405594405592,Decision Tree
4572,Waitlist,0.30769230769230754,Decision Tree
4573,Waitlist,0.30769230769230754,Decision Tree
4574,Waitlist,0.30769230769230754,Decision Tree
4575,Waitlist,0.30769230769230754,Decision Tree
4576,Waitlist,0.05594405594405592,Decision Tree
4577,Waitlist,0.30769230769230754,Decision Tree
4578,Waitlist,0.30769230769230754,Decision Tree
4579,Waitlist,0.30769230769230754,Decision Tree
4580,Waitlist,0.30769230769230754,Decision Tree
4581,Waitlist,0.21052631578947356,Decision Tree
4582,Waitlist,0.30769230769230754,Decision Tree
4583,Waitlist,0.4374999999999996,Decision Tree
4585,Waitlist,0.05594405594405592,Decision Tree
4586,Waitlist,0.05594405594405592,Decision Tree
4587,Waitlist,0.05594405594405592,Decision Tree
4588,Waitlist,0.4374999999999996,Decision Tree
4589,Waitlist,0.2799999999999998,Decision Tree
4590,Admit,0.6896551724137931,Decision Tree
4591,Waitlist,0.21052631578947356,Decision Tree
4592,Admit,0.6785714285714286,Decision Tree
4593,Waitlist,0.05594405594405592,Decision Tree
4594,Waitlist,0.05594405594405592,Decision Tree
4595,Waitlist,0.4807692307692302,Decision Tree
4596,Waitlist,0.2799999999999998,Decision Tree
4598,Waitlist,0.30769230769230754,Decision Tree
4599,Waitlist,0.45454545454545464,Decision Tree
4600,Waitlist,0.4374999999999996,Decision Tree
4601,Waitlist,0.05594405594405592,Decision Tree
4603,Waitlist,0.05594405594405592,Decision Tree
4604,Waitlist,0.4374999999999996,Decision Tree
4605,Waitlist,0.05594405594405592,Decision Tree
4606,Waitlist,0.4374999999999996,Decision Tree
4607,Waitlist,0.2799999999999998,Decision Tree
4608,Waitlist,0.05594405594405592,Decision Tree
4609,Waitlist,0.05594405594405592,Decision Tree
4610,Waitlist,0.05594405594405592,Decision Tree
4611,Waitlist,0.30769230769230754,Decision Tree
4614,Waitlist,0.30769230769230754,Decision Tree
4615,Waitlist,0.05594405594405592,Decision Tree
4616,Waitlist,0.4374999999999996,Decision Tree
4617,Waitlist,0.30769230769230754,Decision Tree
4618,Waitlist,0.30769230769230754,Decision Tree
4619,Waitlist,0.3749999999999997,Decision Tree
4620,Waitlist,0.4374999999999996,Decision Tree
4621,Waitlist,0.3749999999999997,Decision Tree
4623,Waitlist,0.4374999999999996,Decision Tree
4624,Waitlist,0.45454545454545464,Decision Tree
4625,Waitlist,0.2799999999999998,Decision Tree
4626,Waitlist,0.4374999999999996,Decision Tree
4627,Waitlist,0.05594405594405592,Decision Tree
4628,Waitlist,0.2799999999999998,Decision Tree
4629,Waitlist,0.30769230769230754,Decision Tree
4630,Waitlist,0.4374999999999996,Decision Tree
4631,Waitlist,0.4374999999999996,Decision Tree
4632,Waitlist,0.2799999999999998,Decision Tree
4633,Waitlist,0.05594405594405592,Decision Tree
4634,Waitlist,0.45454545454545464,Decision Tree
4635,Waitlist,0.05594405594405592,Decision Tree
4636,Waitlist,0.30769230769230754,Decision Tree
4637,Waitlist,0.4374999999999996,Decision Tree
4638,Waitlist,0.3749999999999997,Decision Tree
4639,Admit,1.0,Decision Tree
4640,Waitlist,0.30769230769230754,Decision Tree
4641,Waitlist,0.05594405594405592,Decision Tree
4643,Waitlist,0.4374999999999996,Decision Tree
4644,Admit,1.0,Decision Tree
4645,Waitlist,0.45454545454545464,Decision Tree
4646,Admit,1.0,Decision Tree
4647,Admit,0.6666666666666664,Decision Tree
4648,Waitlist,0.05594405594405592,Decision Tree
4649,Waitlist,0.30769230769230754,Decision Tree
4650,Waitlist,0.30769230769230754,Decision Tree
4651,Waitlist,0.30769230769230754,Decision Tree
4652,Waitlist,0.2799999999999998,Decision Tree
4653,Waitlist,0.4807692307692302,Decision Tree
4654,Admit,0.7954545454545454,Decision Tree
4656,Admit,0.6785714285714286,Decision Tree
4657,Waitlist,0.34782608695652145,Decision Tree
4660,Waitlist,0.4374999999999996,Decision Tree
4661,Waitlist,0.4374999999999996,Decision Tree
4662,Waitlist,0.30769230769230754,Decision Tree
4663,Waitlist,0.05594405594405592,Decision Tree
4664,Waitlist,0.21052631578947356,Decision Tree
4665,Waitlist,0.4374999999999996,Decision Tree
4666,Waitlist,0.2799999999999998,Decision Tree
4667,Waitlist,0.2799999999999998,Decision Tree
4668,Waitlist,0.4807692307692302,Decision Tree
4669,Waitlist,0.30769230769230754,Decision Tree
4671,Waitlist,0.4374999999999996,Decision Tree
4672,Waitlist,0.4374999999999996,Decision Tree
4673,Waitlist,0.30769230769230754,Decision Tree
4674,Waitlist,0.34545454545454524,Decision Tree
4675,Waitlist,0.34782608695652145,Decision Tree
4676,Waitlist,0.4374999999999996,Decision Tree
4677,Waitlist,0.30769230769230754,Decision Tree
4678,Waitlist,0.45454545454545464,Decision Tree
4679,Admit,1.0,Decision Tree
4681,Admit,0.7954545454545454,Decision Tree
4682,Admit,0.7954545454545454,Decision Tree
4683,Waitlist,0.2799999999999998,Decision Tree
4684,Waitlist,0.30769230769230754,Decision Tree
4685,Waitlist,0.34782608695652145,Decision Tree
4686,Waitlist,0.4374999999999996,Decision Tree
4687,Waitlist,0.05594405594405592,Decision Tree
4688,Waitlist,0.30769230769230754,Decision Tree
4689,Admit,1.0,Decision Tree
4690,Admit,1.0,Decision Tree
4691,Waitlist,0.21052631578947356,Decision Tree
4692,Waitlist,0.30769230769230754,Decision Tree
4693,Waitlist,0.30769230769230754,Decision Tree
4694,Waitlist,0.21052631578947356,Decision Tree
4695,Waitlist,0.05594405594405592,Decision Tree
4697,Waitlist,0.34782608695652145,Decision Tree
4698,Admit,0.7954545454545454,Decision Tree
4700,Waitlist,0.2799999999999998,Decision Tree
4701,Admit,1.0,Decision Tree
4702,Waitlist,0.20588235294117638,Decision Tree
4703,Waitlist,0.34782608695652145,Decision Tree
4704,Waitlist,0.30769230769230754,Decision Tree
4705,Admit,1.0,Decision Tree
4706,Waitlist,0.05594405594405592,Decision Tree
4707,Waitlist,0.20588235294117638,Decision Tree
4708,Admit,0.6666666666666664,Decision Tree
4709,Waitlist,0.30769230769230754,Decision Tree
4710,Waitlist,0.30769230769230754,Decision Tree
4711,Waitlist,0.45454545454545464,Decision Tree
4712,Waitlist,0.34782608695652145,Decision Tree
4713,Waitlist,0.4374999999999996,Decision Tree
4714,Waitlist,0.4374999999999996,Decision Tree
4715,Waitlist,0.05594405594405592,Decision Tree
4716,Waitlist,0.30769230769230754,Decision Tree
4717,Waitlist,0.4374999999999996,Decision Tree
4719,Waitlist,0.30769230769230754,Decision Tree
4720,Waitlist,0.30769230769230754,Decision Tree
4721,Waitlist,0.30769230769230754,Decision Tree
4722,Waitlist,0.05594405594405592,Decision Tree
4723,Waitlist,0.05594405594405592,Decision Tree
4724,Admit,1.0,Decision Tree
4725,Admit,1.0,Decision Tree
4726,Waitlist,0.30769230769230754,Decision Tree
4727,Waitlist,0.34782608695652145,Decision Tree
4728,Waitlist,0.05594405594405592,Decision Tree
4729,Waitlist,0.3749999999999997,Decision Tree
4730,Waitlist,0.45454545454545464,Decision Tree
4731,Waitlist,0.05594405594405592,Decision Tree
4732,Waitlist,0.21052631578947356,Decision Tree
4733,Waitlist,0.4374999999999996,Decision Tree
4735,Admit,1.0,Decision Tree
4736,Waitlist,0.05594405594405592,Decision Tree
4738,Waitlist,0.30769230769230754,Decision Tree
4739,Waitlist,0.2799999999999998,Decision Tree
4740,Waitlist,0.2799999999999998,Decision Tree
4741,Waitlist,0.30769230769230754,Decision Tree
4742,Waitlist,0.05594405594405592,Decision Tree
4745,Waitlist,0.05594405594405592,Decision Tree
4746,Admit,1.0,Decision Tree
4747,Waitlist,0.4807692307692302,Decision Tree
4748,Waitlist,0.4374999999999996,Decision Tree
4750,Waitlist,0.05594405594405592,Decision Tree
4751,Waitlist,0.4374999999999996,Decision Tree
4752,Waitlist,0.30769230769230754,Decision Tree
4754,Admit,0.7692307692307686,Decision Tree
4755,Waitlist,0.4374999999999996,Decision Tree
4757,Admit,0.7954545454545454,Decision Tree
4758,Waitlist,0.05594405594405592,Decision Tree
4759,Waitlist,0.30769230769230754,Decision Tree
4760,Waitlist,0.4374999999999996,Decision Tree
4761,Admit,1.0,Decision Tree
4762,Waitlist,0.4374999999999996,Decision Tree
4763,Waitlist,0.30769230769230754,Decision Tree
4764,Waitlist,0.05594405594405592,Decision Tree
4765,Waitlist,0.30769230769230754,Decision Tree
4766,Waitlist,0.37931034482758597,Decision Tree
4767,Admit,1.0,Decision Tree
4769,Waitlist,0.05594405594405592,Decision Tree
4771,Admit,1.0,Decision Tree
4772,Waitlist,0.05594405594405592,Decision Tree
4773,Waitlist,0.05594405594405592,Decision Tree
4774,Waitlist,0.45454545454545464,Decision Tree
4775,Admit,1.0,Decision Tree
4777,Waitlist,0.4374999999999996,Decision Tree
4778,Waitlist,0.05594405594405592,Decision Tree
4779,Waitlist,0.30769230769230754,Decision Tree
4780,Waitlist,0.30769230769230754,Decision Tree
4781,Waitlist,0.2799999999999998,Decision Tree
4782,Waitlist,0.05594405594405592,Decision Tree
4783,Waitlist,0.05594405594405592,Decision Tree
4784,Waitlist,0.05594405594405592,Decision Tree
4786,Admit,1.0,Decision Tree
4787,Admit,0.7954545454545454,Decision Tree
4788,Waitlist,0.4374999999999996,Decision Tree
4789,Admit,1.0,Decision Tree
4790,Waitlist,0.34545454545454524,Decision Tree
4792,Waitlist,0.45454545454545464,Decision Tree
4793,Admit,0.6666666666666664,Decision Tree
4794,Admit,1.0,Decision Tree
4795,Waitlist,0.4374999999999996,Decision Tree
4796,Waitlist,0.2799999999999998,Decision Tree
4797,Waitlist,0.05594405594405592,Decision Tree
4798,Waitlist,0.4374999999999996,Decision Tree
4799,Admit,1.0,Decision Tree
4800,Waitlist,0.4374999999999996,Decision Tree
4801,Waitlist,0.21052631578947356,Decision Tree
4802,Waitlist,0.4374999999999996,Decision Tree
4803,Waitlist,0.4374999999999996,Decision Tree
4804,Waitlist,0.30769230769230754,Decision Tree
4805,Admit,1.0,Decision Tree
4806,Waitlist,0.30769230769230754,Decision Tree
4807,Waitlist,0.30769230769230754,Decision Tree
4808,Waitlist,0.05594405594405592,Decision Tree
4810,Admit,1.0,Decision Tree
4811,Waitlist,0.05594405594405592,Decision Tree
4813,Waitlist,0.05594405594405592,Decision Tree
4814,Waitlist,0.4374999999999996,Decision Tree
4815,Waitlist,0.4374999999999996,Decision Tree
4816,Waitlist,0.05594405594405592,Decision Tree
4817,Admit,1.0,Decision Tree
4818,Waitlist,0.30769230769230754,Decision Tree
4819,Admit,1.0,Decision Tree
4820,Waitlist,0.05594405594405592,Decision Tree
4821,Waitlist,0.4374999999999996,Decision Tree
4822,Waitlist,0.30769230769230754,Decision Tree
4823,Waitlist,0.30769230769230754,Decision Tree
4825,Waitlist,0.30769230769230754,Decision Tree
4827,Waitlist,0.4807692307692302,Decision Tree
4828,Waitlist,0.4374999999999996,Decision Tree
4829,Admit,1.0,Decision Tree
4830,Waitlist,0.05594405594405592,Decision Tree
4831,Waitlist,0.30769230769230754,Decision Tree
4832,Waitlist,0.05594405594405592,Decision Tree
4834,Waitlist,0.21052631578947356,Decision Tree
4835,Waitlist,0.4374999999999996,Decision Tree
4836,Waitlist,0.30769230769230754,Decision Tree
4837,Admit,0.7954545454545454,Decision Tree
4838,Waitlist,0.4374999999999996,Decision Tree
4839,Waitlist,0.30769230769230754,Decision Tree
4840,Admit,0.7954545454545454,Decision Tree
4841,Waitlist,0.2799999999999998,Decision Tree
4842,Waitlist,0.05594405594405592,Decision Tree
4843,Waitlist,0.05594405594405592,Decision Tree
4845,Waitlist,0.4374999999999996,Decision Tree
4846,Waitlist,0.4374999999999996,Decision Tree
4847,Waitlist,0.2799999999999998,Decision Tree
4848,Waitlist,0.21052631578947356,Decision Tree
4850,Admit,0.7954545454545454,Decision Tree
4851,Waitlist,0.4374999999999996,Decision Tree
4852,Waitlist,0.30769230769230754,Decision Tree
4853,Waitlist,0.30769230769230754,Decision Tree
4854,Waitlist,0.05594405594405592,Decision Tree
4855,Admit,1.0,Decision Tree
4856,Waitlist,0.4374999999999996,Decision Tree
4857,Admit,1.0,Decision Tree
4858,Waitlist,0.30769230769230754,Decision Tree
4859,Waitlist,0.21052631578947356,Decision Tree
4860,Waitlist,0.4374999999999996,Decision Tree
4862,Waitlist,0.30769230769230754,Decision Tree
4863,Waitlist,0.4374999999999996,Decision Tree
4864,Waitlist,0.05594405594405592,Decision Tree
4865,Waitlist,0.2799999999999998,Decision Tree
4866,Admit,1.0,Decision Tree
4867,Waitlist,0.2799999999999998,Decision Tree
4868,Waitlist,0.30769230769230754,Decision Tree
4869,Waitlist,0.30769230769230754,Decision Tree
4870,Admit,1.0,Decision Tree
4871,Waitlist,0.4374999999999996,Decision Tree
4872,Waitlist,0.45454545454545464,Decision Tree
4873,Admit,1.0,Decision Tree
4874,Waitlist,0.2799999999999998,Decision Tree
4875,Waitlist,0.30769230769230754,Decision Tree
4876,Waitlist,0.4374999999999996,Decision Tree
4877,Waitlist,0.34782608695652145,Decision Tree
4878,Waitlist,0.30769230769230754,Decision Tree
4879,Admit,1.0,Decision Tree
4880,Waitlist,0.30769230769230754,Decision Tree
4881,Waitlist,0.45454545454545464,Decision Tree
4882,Waitlist,0.30769230769230754,Decision Tree
4884,Waitlist,0.30769230769230754,Decision Tree
4886,Waitlist,0.2799999999999998,Decision Tree
4888,Waitlist,0.30769230769230754,Decision Tree
4889,Waitlist,0.05594405594405592,Decision Tree
4890,Waitlist,0.30769230769230754,Decision Tree
4891,Admit,0.7954545454545454,Decision Tree
4892,Waitlist,0.30769230769230754,Decision Tree
4893,Waitlist,0.4374999999999996,Decision Tree
4894,Waitlist,0.05594405594405592,Decision Tree
4895,Waitlist,0.2799999999999998,Decision Tree
4896,Waitlist,0.4374999999999996,Decision Tree
4897,Waitlist,0.4807692307692302,Decision Tree
4898,Admit,1.0,Decision Tree
4899,Admit,0.7954545454545454,Decision Tree
4900,Waitlist,0.05594405594405592,Decision Tree
4902,Waitlist,0.30769230769230754,Decision Tree
4904,Waitlist,0.4374999999999996,Decision Tree
4905,Waitlist,0.05594405594405592,Decision Tree
4906,Waitlist,0.05594405594405592,Decision Tree
4907,Waitlist,0.45454545454545464,Decision Tree
4908,Waitlist,0.4374999999999996,Decision Tree
4909,Waitlist,0.4374999999999996,Decision Tree
4910,Waitlist,0.4374999999999996,Decision Tree
4911,Admit,0.6666666666666664,Decision Tree
4912,Waitlist,0.2799999999999998,Decision Tree
4913,Admit,1.0,Decision Tree
4916,Waitlist,0.4374999999999996,Decision Tree
4917,Waitlist,0.2799999999999998,Decision Tree
4918,Waitlist,0.4374999999999996,Decision Tree
4919,Waitlist,0.4374999999999996,Decision Tree
4920,Waitlist,0.2799999999999998,Decision Tree
4921,Waitlist,0.05594405594405592,Decision Tree
4922,Admit,0.6666666666666664,Decision Tree
4923,Waitlist,0.4374999999999996,Decision Tree
4924,Waitlist,0.4374999999999996,Decision Tree
4925,Waitlist,0.05594405594405592,Decision Tree
4927,Waitlist,0.4374999999999996,Decision Tree
4929,Waitlist,0.3749999999999997,Decision Tree
4931,Waitlist,0.30769230769230754,Decision Tree
4932,Waitlist,0.30769230769230754,Decision Tree
4933,Waitlist,0.05594405594405592,Decision Tree
4934,Waitlist,0.34782608695652145,Decision Tree
4935,Waitlist,0.4374999999999996,Decision Tree
4936,Waitlist,0.4374999999999996,Decision Tree
4937,Waitlist,0.2799999999999998,Decision Tree
4939,Waitlist,0.30769230769230754,Decision Tree
4940,Waitlist,0.30769230769230754,Decision Tree
4941,Waitlist,0.4374999999999996,Decision Tree
4942,Waitlist,0.05594405594405592,Decision Tree
4943,Waitlist,0.2799999999999998,Decision Tree
4946,Waitlist,0.2799999999999998,Decision Tree
4947,Admit,1.0,Decision Tree
4948,Admit,0.7272727272727268,Decision Tree
4949,Admit,1.0,Decision Tree
4951,Admit,0.7954545454545454,Decision Tree
4952,Waitlist,0.4374999999999996,Decision Tree
4953,Waitlist,0.05594405594405592,Decision Tree
4954,Waitlist,0.21052631578947356,Decision Tree
4955,Admit,1.0,Decision Tree
4956,Admit,1.0,Decision Tree
4957,Waitlist,0.4807692307692302,Decision Tree
4958,Waitlist,0.05594405594405592,Decision Tree
4959,Admit,0.6785714285714286,Decision Tree
4960,Waitlist,0.2799999999999998,Decision Tree
4961,Waitlist,0.2799999999999998,Decision Tree
4962,Waitlist,0.4374999999999996,Decision Tree
4963,Waitlist,0.4807692307692302,Decision Tree
4964,Waitlist,0.34782608695652145,Decision Tree
4966,Waitlist,0.4374999999999996,Decision Tree
4967,Admit,1.0,Decision Tree
4968,Waitlist,0.05594405594405592,Decision Tree
4969,Waitlist,0.05594405594405592,Decision Tree
4970,Admit,1.0,Decision Tree
4971,Waitlist,0.4807692307692302,Decision Tree
4972,Waitlist,0.30769230769230754,Decision Tree
4973,Waitlist,0.4374999999999996,Decision Tree
4975,Waitlist,0.34545454545454524,Decision Tree
4976,Waitlist,0.34782608695652145,Decision Tree
4978,Waitlist,0.4374999999999996,Decision Tree
4979,Waitlist,0.30769230769230754,Decision Tree
4980,Waitlist,0.30769230769230754,Decision Tree
4981,Waitlist,0.4374999999999996,Decision Tree
4982,Waitlist,0.4374999999999996,Decision Tree
4983,Admit,0.6896551724137931,Decision Tree
4984,Waitlist,0.2799999999999998,Decision Tree
4985,Waitlist,0.4374999999999996,Decision Tree
4986,Waitlist,0.05594405594405592,Decision Tree
4987,Waitlist,0.3749999999999997,Decision Tree
4989,Waitlist,0.30769230769230754,Decision Tree
4990,Waitlist,0.2799999999999998,Decision Tree
4991,Waitlist,0.05594405594405592,Decision Tree
4992,Waitlist,0.34782608695652145,Decision Tree
4993,Waitlist,0.2799999999999998,Decision Tree
4994,Waitlist,0.05594405594405592,Decision Tree
4995,Waitlist,0.34545454545454524,Decision Tree
4996,Admit,0.6666666666666664,Decision Tree
4997,Waitlist,0.4374999999999996,Decision Tree
4998,Waitlist,0.4374999999999996,Decision Tree
4999,Waitlist,0.4374999999999996,Decision Tree
5000,Waitlist,0.30769230769230754,Decision Tree
5002,Waitlist,0.05594405594405592,Decision Tree
5004,Waitlist,0.4374999999999996,Decision Tree
5005,Waitlist,0.30769230769230754,Decision Tree
5006,Admit,0.7954545454545454,Decision Tree
5007,Waitlist,0.30769230769230754,Decision Tree
5008,Waitlist,0.4374999999999996,Decision Tree
5009,Waitlist,0.21052631578947356,Decision Tree
5010,Waitlist,0.30769230769230754,Decision Tree
5011,Waitlist,0.4374999999999996,Decision Tree
5012,Waitlist,0.4374999999999996,Decision Tree
5013,Waitlist,0.4374999999999996,Decision Tree
5015,Waitlist,0.2799999999999998,Decision Tree
5017,Waitlist,0.34782608695652145,Decision Tree
5018,Waitlist,0.2799999999999998,Decision Tree
5020,Waitlist,0.05594405594405592,Decision Tree
5021,Waitlist,0.4374999999999996,Decision Tree
5023,Waitlist,0.30769230769230754,Decision Tree
5024,Waitlist,0.34545454545454524,Decision Tree
5025,Waitlist,0.30769230769230754,Decision Tree
5026,Waitlist,0.4374999999999996,Decision Tree
5028,Waitlist,0.2799999999999998,Decision Tree
5029,Admit,1.0,Decision Tree
5030,Waitlist,0.4374999999999996,Decision Tree
5031,Waitlist,0.30769230769230754,Decision Tree
5032,Admit,0.6666666666666664,Decision Tree
5033,Waitlist,0.4374999999999996,Decision Tree
5034,Waitlist,0.4807692307692302,Decision Tree
5035,Waitlist,0.30769230769230754,Decision Tree
5036,Waitlist,0.2799999999999998,Decision Tree
5037,Waitlist,0.2799999999999998,Decision Tree
5038,Waitlist,0.30769230769230754,Decision Tree
5039,Waitlist,0.05594405594405592,Decision Tree
5040,Admit,0.6785714285714286,Decision Tree
5041,Admit,0.7692307692307686,Decision Tree
5042,Waitlist,0.05594405594405592,Decision Tree
5043,Admit,1.0,Decision Tree
5045,Waitlist,0.30769230769230754,Decision Tree
5046,Waitlist,0.05594405594405592,Decision Tree
5047,Waitlist,0.4374999999999996,Decision Tree
5048,Waitlist,0.05594405594405592,Decision Tree
5049,Waitlist,0.30769230769230754,Decision Tree
5050,Admit,1.0,Decision Tree
5051,Waitlist,0.05594405594405592,Decision Tree
5052,Admit,1.0,Decision Tree
5053,Waitlist,0.05594405594405592,Decision Tree
5054,Waitlist,0.20588235294117638,Decision Tree
5055,Admit,1.0,Decision Tree
5057,Waitlist,0.30769230769230754,Decision Tree
5058,Waitlist,0.20588235294117638,Decision Tree
5059,Waitlist,0.05594405594405592,Decision Tree
5060,Waitlist,0.4374999999999996,Decision Tree
5061,Waitlist,0.4374999999999996,Decision Tree
5062,Waitlist,0.30769230769230754,Decision Tree
5063,Waitlist,0.4374999999999996,Decision Tree
5064,Waitlist,0.05594405594405592,Decision Tree
5065,Waitlist,0.4807692307692302,Decision Tree
5066,Waitlist,0.30769230769230754,Decision Tree
5067,Waitlist,0.05594405594405592,Decision Tree
5069,Waitlist,0.4374999999999996,Decision Tree
5070,Waitlist,0.05594405594405592,Decision Tree
5071,Waitlist,0.30769230769230754,Decision Tree
5072,Waitlist,0.2799999999999998,Decision Tree
5073,Waitlist,0.05594405594405592,Decision Tree
5074,Waitlist,0.05594405594405592,Decision Tree
5075,Waitlist,0.05594405594405592,Decision Tree
5076,Admit,1.0,Decision Tree
5077,Waitlist,0.30769230769230754,Decision Tree
5078,Waitlist,0.4374999999999996,Decision Tree
5079,Waitlist,0.34782608695652145,Decision Tree
5080,Waitlist,0.4374999999999996,Decision Tree
5081,Waitlist,0.3749999999999997,Decision Tree
5082,Waitlist,0.2799999999999998,Decision Tree
5083,Waitlist,0.05594405594405592,Decision Tree
5084,Waitlist,0.4374999999999996,Decision Tree
5086,Waitlist,0.2799999999999998,Decision Tree
5087,Waitlist,0.30769230769230754,Decision Tree
5088,Admit,1.0,Decision Tree
5089,Waitlist,0.20588235294117638,Decision Tree
5090,Waitlist,0.4374999999999996,Decision Tree
5091,Waitlist,0.05594405594405592,Decision Tree
5092,Admit,1.0,Decision Tree
5094,Admit,1.0,Decision Tree
5096,Admit,1.0,Decision Tree
5097,Waitlist,0.4374999999999996,Decision Tree
5098,Waitlist,0.05594405594405592,Decision Tree
5099,Waitlist,0.30769230769230754,Decision Tree
5100,Waitlist,0.30769230769230754,Decision Tree
5101,Waitlist,0.05594405594405592,Decision Tree
5102,Waitlist,0.4374999999999996,Decision Tree
5103,Waitlist,0.30769230769230754,Decision Tree
5104,Waitlist,0.05594405594405592,Decision Tree
5105,Waitlist,0.4374999999999996,Decision Tree
5106,Waitlist,0.4374999999999996,Decision Tree
5107,Waitlist,0.30769230769230754,Decision Tree
5108,Waitlist,0.21052631578947356,Decision Tree
5109,Waitlist,0.4374999999999996,Decision Tree
5110,Admit,0.7954545454545454,Decision Tree
5111,Admit,1.0,Decision Tree
5112,Waitlist,0.4374999999999996,Decision Tree
5113,Waitlist,0.30769230769230754,Decision Tree
5114,Waitlist,0.30769230769230754,Decision Tree
5116,Waitlist,0.4374999999999996,Decision Tree
5117,Waitlist,0.30769230769230754,Decision Tree
5118,Waitlist,0.4374999999999996,Decision Tree
5119,Waitlist,0.45454545454545464,Decision Tree
5120,Waitlist,0.21052631578947356,Decision Tree
5121,Waitlist,0.05594405594405592,Decision Tree
5122,Admit,0.7954545454545454,Decision Tree
5123,Waitlist,0.05594405594405592,Decision Tree
5124,Admit,1.0,Decision Tree
5125,Waitlist,0.30769230769230754,Decision Tree
5126,Waitlist,0.37931034482758597,Decision Tree
5127,Waitlist,0.4374999999999996,Decision Tree
5128,Admit,0.6896551724137931,Decision Tree
5129,Admit,1.0,Decision Tree
5130,Admit,0.7954545454545454,Decision Tree
5132,Waitlist,0.37931034482758597,Decision Tree
5133,Waitlist,0.4807692307692302,Decision Tree
5136,Waitlist,0.30769230769230754,Decision Tree
5137,Waitlist,0.05594405594405592,Decision Tree
5138,Waitlist,0.4374999999999996,Decision Tree
5139,Waitlist,0.05594405594405592,Decision Tree
5140,Admit,1.0,Decision Tree
5141,Waitlist,0.4374999999999996,Decision Tree
5143,Waitlist,0.34782608695652145,Decision Tree
5145,Admit,1.0,Decision Tree
5146,Admit,1.0,Decision Tree
5147,Admit,0.7692307692307686,Decision Tree
5148,Waitlist,0.20588235294117638,Decision Tree
5149,Admit,0.6666666666666664,Decision Tree
5150,Waitlist,0.4374999999999996,Decision Tree
5151,Admit,1.0,Decision Tree
5152,Waitlist,0.30769230769230754,Decision Tree
5153,Admit,1.0,Decision Tree
5154,Waitlist,0.05594405594405592,Decision Tree
5155,Waitlist,0.4374999999999996,Decision Tree
5156,Waitlist,0.30769230769230754,Decision Tree
5157,Waitlist,0.30769230769230754,Decision Tree
5158,Waitlist,0.05594405594405592,Decision Tree
5159,Waitlist,0.2799999999999998,Decision Tree
5160,Admit,1.0,Decision Tree
5161,Waitlist,0.2799999999999998,Decision Tree
5162,Waitlist,0.2799999999999998,Decision Tree
5163,Waitlist,0.05594405594405592,Decision Tree
5164,Waitlist,0.4374999999999996,Decision Tree
5165,Waitlist,0.30769230769230754,Decision Tree
5167,Admit,0.6896551724137931,Decision Tree
5168,Waitlist,0.2799999999999998,Decision Tree
5169,Waitlist,0.21052631578947356,Decision Tree
5170,Waitlist,0.20588235294117638,Decision Tree
5171,Admit,1.0,Decision Tree
5172,Waitlist,0.34545454545454524,Decision Tree
5173,Admit,1.0,Decision Tree
5175,Waitlist,0.4374999999999996,Decision Tree
5176,Waitlist,0.4374999999999996,Decision Tree
5177,Admit,0.6896551724137931,Decision Tree
5178,Waitlist,0.05594405594405592,Decision Tree
5179,Waitlist,0.4807692307692302,Decision Tree
5180,Waitlist,0.4374999999999996,Decision Tree
5181,Waitlist,0.3749999999999997,Decision Tree
5182,Admit,0.7692307692307686,Decision Tree
5183,Waitlist,0.21052631578947356,Decision Tree
5184,Admit,1.0,Decision Tree
5185,Waitlist,0.45454545454545464,Decision Tree
5186,Admit,1.0,Decision Tree
5187,Waitlist,0.4374999999999996,Decision Tree
5188,Admit,1.0,Decision Tree
5189,Waitlist,0.30769230769230754,Decision Tree
5190,Waitlist,0.4374999999999996,Decision Tree
5191,Waitlist,0.4374999999999996,Decision Tree
5192,Waitlist,0.05594405594405592,Decision Tree
5193,Waitlist,0.2799999999999998,Decision Tree
5195,Waitlist,0.2799999999999998,Decision Tree
5196,Waitlist,0.05594405594405592,Decision Tree
5197,Waitlist,0.4374999999999996,Decision Tree
5198,Admit,1.0,Decision Tree
5199,Waitlist,0.30769230769230754,Decision Tree
5200,Waitlist,0.2799999999999998,Decision Tree
5201,Waitlist,0.4374999999999996,Decision Tree
5202,Admit,1.0,Decision Tree
5203,Waitlist,0.21052631578947356,Decision Tree
5204,Admit,1.0,Decision Tree
5205,Waitlist,0.34782608695652145,Decision Tree
5206,Waitlist,0.4807692307692302,Decision Tree
5207,Waitlist,0.21052631578947356,Decision Tree
5208,Waitlist,0.30769230769230754,Decision Tree
5209,Waitlist,0.45454545454545464,Decision Tree
5210,Waitlist,0.30769230769230754,Decision Tree
5211,Waitlist,0.05594405594405592,Decision Tree
5212,Waitlist,0.20588235294117638,Decision Tree
5213,Waitlist,0.30769230769230754,Decision Tree
5215,Waitlist,0.4374999999999996,Decision Tree
5216,Admit,1.0,Decision Tree
5217,Waitlist,0.05594405594405592,Decision Tree
5218,Waitlist,0.30769230769230754,Decision Tree
5219,Waitlist,0.05594405594405592,Decision Tree
5220,Waitlist,0.45454545454545464,Decision Tree
5222,Waitlist,0.05594405594405592,Decision Tree
5224,Waitlist,0.2799999999999998,Decision Tree
5225,Waitlist,0.20588235294117638,Decision Tree
5226,Waitlist,0.4807692307692302,Decision Tree
5228,Waitlist,0.05594405594405592,Decision Tree
5229,Waitlist,0.05594405594405592,Decision Tree
5230,Waitlist,0.05594405594405592,Decision Tree
5232,Waitlist,0.3749999999999997,Decision Tree
5233,Waitlist,0.30769230769230754,Decision Tree
5234,Waitlist,0.4374999999999996,Decision Tree
5235,Waitlist,0.4374999999999996,Decision Tree
5237,Waitlist,0.30769230769230754,Decision Tree
5238,Waitlist,0.45454545454545464,Decision Tree
5239,Admit,1.0,Decision Tree
5241,Waitlist,0.2799999999999998,Decision Tree
5242,Waitlist,0.20588235294117638,Decision Tree
5243,Waitlist,0.4807692307692302,Decision Tree
5244,Waitlist,0.30769230769230754,Decision Tree
5245,Waitlist,0.4374999999999996,Decision Tree
5246,Waitlist,0.4374999999999996,Decision Tree
5247,Waitlist,0.2799999999999998,Decision Tree
5248,Admit,1.0,Decision Tree
5249,Waitlist,0.20588235294117638,Decision Tree
5250,Admit,1.0,Decision Tree
5252,Waitlist,0.30769230769230754,Decision Tree
5254,Waitlist,0.37931034482758597,Decision Tree
5255,Waitlist,0.20588235294117638,Decision Tree
5256,Waitlist,0.4374999999999996,Decision Tree
5257,Admit,1.0,Decision Tree
5258,Waitlist,0.4374999999999996,Decision Tree
5259,Waitlist,0.4374999999999996,Decision Tree
5260,Waitlist,0.4374999999999996,Decision Tree
5261,Admit,0.7692307692307686,Decision Tree
5263,Waitlist,0.30769230769230754,Decision Tree
5264,Waitlist,0.05594405594405592,Decision Tree
5265,Admit,1.0,Decision Tree
5266,Waitlist,0.30769230769230754,Decision Tree
5267,Waitlist,0.30769230769230754,Decision Tree
5268,Waitlist,0.2799999999999998,Decision Tree
5269,Waitlist,0.05594405594405592,Decision Tree
5270,Admit,1.0,Decision Tree
5271,Admit,1.0,Decision Tree
5272,Waitlist,0.4374999999999996,Decision Tree
5273,Waitlist,0.05594405594405592,Decision Tree
5276,Waitlist,0.05594405594405592,Decision Tree
5277,Admit,1.0,Decision Tree
5278,Waitlist,0.45454545454545464,Decision Tree
5279,Admit,1.0,Decision Tree
5280,Waitlist,0.45454545454545464,Decision Tree
5281,Waitlist,0.30769230769230754,Decision Tree
5282,Waitlist,0.30769230769230754,Decision Tree
5283,Waitlist,0.4374999999999996,Decision Tree
5284,Waitlist,0.4374999999999996,Decision Tree
5286,Waitlist,0.4374999999999996,Decision Tree
5287,Admit,1.0,Decision Tree
5288,Waitlist,0.34782608695652145,Decision Tree
5290,Admit,0.7954545454545454,Decision Tree
5291,Waitlist,0.4374999999999996,Decision Tree
5292,Waitlist,0.4374999999999996,Decision Tree
5293,Waitlist,0.4807692307692302,Decision Tree
5294,Waitlist,0.4374999999999996,Decision Tree
5295,Admit,0.6666666666666664,Decision Tree
5297,Waitlist,0.30769230769230754,Decision Tree
5298,Waitlist,0.4374999999999996,Decision Tree
5299,Waitlist,0.05594405594405592,Decision Tree
5300,Waitlist,0.30769230769230754,Decision Tree
5301,Waitlist,0.4374999999999996,Decision Tree
5302,Admit,0.7954545454545454,Decision Tree
5303,Waitlist,0.4374999999999996,Decision Tree
5304,Waitlist,0.2799999999999998,Decision Tree
5305,Waitlist,0.05594405594405592,Decision Tree
5306,Waitlist,0.34782608695652145,Decision Tree
5307,Waitlist,0.4374999999999996,Decision Tree
5309,Waitlist,0.4807692307692302,Decision Tree
5310,Waitlist,0.30769230769230754,Decision Tree
5311,Waitlist,0.21052631578947356,Decision Tree
5312,Admit,0.6785714285714286,Decision Tree
5313,Admit,1.0,Decision Tree
5314,Waitlist,0.30769230769230754,Decision Tree
5316,Waitlist,0.20588235294117638,Decision Tree
5317,Admit,0.6666666666666664,Decision Tree
5319,Waitlist,0.45454545454545464,Decision Tree
5320,Waitlist,0.05594405594405592,Decision Tree
5321,Waitlist,0.34782608695652145,Decision Tree
5322,Waitlist,0.05594405594405592,Decision Tree
5323,Admit,1.0,Decision Tree
5325,Waitlist,0.21052631578947356,Decision Tree
5326,Waitlist,0.05594405594405592,Decision Tree
5327,Waitlist,0.4374999999999996,Decision Tree
5328,Waitlist,0.30769230769230754,Decision Tree
5329,Waitlist,0.05594405594405592,Decision Tree
5330,Waitlist,0.30769230769230754,Decision Tree
5331,Waitlist,0.4374999999999996,Decision Tree
5332,Waitlist,0.2799999999999998,Decision Tree
5333,Waitlist,0.4374999999999996,Decision Tree
5334,Waitlist,0.05594405594405592,Decision Tree
5335,Waitlist,0.4374999999999996,Decision Tree
5336,Waitlist,0.2799999999999998,Decision Tree
5338,Waitlist,0.20588235294117638,Decision Tree
5339,Admit,1.0,Decision Tree
5341,Waitlist,0.4374999999999996,Decision Tree
5342,Waitlist,0.05594405594405592,Decision Tree
5344,Waitlist,0.05594405594405592,Decision Tree
5345,Waitlist,0.05594405594405592,Decision Tree
5346,Waitlist,0.34782608695652145,Decision Tree
5347,Waitlist,0.4374999999999996,Decision Tree
5348,Waitlist,0.30769230769230754,Decision Tree
5349,Waitlist,0.34782608695652145,Decision Tree
5350,Admit,1.0,Decision Tree
5351,Waitlist,0.4807692307692302,Decision Tree
5352,Waitlist,0.05594405594405592,Decision Tree
5353,Waitlist,0.05594405594405592,Decision Tree
5354,Waitlist,0.4807692307692302,Decision Tree
5355,Waitlist,0.30769230769230754,Decision Tree
5357,Waitlist,0.34545454545454524,Decision Tree
5359,Waitlist,0.4374999999999996,Decision Tree
5360,Admit,1.0,Decision Tree
5361,Waitlist,0.2799999999999998,Decision Tree
5362,Waitlist,0.4807692307692302,Decision Tree
5364,Waitlist,0.05594405594405592,Decision Tree
5366,Waitlist,0.34782608695652145,Decision Tree
5367,Waitlist,0.4374999999999996,Decision Tree
5368,Admit,0.7954545454545454,Decision Tree
5369,Waitlist,0.37931034482758597,Decision Tree
5371,Waitlist,0.2799999999999998,Decision Tree
5372,Waitlist,0.30769230769230754,Decision Tree
5374,Waitlist,0.2799999999999998,Decision Tree
5375,Waitlist,0.3749999999999997,Decision Tree
5376,Admit,1.0,Decision Tree
5377,Waitlist,0.05594405594405592,Decision Tree
5378,Admit,0.7954545454545454,Decision Tree
5379,Waitlist,0.4374999999999996,Decision Tree
5380,Waitlist,0.2799999999999998,Decision Tree
5381,Waitlist,0.05594405594405592,Decision Tree
5382,Waitlist,0.34782608695652145,Decision Tree
5383,Waitlist,0.34782608695652145,Decision Tree
5384,Waitlist,0.05594405594405592,Decision Tree
5385,Waitlist,0.05594405594405592,Decision Tree
5386,Waitlist,0.4374999999999996,Decision Tree
5388,Waitlist,0.4374999999999996,Decision Tree
5389,Waitlist,0.30769230769230754,Decision Tree
5390,Waitlist,0.4374999999999996,Decision Tree
5391,Waitlist,0.4374999999999996,Decision Tree
5392,Waitlist,0.34782608695652145,Decision Tree
5393,Waitlist,0.05594405594405592,Decision Tree
5394,Waitlist,0.34782608695652145,Decision Tree
5395,Waitlist,0.4374999999999996,Decision Tree
5396,Waitlist,0.30769230769230754,Decision Tree
5398,Waitlist,0.20588235294117638,Decision Tree
5399,Waitlist,0.34782608695652145,Decision Tree
5401,Waitlist,0.30769230769230754,Decision Tree
5402,Waitlist,0.4807692307692302,Decision Tree
5403,Waitlist,0.2799999999999998,Decision Tree
5404,Admit,1.0,Decision Tree
5405,Waitlist,0.34545454545454524,Decision Tree
5406,Waitlist,0.30769230769230754,Decision Tree
5407,Waitlist,0.2799999999999998,Decision Tree
5409,Waitlist,0.4807692307692302,Decision Tree
5410,Waitlist,0.34782608695652145,Decision Tree
5411,Waitlist,0.21052631578947356,Decision Tree
5412,Waitlist,0.4374999999999996,Decision Tree
5413,Waitlist,0.4374999999999996,Decision Tree
5414,Waitlist,0.05594405594405592,Decision Tree
5415,Waitlist,0.30769230769230754,Decision Tree
5416,Waitlist,0.30769230769230754,Decision Tree
5417,Admit,1.0,Decision Tree
5418,Waitlist,0.4374999999999996,Decision Tree
5419,Waitlist,0.2799999999999998,Decision Tree
5420,Admit,0.7954545454545454,Decision Tree
5421,Admit,1.0,Decision Tree
5422,Waitlist,0.4374999999999996,Decision Tree
5423,Waitlist,0.30769230769230754,Decision Tree
5424,Waitlist,0.34545454545454524,Decision Tree
5426,Waitlist,0.21052631578947356,Decision Tree
5427,Admit,1.0,Decision Tree
5428,Waitlist,0.2799999999999998,Decision Tree
5429,Waitlist,0.4374999999999996,Decision Tree
5430,Waitlist,0.05594405594405592,Decision Tree
5431,Waitlist,0.4374999999999996,Decision Tree
5432,Waitlist,0.05594405594405592,Decision Tree
5433,Waitlist,0.4374999999999996,Decision Tree
5434,Admit,1.0,Decision Tree
5435,Waitlist,0.4374999999999996,Decision Tree
5436,Admit,1.0,Decision Tree
5437,Waitlist,0.05594405594405592,Decision Tree
5438,Waitlist,0.34782608695652145,Decision Tree
5439,Admit,1.0,Decision Tree
5440,Waitlist,0.2799999999999998,Decision Tree
5441,Waitlist,0.05594405594405592,Decision Tree
5442,Waitlist,0.21052631578947356,Decision Tree
5443,Admit,1.0,Decision Tree
5444,Waitlist,0.30769230769230754,Decision Tree
5445,Admit,1.0,Decision Tree
5446,Waitlist,0.2799999999999998,Decision Tree
5447,Waitlist,0.45454545454545464,Decision Tree
5448,Waitlist,0.4374999999999996,Decision Tree
5449,Waitlist,0.4374999999999996,Decision Tree
5450,Waitlist,0.4374999999999996,Decision Tree
5451,Waitlist,0.34545454545454524,Decision Tree
5452,Admit,1.0,Decision Tree
5453,Waitlist,0.30769230769230754,Decision Tree
5454,Admit,0.6666666666666664,Decision Tree
5456,Admit,1.0,Decision Tree
5457,Waitlist,0.4374999999999996,Decision Tree
5458,Admit,1.0,Decision Tree
5459,Waitlist,0.30769230769230754,Decision Tree
5460,Admit,1.0,Decision Tree
5461,Waitlist,0.4374999999999996,Decision Tree
5462,Waitlist,0.20588235294117638,Decision Tree
5463,Waitlist,0.30769230769230754,Decision Tree
5464,Waitlist,0.2799999999999998,Decision Tree
5465,Waitlist,0.30769230769230754,Decision Tree
5468,Waitlist,0.30769230769230754,Decision Tree
5469,Waitlist,0.4374999999999996,Decision Tree
5470,Waitlist,0.2799999999999998,Decision Tree
5471,Waitlist,0.4374999999999996,Decision Tree
5472,Waitlist,0.30769230769230754,Decision Tree
5474,Waitlist,0.05594405594405592,Decision Tree
5475,Waitlist,0.05594405594405592,Decision Tree
5476,Admit,1.0,Decision Tree
5478,Waitlist,0.30769230769230754,Decision Tree
5480,Waitlist,0.30769230769230754,Decision Tree
5481,Waitlist,0.05594405594405592,Decision Tree
5482,Waitlist,0.4374999999999996,Decision Tree
5483,Waitlist,0.45454545454545464,Decision Tree
5485,Waitlist,0.05594405594405592,Decision Tree
5486,Admit,1.0,Decision Tree
5487,Waitlist,0.34782608695652145,Decision Tree
5488,Waitlist,0.30769230769230754,Decision Tree
5489,Waitlist,0.30769230769230754,Decision Tree
5490,Admit,1.0,Decision Tree
5491,Waitlist,0.30769230769230754,Decision Tree
5492,Waitlist,0.4374999999999996,Decision Tree
5493,Waitlist,0.4374999999999996,Decision Tree
5494,Admit,1.0,Decision Tree
5495,Waitlist,0.2799999999999998,Decision Tree
5496,Waitlist,0.2799999999999998,Decision Tree
5497,Admit,1.0,Decision Tree
5498,Waitlist,0.34782608695652145,Decision Tree
5500,Waitlist,0.4374999999999996,Decision Tree
5501,Waitlist,0.30769230769230754,Decision Tree
5502,Waitlist,0.34782608695652145,Decision Tree
5503,Waitlist,0.2799999999999998,Decision Tree
5504,Waitlist,0.30769230769230754,Decision Tree
5505,Waitlist,0.30769230769230754,Decision Tree
5506,Waitlist,0.4374999999999996,Decision Tree
5507,Waitlist,0.34782608695652145,Decision Tree
5508,Admit,1.0,Decision Tree
5509,Waitlist,0.2799999999999998,Decision Tree
5510,Waitlist,0.4374999999999996,Decision Tree
5511,Waitlist,0.34545454545454524,Decision Tree
5512,Admit,1.0,Decision Tree
5513,Admit,1.0,Decision Tree
5514,Waitlist,0.2799999999999998,Decision Tree
5515,Waitlist,0.2799999999999998,Decision Tree
5516,Waitlist,0.4374999999999996,Decision Tree
5517,Waitlist,0.3749999999999997,Decision Tree
5518,Waitlist,0.34782608695652145,Decision Tree
5520,Waitlist,0.4807692307692302,Decision Tree
5521,Waitlist,0.05594405594405592,Decision Tree
5522,Waitlist,0.21052631578947356,Decision Tree
5523,Waitlist,0.34782608695652145,Decision Tree
5525,Waitlist,0.30769230769230754,Decision Tree
5526,Waitlist,0.30769230769230754,Decision Tree
5527,Waitlist,0.34782608695652145,Decision Tree
5529,Waitlist,0.4374999999999996,Decision Tree
5530,Waitlist,0.2799999999999998,Decision Tree
5531,Waitlist,0.21052631578947356,Decision Tree
5532,Admit,0.6666666666666664,Decision Tree
5533,Waitlist,0.05594405594405592,Decision Tree
5534,Waitlist,0.34545454545454524,Decision Tree
5535,Waitlist,0.05594405594405592,Decision Tree
5536,Waitlist,0.05594405594405592,Decision Tree
5537,Admit,0.7954545454545454,Decision Tree
5538,Waitlist,0.34782608695652145,Decision Tree
5539,Waitlist,0.30769230769230754,Decision Tree
5541,Waitlist,0.4374999999999996,Decision Tree
5542,Admit,1.0,Decision Tree
5543,Waitlist,0.30769230769230754,Decision Tree
5544,Waitlist,0.30769230769230754,Decision Tree
5546,Waitlist,0.05594405594405592,Decision Tree
5547,Waitlist,0.34782608695652145,Decision Tree
5548,Waitlist,0.05594405594405592,Decision Tree
5549,Admit,0.7692307692307686,Decision Tree
5551,Waitlist,0.4374999999999996,Decision Tree
5552,Waitlist,0.05594405594405592,Decision Tree
5553,Waitlist,0.05594405594405592,Decision Tree
5554,Waitlist,0.37931034482758597,Decision Tree
5555,Waitlist,0.30769230769230754,Decision Tree
5556,Waitlist,0.30769230769230754,Decision Tree
5558,Waitlist,0.05594405594405592,Decision Tree
5559,Admit,0.6666666666666664,Decision Tree
5560,Waitlist,0.4374999999999996,Decision Tree
5562,Waitlist,0.2799999999999998,Decision Tree
5563,Waitlist,0.4374999999999996,Decision Tree
5564,Waitlist,0.4374999999999996,Decision Tree
5565,Waitlist,0.30769230769230754,Decision Tree
5566,Waitlist,0.05594405594405592,Decision Tree
5568,Waitlist,0.2799999999999998,Decision Tree
5569,Waitlist,0.4374999999999996,Decision Tree
5570,Waitlist,0.34782608695652145,Decision Tree
5571,Waitlist,0.4374999999999996,Decision Tree
5572,Waitlist,0.34545454545454524,Decision Tree
5573,Admit,1.0,Decision Tree
5574,Waitlist,0.30769230769230754,Decision Tree
5575,Waitlist,0.30769230769230754,Decision Tree
5576,Waitlist,0.05594405594405592,Decision Tree
5577,Waitlist,0.3749999999999997,Decision Tree
5578,Admit,1.0,Decision Tree
5579,Waitlist,0.34545454545454524,Decision Tree
5580,Waitlist,0.4374999999999996,Decision Tree
5581,Admit,0.6666666666666664,Decision Tree
5582,Waitlist,0.4374999999999996,Decision Tree
5583,Waitlist,0.21052631578947356,Decision Tree
5584,Waitlist,0.05594405594405592,Decision Tree
5585,Waitlist,0.34782608695652145,Decision Tree
5586,Waitlist,0.4374999999999996,Decision Tree
5587,Waitlist,0.30769230769230754,Decision Tree
5588,Waitlist,0.4374999999999996,Decision Tree
5589,Admit,1.0,Decision Tree
5590,Waitlist,0.05594405594405592,Decision Tree
5592,Waitlist,0.05594405594405592,Decision Tree
5593,Waitlist,0.05594405594405592,Decision Tree
5594,Waitlist,0.4374999999999996,Decision Tree
5595,Waitlist,0.05594405594405592,Decision Tree
5596,Waitlist,0.37931034482758597,Decision Tree
5597,Waitlist,0.34782608695652145,Decision Tree
5598,Waitlist,0.20588235294117638,Decision Tree
5599,Waitlist,0.4807692307692302,Decision Tree
5600,Admit,0.6896551724137931,Decision Tree
5601,Waitlist,0.2799999999999998,Decision Tree
5602,Waitlist,0.34545454545454524,Decision Tree
5603,Waitlist,0.30769230769230754,Decision Tree
5607,Waitlist,0.30769230769230754,Decision Tree
5608,Waitlist,0.30769230769230754,Decision Tree
5609,Waitlist,0.20588235294117638,Decision Tree
5610,Admit,0.7954545454545454,Decision Tree
5611,Waitlist,0.4374999999999996,Decision Tree
5612,Waitlist,0.4374999999999996,Decision Tree
5615,Admit,1.0,Decision Tree
5616,Admit,1.0,Decision Tree
5617,Waitlist,0.30769230769230754,Decision Tree
5618,Waitlist,0.4374999999999996,Decision Tree
5619,Waitlist,0.4374999999999996,Decision Tree
5620,Waitlist,0.05594405594405592,Decision Tree
5621,Waitlist,0.34782608695652145,Decision Tree
5622,Waitlist,0.05594405594405592,Decision Tree
5623,Waitlist,0.2799999999999998,Decision Tree
5624,Waitlist,0.34782608695652145,Decision Tree
5625,Waitlist,0.34782608695652145,Decision Tree
5626,Waitlist,0.34782608695652145,Decision Tree
5627,Admit,0.7954545454545454,Decision Tree
5628,Waitlist,0.3749999999999997,Decision Tree
5629,Admit,1.0,Decision Tree
5630,Waitlist,0.4807692307692302,Decision Tree
5631,Waitlist,0.4374999999999996,Decision Tree
5632,Waitlist,0.34782608695652145,Decision Tree
5633,Waitlist,0.30769230769230754,Decision Tree
5634,Waitlist,0.05594405594405592,Decision Tree
5635,Waitlist,0.4374999999999996,Decision Tree
5636,Waitlist,0.4374999999999996,Decision Tree
5637,Admit,1.0,Decision Tree
5638,Waitlist,0.05594405594405592,Decision Tree
5639,Admit,0.7954545454545454,Decision Tree
5640,Waitlist,0.4374999999999996,Decision Tree
5641,Admit,0.7954545454545454,Decision Tree
5642,Waitlist,0.30769230769230754,Decision Tree
5643,Waitlist,0.2799999999999998,Decision Tree
5645,Admit,1.0,Decision Tree
5646,Waitlist,0.4374999999999996,Decision Tree
5647,Waitlist,0.30769230769230754,Decision Tree
5648,Waitlist,0.45454545454545464,Decision Tree
5649,Admit,0.7272727272727268,Decision Tree
5650,Admit,1.0,Decision Tree
5651,Waitlist,0.4374999999999996,Decision Tree
5652,Waitlist,0.30769230769230754,Decision Tree
5653,Admit,0.7954545454545454,Decision Tree
5656,Admit,0.6785714285714286,Decision Tree
5657,Waitlist,0.30769230769230754,Decision Tree
5658,Waitlist,0.30769230769230754,Decision Tree
5659,Waitlist,0.20588235294117638,Decision Tree
5660,Waitlist,0.4374999999999996,Decision Tree
5661,Waitlist,0.34782608695652145,Decision Tree
5662,Waitlist,0.05594405594405592,Decision Tree
5666,Waitlist,0.4374999999999996,Decision Tree
5667,Waitlist,0.4374999999999996,Decision Tree
5669,Waitlist,0.45454545454545464,Decision Tree
5670,Waitlist,0.34545454545454524,Decision Tree
5671,Waitlist,0.2799999999999998,Decision Tree
5672,Waitlist,0.05594405594405592,Decision Tree
5673,Waitlist,0.05594405594405592,Decision Tree
5674,Waitlist,0.4374999999999996,Decision Tree
5676,Waitlist,0.05594405594405592,Decision Tree
5677,Admit,1.0,Decision Tree
5678,Waitlist,0.30769230769230754,Decision Tree
5680,Waitlist,0.4374999999999996,Decision Tree
5681,Waitlist,0.30769230769230754,Decision Tree
5682,Waitlist,0.30769230769230754,Decision Tree
5683,Waitlist,0.21052631578947356,Decision Tree
5684,Admit,0.7272727272727268,Decision Tree
5685,Waitlist,0.4807692307692302,Decision Tree
5686,Admit,0.6666666666666664,Decision Tree
5687,Waitlist,0.05594405594405592,Decision Tree
5689,Waitlist,0.2799999999999998,Decision Tree
5690,Waitlist,0.34782608695652145,Decision Tree
5691,Admit,0.7954545454545454,Decision Tree
5692,Waitlist,0.34545454545454524,Decision Tree
5693,Waitlist,0.34782608695652145,Decision Tree
5694,Waitlist,0.05594405594405592,Decision Tree
5695,Waitlist,0.4374999999999996,Decision Tree
5696,Waitlist,0.4374999999999996,Decision Tree
5697,Waitlist,0.30769230769230754,Decision Tree
5699,Waitlist,0.30769230769230754,Decision Tree
5700,Waitlist,0.2799999999999998,Decision Tree
5701,Admit,0.7954545454545454,Decision Tree
5702,Waitlist,0.4807692307692302,Decision Tree
5703,Waitlist,0.30769230769230754,Decision Tree
5704,Waitlist,0.20588235294117638,Decision Tree
5705,Admit,1.0,Decision Tree
5707,Waitlist,0.37931034482758597,Decision Tree
5708,Admit,1.0,Decision Tree
5710,Waitlist,0.2799999999999998,Decision Tree
5711,Waitlist,0.05594405594405592,Decision Tree
5712,Waitlist,0.4374999999999996,Decision Tree
5713,Waitlist,0.4807692307692302,Decision Tree
5714,Waitlist,0.05594405594405592,Decision Tree
5715,Waitlist,0.4374999999999996,Decision Tree
5716,Waitlist,0.30769230769230754,Decision Tree
5717,Waitlist,0.34782608695652145,Decision Tree
5718,Waitlist,0.05594405594405592,Decision Tree
5719,Waitlist,0.30769230769230754,Decision Tree
5720,Waitlist,0.4374999999999996,Decision Tree
5721,Waitlist,0.30769230769230754,Decision Tree
5722,Admit,1.0,Decision Tree
5725,Admit,0.6666666666666664,Decision Tree
5726,Waitlist,0.45454545454545464,Decision Tree
5727,Waitlist,0.05594405594405592,Decision Tree
5729,Waitlist,0.30769230769230754,Decision Tree
5730,Waitlist,0.4374999999999996,Decision Tree
5731,Waitlist,0.45454545454545464,Decision Tree
5732,Waitlist,0.4807692307692302,Decision Tree
5733,Admit,0.7272727272727268,Decision Tree
5734,Admit,1.0,Decision Tree
5736,Waitlist,0.4374999999999996,Decision Tree
5737,Waitlist,0.05594405594405592,Decision Tree
5738,Waitlist,0.30769230769230754,Decision Tree
5739,Waitlist,0.30769230769230754,Decision Tree
5740,Waitlist,0.2799999999999998,Decision Tree
5741,Waitlist,0.05594405594405592,Decision Tree
5742,Waitlist,0.05594405594405592,Decision Tree
5743,Waitlist,0.37931034482758597,Decision Tree
5745,Waitlist,0.34782608695652145,Decision Tree
5746,Waitlist,0.34782608695652145,Decision Tree
5747,Waitlist,0.30769230769230754,Decision Tree
5748,Waitlist,0.45454545454545464,Decision Tree
5749,Waitlist,0.05594405594405592,Decision Tree
5750,Waitlist,0.21052631578947356,Decision Tree
5751,Waitlist,0.4374999999999996,Decision Tree
5752,Waitlist,0.30769230769230754,Decision Tree
5753,Waitlist,0.05594405594405592,Decision Tree
5754,Waitlist,0.4374999999999996,Decision Tree
5756,Waitlist,0.2799999999999998,Decision Tree
5757,Admit,1.0,Decision Tree
5758,Waitlist,0.05594405594405592,Decision Tree
5759,Waitlist,0.30769230769230754,Decision Tree
5760,Waitlist,0.4374999999999996,Decision Tree
5762,Waitlist,0.4807692307692302,Decision Tree
5763,Waitlist,0.34782608695652145,Decision Tree
5765,Waitlist,0.30769230769230754,Decision Tree
5766,Waitlist,0.05594405594405592,Decision Tree
5767,Admit,0.7272727272727268,Decision Tree
5769,Waitlist,0.4374999999999996,Decision Tree
5770,Waitlist,0.37931034482758597,Decision Tree
5772,Waitlist,0.30769230769230754,Decision Tree
5773,Waitlist,0.05594405594405592,Decision Tree
5774,Waitlist,0.34782608695652145,Decision Tree
5775,Admit,0.6666666666666664,Decision Tree
5776,Waitlist,0.34782608695652145,Decision Tree
5777,Waitlist,0.4374999999999996,Decision Tree
5778,Waitlist,0.45454545454545464,Decision Tree
5779,Waitlist,0.05594405594405592,Decision Tree
5780,Waitlist,0.3749999999999997,Decision Tree
5781,Waitlist,0.4374999999999996,Decision Tree
5782,Admit,1.0,Decision Tree
5783,Waitlist,0.30769230769230754,Decision Tree
5784,Admit,1.0,Decision Tree
5785,Waitlist,0.20588235294117638,Decision Tree
5786,Waitlist,0.05594405594405592,Decision Tree
5787,Admit,1.0,Decision Tree
5788,Waitlist,0.4374999999999996,Decision Tree
5789,Admit,0.6785714285714286,Decision Tree
5790,Waitlist,0.30769230769230754,Decision Tree
5791,Waitlist,0.34782608695652145,Decision Tree
5793,Waitlist,0.30769230769230754,Decision Tree
5794,Waitlist,0.30769230769230754,Decision Tree
5795,Waitlist,0.34782608695652145,Decision Tree
5797,Waitlist,0.45454545454545464,Decision Tree
5798,Admit,1.0,Decision Tree
5799,Admit,1.0,Decision Tree
5800,Admit,1.0,Decision Tree
5801,Admit,0.6896551724137931,Decision Tree
5803,Admit,0.7692307692307686,Decision Tree
5804,Admit,1.0,Decision Tree
5805,Waitlist,0.30769230769230754,Decision Tree
5806,Waitlist,0.4374999999999996,Decision Tree
5807,Waitlist,0.05594405594405592,Decision Tree
5808,Waitlist,0.4374999999999996,Decision Tree
5809,Admit,1.0,Decision Tree
5810,Waitlist,0.4374999999999996,Decision Tree
5811,Waitlist,0.05594405594405592,Decision Tree
5812,Admit,0.6896551724137931,Decision Tree
5813,Admit,0.6666666666666664,Decision Tree
5814,Admit,1.0,Decision Tree
5815,Waitlist,0.20588235294117638,Decision Tree
5817,Waitlist,0.05594405594405592,Decision Tree
5818,Waitlist,0.05594405594405592,Decision Tree
5820,Waitlist,0.4374999999999996,Decision Tree
5821,Waitlist,0.30769230769230754,Decision Tree
5822,Waitlist,0.05594405594405592,Decision Tree
5824,Admit,0.7692307692307686,Decision Tree
5825,Waitlist,0.4374999999999996,Decision Tree
5826,Admit,0.7692307692307686,Decision Tree
5828,Waitlist,0.4374999999999996,Decision Tree
5829,Waitlist,0.05594405594405592,Decision Tree
5831,Waitlist,0.4374999999999996,Decision Tree
5833,Waitlist,0.4374999999999996,Decision Tree
5834,Waitlist,0.4374999999999996,Decision Tree
5837,Waitlist,0.30769230769230754,Decision Tree
5838,Waitlist,0.2799999999999998,Decision Tree
5839,Admit,0.6666666666666664,Decision Tree
5840,Waitlist,0.4374999999999996,Decision Tree
5841,Waitlist,0.30769230769230754,Decision Tree
5842,Waitlist,0.37931034482758597,Decision Tree
5843,Admit,1.0,Decision Tree
5844,Waitlist,0.2799999999999998,Decision Tree
5845,Admit,0.7954545454545454,Decision Tree
5846,Waitlist,0.37931034482758597,Decision Tree
5847,Waitlist,0.05594405594405592,Decision Tree
5848,Waitlist,0.21052631578947356,Decision Tree
5849,Waitlist,0.4807692307692302,Decision Tree
5852,Waitlist,0.30769230769230754,Decision Tree
5854,Admit,1.0,Decision Tree
5856,Waitlist,0.4374999999999996,Decision Tree
5857,Waitlist,0.05594405594405592,Decision Tree
5858,Waitlist,0.30769230769230754,Decision Tree
5859,Waitlist,0.30769230769230754,Decision Tree
5860,Waitlist,0.4374999999999996,Decision Tree
5861,Waitlist,0.05594405594405592,Decision Tree
5862,Waitlist,0.34545454545454524,Decision Tree
5863,Waitlist,0.4374999999999996,Decision Tree
5864,Waitlist,0.30769230769230754,Decision Tree
5865,Admit,1.0,Decision Tree
5866,Waitlist,0.20588235294117638,Decision Tree
5867,Waitlist,0.4807692307692302,Decision Tree
5870,Admit,1.0,Decision Tree
5871,Waitlist,0.34545454545454524,Decision Tree
5872,Waitlist,0.4807692307692302,Decision Tree
5873,Admit,1.0,Decision Tree
5874,Waitlist,0.4374999999999996,Decision Tree
5875,Admit,1.0,Decision Tree
5876,Waitlist,0.4374999999999996,Decision Tree
5877,Waitlist,0.4807692307692302,Decision Tree
5878,Waitlist,0.4374999999999996,Decision Tree
5879,Waitlist,0.4374999999999996,Decision Tree
5880,Admit,1.0,Decision Tree
5881,Waitlist,0.30769230769230754,Decision Tree
5882,Admit,1.0,Decision Tree
5883,Admit,1.0,Decision Tree
5885,Waitlist,0.05594405594405592,Decision Tree
5886,Waitlist,0.4374999999999996,Decision Tree
5887,Waitlist,0.4807692307692302,Decision Tree
5888,Waitlist,0.4374999999999996,Decision Tree
5889,Waitlist,0.4374999999999996,Decision Tree
5890,Waitlist,0.4374999999999996,Decision Tree
5892,Waitlist,0.30769230769230754,Decision Tree
5893,Waitlist,0.2799999999999998,Decision Tree
5894,Admit,0.6896551724137931,Decision Tree
5895,Waitlist,0.30769230769230754,Decision Tree
5896,Waitlist,0.4374999999999996,Decision Tree
5897,Admit,0.6666666666666664,Decision Tree
5898,Waitlist,0.30769230769230754,Decision Tree
5900,Waitlist,0.2799999999999998,Decision Tree
5901,Waitlist,0.4374999999999996,Decision Tree
5902,Waitlist,0.05594405594405592,Decision Tree
5903,Waitlist,0.4807692307692302,Decision Tree
5904,Waitlist,0.34782608695652145,Decision Tree
5905,Waitlist,0.2799999999999998,Decision Tree
5906,Waitlist,0.2799999999999998,Decision Tree
5907,Admit,1.0,Decision Tree
5908,Waitlist,0.4374999999999996,Decision Tree
5909,Waitlist,0.4374999999999996,Decision Tree
5911,Admit,1.0,Decision Tree
5912,Waitlist,0.30769230769230754,Decision Tree
5913,Waitlist,0.21052631578947356,Decision Tree
5914,Waitlist,0.4374999999999996,Decision Tree
5915,Waitlist,0.4807692307692302,Decision Tree
5916,Admit,1.0,Decision Tree
5917,Waitlist,0.4374999999999996,Decision Tree
5918,Admit,1.0,Decision Tree
5919,Admit,1.0,Decision Tree
5920,Waitlist,0.4807692307692302,Decision Tree
5921,Admit,1.0,Decision Tree
5922,Waitlist,0.4374999999999996,Decision Tree
5923,Waitlist,0.2799999999999998,Decision Tree
5924,Waitlist,0.4374999999999996,Decision Tree
5926,Admit,0.7272727272727268,Decision Tree
5927,Waitlist,0.21052631578947356,Decision Tree
5928,Waitlist,0.30769230769230754,Decision Tree
5929,Waitlist,0.4374999999999996,Decision Tree
5931,Waitlist,0.34782608695652145,Decision Tree
5934,Waitlist,0.05594405594405592,Decision Tree
5935,Waitlist,0.21052631578947356,Decision Tree
5936,Admit,0.7954545454545454,Decision Tree
5937,Admit,1.0,Decision Tree
5938,Admit,1.0,Decision Tree
5939,Waitlist,0.4374999999999996,Decision Tree
5941,Admit,0.7692307692307686,Decision Tree
5942,Admit,0.6666666666666664,Decision Tree
5943,Waitlist,0.4374999999999996,Decision Tree
5944,Waitlist,0.30769230769230754,Decision Tree
5945,Waitlist,0.05594405594405592,Decision Tree
5946,Waitlist,0.30769230769230754,Decision Tree
5947,Waitlist,0.4374999999999996,Decision Tree
5948,Waitlist,0.4374999999999996,Decision Tree
5949,Waitlist,0.2799999999999998,Decision Tree
5950,Waitlist,0.05594405594405592,Decision Tree
5951,Admit,0.6666666666666664,Decision Tree
5952,Waitlist,0.4374999999999996,Decision Tree
5953,Waitlist,0.4374999999999996,Decision Tree
5955,Admit,1.0,Decision Tree
5956,Waitlist,0.05594405594405592,Decision Tree
5957,Waitlist,0.2799999999999998,Decision Tree
5958,Admit,0.7954545454545454,Decision Tree
5959,Waitlist,0.4374999999999996,Decision Tree
5961,Waitlist,0.34545454545454524,Decision Tree
5962,Waitlist,0.4374999999999996,Decision Tree
5963,Waitlist,0.2799999999999998,Decision Tree
5964,Admit,0.7954545454545454,Decision Tree
5965,Waitlist,0.30769230769230754,Decision Tree
5966,Waitlist,0.05594405594405592,Decision Tree
5968,Waitlist,0.4374999999999996,Decision Tree
5969,Waitlist,0.34782608695652145,Decision Tree
5970,Waitlist,0.4374999999999996,Decision Tree
5971,Waitlist,0.4374999999999996,Decision Tree
5972,Admit,1.0,Decision Tree
5973,Waitlist,0.30769230769230754,Decision Tree
5974,Waitlist,0.05594405594405592,Decision Tree
5975,Waitlist,0.30769230769230754,Decision Tree
5976,Waitlist,0.30769230769230754,Decision Tree
5977,Waitlist,0.34782608695652145,Decision Tree
5978,Waitlist,0.4374999999999996,Decision Tree
5979,Waitlist,0.4374999999999996,Decision Tree
5980,Waitlist,0.05594405594405592,Decision Tree
5981,Waitlist,0.2799999999999998,Decision Tree
5982,Waitlist,0.05594405594405592,Decision Tree
5983,Waitlist,0.2799999999999998,Decision Tree
5984,Admit,0.7954545454545454,Decision Tree
5985,Waitlist,0.2799999999999998,Decision Tree
5986,Waitlist,0.2799999999999998,Decision Tree
5987,Waitlist,0.4374999999999996,Decision Tree
5988,Waitlist,0.4374999999999996,Decision Tree
5989,Waitlist,0.4374999999999996,Decision Tree
5990,Waitlist,0.2799999999999998,Decision Tree
5991,Waitlist,0.2799999999999998,Decision Tree
5992,Waitlist,0.05594405594405592,Decision Tree
5994,Waitlist,0.4374999999999996,Decision Tree
5996,Waitlist,0.2799999999999998,Decision Tree
5998,Waitlist,0.30769230769230754,Decision Tree
5999,Admit,0.6666666666666664,Decision Tree
6000,Waitlist,0.05594405594405592,Decision Tree
6001,Waitlist,0.4374999999999996,Decision Tree
6002,Waitlist,0.2799999999999998,Decision Tree
6003,Waitlist,0.37931034482758597,Decision Tree
6004,Waitlist,0.34782608695652145,Decision Tree
6005,Waitlist,0.05594405594405592,Decision Tree
6006,Admit,1.0,Decision Tree
6008,Waitlist,0.05594405594405592,Decision Tree
6009,Waitlist,0.05594405594405592,Decision Tree
6010,Waitlist,0.4374999999999996,Decision Tree
6011,Waitlist,0.4374999999999996,Decision Tree
6012,Waitlist,0.30769230769230754,Decision Tree
6013,Waitlist,0.05594405594405592,Decision Tree
6014,Waitlist,0.05594405594405592,Decision Tree
6015,Admit,1.0,Decision Tree
6016,Waitlist,0.30769230769230754,Decision Tree
6017,Admit,1.0,Decision Tree
6018,Waitlist,0.05594405594405592,Decision Tree
6020,Waitlist,0.4374999999999996,Decision Tree
6021,Waitlist,0.21052631578947356,Decision Tree
6022,Waitlist,0.4374999999999996,Decision Tree
6023,Waitlist,0.2799999999999998,Decision Tree
6024,Admit,1.0,Decision Tree
6025,Waitlist,0.4374999999999996,Decision Tree
6026,Waitlist,0.30769230769230754,Decision Tree
6027,Admit,0.7692307692307686,Decision Tree
6028,Admit,1.0,Decision Tree
6029,Admit,0.6666666666666664,Decision Tree
6030,Waitlist,0.2799999999999998,Decision Tree
6031,Waitlist,0.4374999999999996,Decision Tree
6032,Waitlist,0.05594405594405592,Decision Tree
6034,Waitlist,0.45454545454545464,Decision Tree
6036,Waitlist,0.4374999999999996,Decision Tree
6037,Waitlist,0.21052631578947356,Decision Tree
6038,Admit,0.6785714285714286,Decision Tree
6039,Admit,1.0,Decision Tree
6040,Admit,1.0,Decision Tree
6041,Waitlist,0.05594405594405592,Decision Tree
6042,Admit,0.6785714285714286,Decision Tree
6043,Waitlist,0.4374999999999996,Decision Tree
6044,Waitlist,0.2799999999999998,Decision Tree
6045,Waitlist,0.4807692307692302,Decision Tree
6046,Admit,1.0,Decision Tree
6048,Waitlist,0.4807692307692302,Decision Tree
6049,Waitlist,0.4807692307692302,Decision Tree
6050,Admit,1.0,Decision Tree
6052,Waitlist,0.05594405594405592,Decision Tree
6053,Waitlist,0.4374999999999996,Decision Tree
6054,Waitlist,0.05594405594405592,Decision Tree
6055,Waitlist,0.2799999999999998,Decision Tree
6056,Waitlist,0.2799999999999998,Decision Tree
6057,Waitlist,0.2799999999999998,Decision Tree
6058,Admit,1.0,Decision Tree
6059,Admit,0.6666666666666664,Decision Tree
6060,Waitlist,0.4374999999999996,Decision Tree
6061,Waitlist,0.05594405594405592,Decision Tree
6062,Waitlist,0.4807692307692302,Decision Tree
6063,Waitlist,0.45454545454545464,Decision Tree
6064,Waitlist,0.4374999999999996,Decision Tree
6065,Admit,1.0,Decision Tree
6066,Admit,0.7692307692307686,Decision Tree
6067,Waitlist,0.30769230769230754,Decision Tree
6068,Admit,1.0,Decision Tree
6069,Waitlist,0.4374999999999996,Decision Tree
6070,Waitlist,0.4374999999999996,Decision Tree
6072,Admit,1.0,Decision Tree
6073,Waitlist,0.4374999999999996,Decision Tree
6074,Admit,1.0,Decision Tree
6075,Waitlist,0.05594405594405592,Decision Tree
6076,Admit,1.0,Decision Tree
6077,Waitlist,0.4374999999999996,Decision Tree
6078,Admit,0.6785714285714286,Decision Tree
6079,Waitlist,0.05594405594405592,Decision Tree
6080,Waitlist,0.05594405594405592,Decision Tree
6081,Waitlist,0.4374999999999996,Decision Tree
6082,Waitlist,0.4374999999999996,Decision Tree
6083,Waitlist,0.4374999999999996,Decision Tree
6084,Waitlist,0.4374999999999996,Decision Tree
6085,Waitlist,0.4374999999999996,Decision Tree
6086,Admit,1.0,Decision Tree
6087,Waitlist,0.4374999999999996,Decision Tree
6088,Admit,1.0,Decision Tree
6091,Waitlist,0.3749999999999997,Decision Tree
6092,Waitlist,0.20588235294117638,Decision Tree
6094,Waitlist,0.30769230769230754,Decision Tree
6095,Waitlist,0.4374999999999996,Decision Tree
6096,Admit,1.0,Decision Tree
6097,Waitlist,0.2799999999999998,Decision Tree
6098,Waitlist,0.05594405594405592,Decision Tree
6099,Waitlist,0.30769230769230754,Decision Tree
6100,Waitlist,0.4374999999999996,Decision Tree
6102,Waitlist,0.4374999999999996,Decision Tree
6103,Waitlist,0.4374999999999996,Decision Tree
6105,Waitlist,0.05594405594405592,Decision Tree
6106,Admit,1.0,Decision Tree
6107,Admit,1.0,Decision Tree
6108,Admit,0.6785714285714286,Decision Tree
6109,Waitlist,0.05594405594405592,Decision Tree
6111,Waitlist,0.2799999999999998,Decision Tree
6112,Waitlist,0.30769230769230754,Decision Tree
6113,Waitlist,0.05594405594405592,Decision Tree
6114,Admit,1.0,Decision Tree
6116,Waitlist,0.4374999999999996,Decision Tree
6117,Waitlist,0.4374999999999996,Decision Tree
6119,Admit,0.7954545454545454,Decision Tree
6120,Waitlist,0.05594405594405592,Decision Tree
6121,Waitlist,0.05594405594405592,Decision Tree
6122,Waitlist,0.30769230769230754,Decision Tree
6123,Waitlist,0.4374999999999996,Decision Tree
6124,Waitlist,0.05594405594405592,Decision Tree
6125,Admit,1.0,Decision Tree
6126,Admit,1.0,Decision Tree
6128,Waitlist,0.30769230769230754,Decision Tree
6129,Waitlist,0.4374999999999996,Decision Tree
6130,Waitlist,0.05594405594405592,Decision Tree
6131,Waitlist,0.2799999999999998,Decision Tree
6132,Waitlist,0.4374999999999996,Decision Tree
6133,Waitlist,0.05594405594405592,Decision Tree
6134,Waitlist,0.30769230769230754,Decision Tree
6135,Waitlist,0.30769230769230754,Decision Tree
6136,Waitlist,0.34782608695652145,Decision Tree
6137,Waitlist,0.34545454545454524,Decision Tree
6139,Waitlist,0.2799999999999998,Decision Tree
6140,Waitlist,0.05594405594405592,Decision Tree
6141,Waitlist,0.4807692307692302,Decision Tree
6142,Admit,1.0,Decision Tree
6143,Admit,1.0,Decision Tree
6144,Waitlist,0.4374999999999996,Decision Tree
6145,Waitlist,0.4374999999999996,Decision Tree
6146,Admit,1.0,Decision Tree
6147,Waitlist,0.05594405594405592,Decision Tree
6148,Waitlist,0.30769230769230754,Decision Tree
6149,Waitlist,0.45454545454545464,Decision Tree
6150,Waitlist,0.30769230769230754,Decision Tree
6152,Waitlist,0.4374999999999996,Decision Tree
6154,Waitlist,0.4374999999999996,Decision Tree
6155,Admit,1.0,Decision Tree
6156,Admit,1.0,Decision Tree
6157,Waitlist,0.30769230769230754,Decision Tree
6158,Waitlist,0.4374999999999996,Decision Tree
6159,Waitlist,0.05594405594405592,Decision Tree
6160,Waitlist,0.4374999999999996,Decision Tree
6161,Waitlist,0.4374999999999996,Decision Tree
6162,Waitlist,0.05594405594405592,Decision Tree
6163,Waitlist,0.4374999999999996,Decision Tree
6164,Waitlist,0.05594405594405592,Decision Tree
6165,Waitlist,0.4374999999999996,Decision Tree
6166,Admit,1.0,Decision Tree
6167,Waitlist,0.4374999999999996,Decision Tree
6168,Waitlist,0.4374999999999996,Decision Tree
6170,Waitlist,0.05594405594405592,Decision Tree
6171,Waitlist,0.30769230769230754,Decision Tree
6172,Waitlist,0.05594405594405592,Decision Tree
6173,Waitlist,0.05594405594405592,Decision Tree
6174,Admit,1.0,Decision Tree
6175,Admit,0.7272727272727268,Decision Tree
6177,Waitlist,0.2799999999999998,Decision Tree
6179,Waitlist,0.05594405594405592,Decision Tree
6180,Waitlist,0.30769230769230754,Decision Tree
6181,Waitlist,0.4374999999999996,Decision Tree
6182,Admit,1.0,Decision Tree
6183,Waitlist,0.4374999999999996,Decision Tree
6184,Waitlist,0.34545454545454524,Decision Tree
6185,Waitlist,0.4374999999999996,Decision Tree
6186,Waitlist,0.21052631578947356,Decision Tree
6187,Waitlist,0.4374999999999996,Decision Tree
6188,Waitlist,0.30769230769230754,Decision Tree
6189,Waitlist,0.05594405594405592,Decision Tree
6190,Waitlist,0.05594405594405592,Decision Tree
6191,Waitlist,0.21052631578947356,Decision Tree
6193,Waitlist,0.4374999999999996,Decision Tree
6194,Waitlist,0.05594405594405592,Decision Tree
